t,width,height,point_step,row_step,is_dense,data_len
0.01201629638671875,3764,1,48,180672,True,180672
0.09051322937011719,3620,1,48,173760,True,173760
0.17219018936157227,3855,1,48,185040,True,185040
0.2947061061859131,3738,1,48,179424,True,179424
0.3759281635284424,3770,1,48,180960,True,180960
0.47814035415649414,3711,1,48,178128,True,178128
0.5879747867584229,3739,1,48,179472,True,179472
0.6860809326171875,3795,1,48,182160,True,182160
0.7810397148132324,3757,1,48,180336,True,180336
0.8727450370788574,3752,1,48,180096,True,180096
0.9869873523712158,3721,1,48,178608,True,178608
1.081383466720581,3752,1,48,180096,True,180096
1.174320936203003,3593,1,48,172464,True,172464
1.2758774757385254,3888,1,48,186624,True,186624
1.3741061687469482,3727,1,48,178896,True,178896
1.4882845878601074,3779,1,48,181392,True,181392
1.5736989974975586,3653,1,48,175344,True,175344
1.6769623756408691,3810,1,48,182880,True,182880
1.7730565071105957,3770,1,48,180960,True,180960
1.8782131671905518,3733,1,48,179184,True,179184
1.9733192920684814,3735,1,48,179280,True,179280
2.0728728771209717,3799,1,48,182352,True,182352
2.186197280883789,3735,1,48,179280,True,179280
2.2747087478637695,3703,1,48,177744,True,177744
2.3762001991271973,3814,1,48,183072,True,183072
2.476804494857788,3787,1,48,181776,True,181776
2.57588791847229,3702,1,48,177696,True,177696
2.6830592155456543,3719,1,48,178512,True,178512
2.772313356399536,3847,1,48,184656,True,184656
2.884050130844116,3761,1,48,180528,True,180528
2.9735617637634277,3722,1,48,178656,True,178656
3.075770854949951,3777,1,48,181296,True,181296
3.1725914478302,3763,1,48,180624,True,180624
3.2580978870391846,3523,1,48,169104,True,169104
3.3742053508758545,3963,1,48,190224,True,190224
3.4739432334899902,3738,1,48,179424,True,179424
3.5809974670410156,3612,1,48,173376,True,173376
3.678596019744873,3858,1,48,185184,True,185184
3.7728898525238037,3784,1,48,181632,True,181632
3.8826727867126465,3775,1,48,181200,True,181200
3.979297637939453,3735,1,48,179280,True,179280
4.078941822052002,3764,1,48,180672,True,180672
4.178450584411621,3729,1,48,178992,True,178992
4.2743165493011475,3771,1,48,181008,True,181008
4.375800132751465,3724,1,48,178752,True,178752
4.477160692214966,3742,1,48,179616,True,179616
4.579559803009033,3715,1,48,178320,True,178320
4.672048807144165,3724,1,48,178752,True,178752
4.773761987686157,3512,1,48,168576,True,168576
4.874188184738159,4063,1,48,195024,True,195024
4.978294849395752,3594,1,48,172512,True,172512
5.080071210861206,3890,1,48,186720,True,186720
5.177483797073364,3734,1,48,179232,True,179232
5.275105237960815,3784,1,48,181632,True,181632
5.377187013626099,3747,1,48,179856,True,179856
5.480986595153809,3723,1,48,178704,True,178704
5.572521686553955,3768,1,48,180864,True,180864
5.680068492889404,3697,1,48,177456,True,177456
5.780806064605713,3776,1,48,181248,True,181248
5.8765647411346436,3635,1,48,174480,True,174480
5.97391152381897,3854,1,48,184992,True,184992
6.074645757675171,3728,1,48,178944,True,178944
6.1757330894470215,3769,1,48,180912,True,180912
6.278636693954468,3753,1,48,180144,True,180144
6.374340534210205,3687,1,48,176976,True,176976
6.475378751754761,3730,1,48,179040,True,179040
6.5775744915008545,3735,1,48,179280,True,179280
6.680658340454102,3786,1,48,181728,True,181728
6.773740291595459,3745,1,48,179760,True,179760
6.872648000717163,3746,1,48,179808,True,179808
6.976010084152222,3758,1,48,180384,True,180384
7.07691764831543,3748,1,48,179904,True,179904
7.189213514328003,3547,1,48,170256,True,170256
7.2715301513671875,3929,1,48,188592,True,188592
7.374260663986206,3750,1,48,180000,True,180000
7.472257137298584,3698,1,48,177504,True,177504
7.5787365436553955,3763,1,48,180624,True,180624
7.67756986618042,3772,1,48,181056,True,181056
7.772093296051025,3711,1,48,178128,True,178128
7.882333755493164,3575,1,48,171600,True,171600
7.973333120346069,3902,1,48,187296,True,187296
8.07703685760498,3786,1,48,181728,True,181728
8.178934097290039,3705,1,48,177840,True,177840
8.275186538696289,3737,1,48,179376,True,179376
8.37942886352539,3777,1,48,181296,True,181296
8.479814052581787,3652,1,48,175296,True,175296
8.572484493255615,3834,1,48,184032,True,184032
8.677813053131104,3786,1,48,181728,True,181728
8.776090145111084,3767,1,48,180816,True,180816
8.874179601669312,3767,1,48,180816,True,180816
8.979749917984009,3799,1,48,182352,True,182352
9.075637817382812,3769,1,48,180912,True,180912
9.176478147506714,3749,1,48,179952,True,179952
9.272783517837524,3751,1,48,180048,True,180048
9.375847578048706,3824,1,48,183552,True,183552
9.484159231185913,3704,1,48,177792,True,177792
9.582595109939575,3569,1,48,171312,True,171312
9.67357587814331,3493,1,48,167664,True,167664
9.774762868881226,3507,1,48,168336,True,168336
9.87166976928711,3577,1,48,171696,True,171696
9.976482391357422,3642,1,48,174816,True,174816
10.084746837615967,3630,1,48,174240,True,174240
10.180179595947266,3644,1,48,174912,True,174912
10.274495363235474,3657,1,48,175536,True,175536
10.37892198562622,3614,1,48,173472,True,173472
10.474631786346436,3666,1,48,175968,True,175968
10.574382305145264,3597,1,48,172656,True,172656
10.674338102340698,3632,1,48,174336,True,174336
10.77440857887268,3602,1,48,172896,True,172896
10.885926246643066,3563,1,48,171024,True,171024
10.97505497932434,3517,1,48,168816,True,168816
11.083998441696167,3499,1,48,167952,True,167952
11.174209356307983,3496,1,48,167808,True,167808
11.275169849395752,3484,1,48,167232,True,167232
11.375301361083984,3514,1,48,168672,True,168672
11.474881172180176,3431,1,48,164688,True,164688
11.575597047805786,3472,1,48,166656,True,166656
11.681102514266968,3412,1,48,163776,True,163776
11.77356243133545,3377,1,48,162096,True,162096
11.877424240112305,3313,1,48,159024,True,159024
11.973066329956055,3331,1,48,159888,True,159888
12.075194597244263,3355,1,48,161040,True,161040
12.18732237815857,3424,1,48,164352,True,164352
12.272595405578613,3368,1,48,161664,True,161664
12.375531435012817,3400,1,48,163200,True,163200
12.46062684059143,3343,1,48,160464,True,160464
12.574491739273071,3509,1,48,168432,True,168432
12.678289651870728,3350,1,48,160800,True,160800
12.775132179260254,3371,1,48,161808,True,161808
12.874826669692993,3427,1,48,164496,True,164496
12.976163387298584,3386,1,48,162528,True,162528
13.076494932174683,3389,1,48,162672,True,162672
13.173832893371582,3414,1,48,163872,True,163872
13.278265714645386,3382,1,48,162336,True,162336
13.376929998397827,3383,1,48,162384,True,162384
13.472858428955078,3413,1,48,163824,True,163824
13.582475185394287,3372,1,48,161856,True,161856
13.673801183700562,3369,1,48,161712,True,161712
13.78788709640503,3312,1,48,158976,True,158976
13.872877836227417,3422,1,48,164256,True,164256
13.974543571472168,3351,1,48,160848,True,160848
14.073378801345825,3347,1,48,160656,True,160656
14.172582387924194,3368,1,48,161664,True,161664
14.277765274047852,3387,1,48,162576,True,162576
14.379910707473755,3398,1,48,163104,True,163104
14.47405219078064,3447,1,48,165456,True,165456
14.573074102401733,3420,1,48,164160,True,164160
14.683159589767456,3418,1,48,164064,True,164064
14.774662733078003,3417,1,48,164016,True,164016
14.87678050994873,3428,1,48,164544,True,164544
14.984511852264404,3427,1,48,164496,True,164496
15.076967477798462,3414,1,48,163872,True,163872
15.183382749557495,3432,1,48,164736,True,164736
15.274282455444336,3422,1,48,164256,True,164256
15.378393173217773,3456,1,48,165888,True,165888
15.482578992843628,3395,1,48,162960,True,162960
15.574049949645996,3442,1,48,165216,True,165216
15.686678171157837,3436,1,48,164928,True,164928
15.774991035461426,3406,1,48,163488,True,163488
15.87920355796814,3411,1,48,163728,True,163728
15.989624500274658,3383,1,48,162384,True,162384
16.074586629867554,3385,1,48,162480,True,162480
16.17708921432495,3420,1,48,164160,True,164160
16.272972345352173,3456,1,48,165888,True,165888
16.380711793899536,3440,1,48,165120,True,165120
16.476356267929077,3384,1,48,162432,True,162432
16.583089113235474,3355,1,48,161040,True,161040
16.67368245124817,3477,1,48,166896,True,166896
16.77577304840088,3501,1,48,168048,True,168048
16.879289865493774,3508,1,48,168384,True,168384
16.976312398910522,3623,1,48,173904,True,173904
17.082844495773315,3648,1,48,175104,True,175104
17.178636074066162,3637,1,48,174576,True,174576
17.27556848526001,3618,1,48,173664,True,173664
17.37571954727173,3563,1,48,171024,True,171024
17.481709718704224,3463,1,48,166224,True,166224
17.574546575546265,3471,1,48,166608,True,166608
17.6797456741333,3451,1,48,165648,True,165648
17.778711795806885,3525,1,48,169200,True,169200
17.87686514854431,3535,1,48,169680,True,169680
17.98541283607483,3569,1,48,171312,True,171312
18.067262649536133,3682,1,48,176736,True,176736
18.174519538879395,3701,1,48,177648,True,177648
18.28430199623108,3666,1,48,175968,True,175968
18.366438388824463,3617,1,48,173616,True,173616
18.477158784866333,3858,1,48,185184,True,185184
18.576664447784424,3767,1,48,180816,True,180816
18.676459312438965,3801,1,48,182448,True,182448
18.777241468429565,3821,1,48,183408,True,183408
18.8808696269989,3832,1,48,183936,True,183936
18.982433795928955,3979,1,48,190992,True,190992
19.07748818397522,3994,1,48,191712,True,191712
19.177645206451416,3965,1,48,190320,True,190320
19.277174949645996,3968,1,48,190464,True,190464
19.378182649612427,4010,1,48,192480,True,192480
19.481622219085693,3966,1,48,190368,True,190368
19.590039253234863,4035,1,48,193680,True,193680
19.662017583847046,4038,1,48,193824,True,193824
19.781245470046997,4102,1,48,196896,True,196896
19.879573822021484,4245,1,48,203760,True,203760
19.979207515716553,4286,1,48,205728,True,205728
20.078609228134155,4354,1,48,208992,True,208992
20.18201780319214,4479,1,48,214992,True,214992
20.280511379241943,4463,1,48,214224,True,214224
20.38493013381958,4429,1,48,212592,True,212592
20.4887797832489,4436,1,48,212928,True,212928
20.581225633621216,4436,1,48,212928,True,212928
20.661783695220947,4481,1,48,215088,True,215088
20.76717185974121,4457,1,48,213936,True,213936
20.880240440368652,4535,1,48,217680,True,217680
20.96274185180664,4621,1,48,221808,True,221808
21.08112144470215,4660,1,48,223680,True,223680
21.18777084350586,4564,1,48,219072,True,219072
21.285619974136353,4663,1,48,223824,True,223824
21.380170106887817,4676,1,48,224448,True,224448
21.488855838775635,4858,1,48,233184,True,233184
21.582475900650024,4936,1,48,236928,True,236928
21.681817293167114,4941,1,48,237168,True,237168
21.77777647972107,5006,1,48,240288,True,240288
21.890519380569458,5058,1,48,242784,True,242784
21.982272386550903,5000,1,48,240000,True,240000
22.06462049484253,5036,1,48,241728,True,241728
22.181803464889526,5057,1,48,242736,True,242736
22.291337490081787,5043,1,48,242064,True,242064
22.388182163238525,5040,1,48,241920,True,241920
22.463492393493652,5056,1,48,242688,True,242688
22.582574605941772,5159,1,48,247632,True,247632
22.687437772750854,5089,1,48,244272,True,244272
22.792285442352295,5106,1,48,245088,True,245088
22.863418579101562,5096,1,48,244608,True,244608
22.98222780227661,5154,1,48,247392,True,247392
23.06311345100403,5193,1,48,249264,True,249264
23.162790536880493,5099,1,48,244752,True,244752
23.26984715461731,5031,1,48,241488,True,241488
23.387640237808228,5254,1,48,252192,True,252192
23.4858500957489,5103,1,48,244944,True,244944
23.56474733352661,5136,1,48,246528,True,246528
23.663724184036255,5101,1,48,244848,True,244848
23.784278869628906,5089,1,48,244272,True,244272
23.883832693099976,5082,1,48,243936,True,243936
23.982171773910522,5056,1,48,242688,True,242688
24.089085817337036,5088,1,48,244224,True,244224
24.195908546447754,5182,1,48,248736,True,248736
24.264493703842163,5217,1,48,250416,True,250416
24.365746021270752,5308,1,48,254784,True,254784
24.49211573600769,5365,1,48,257520,True,257520
24.589809894561768,5383,1,48,258384,True,258384
24.69558835029602,5471,1,48,262608,True,262608
24.78785014152527,5439,1,48,261072,True,261072
24.88650941848755,5408,1,48,259584,True,259584
24.96818232536316,5466,1,48,262368,True,262368
25.067522048950195,5390,1,48,258720,True,258720
25.194228649139404,5517,1,48,264816,True,264816
25.287142992019653,5413,1,48,259824,True,259824
25.36946964263916,5438,1,48,261024,True,261024
25.470865488052368,5410,1,48,259680,True,259680
25.596882820129395,5398,1,48,259104,True,259104
25.677037000656128,5419,1,48,260112,True,260112
25.77584409713745,5436,1,48,260928,True,260928
25.880892992019653,5465,1,48,262320,True,262320
25.986267566680908,5527,1,48,265296,True,265296
26.06912088394165,5508,1,48,264384,True,264384
26.18765616416931,5761,1,48,276528,True,276528
26.2695631980896,5708,1,48,273984,True,273984
26.388850212097168,5735,1,48,275280,True,275280
26.46834111213684,5771,1,48,277008,True,277008
26.569887399673462,5758,1,48,276384,True,276384
26.68918490409851,5788,1,48,277824,True,277824
26.770475149154663,5789,1,48,277872,True,277872
26.87013578414917,5751,1,48,276048,True,276048
26.98826026916504,5793,1,48,278064,True,278064
27.088685750961304,5730,1,48,275040,True,275040
27.169416666030884,6017,1,48,288816,True,288816
27.27129864692688,5919,1,48,284112,True,284112
27.37178921699524,5988,1,48,287424,True,287424
27.475621700286865,5962,1,48,286176,True,286176
27.58964443206787,6084,1,48,292032,True,292032
27.683053970336914,6049,1,48,290352,True,290352
27.779917001724243,6156,1,48,295488,True,295488
27.867968559265137,6142,1,48,294816,True,294816
27.971980571746826,6182,1,48,296736,True,296736
28.068732738494873,6077,1,48,291696,True,291696
28.182319164276123,6237,1,48,299376,True,299376
28.26899290084839,6176,1,48,296448,True,296448
28.370753288269043,6193,1,48,297264,True,297264
28.46783757209778,6173,1,48,296304,True,296304
28.578018188476562,6181,1,48,296688,True,296688
28.684393644332886,6093,1,48,292464,True,292464
28.778923749923706,6282,1,48,301536,True,301536
28.86980700492859,6150,1,48,295200,True,295200
28.970160484313965,6205,1,48,297840,True,297840
29.07095456123352,6136,1,48,294528,True,294528
29.169400691986084,6273,1,48,301104,True,301104
29.27012825012207,6165,1,48,295920,True,295920
29.370628118515015,6195,1,48,297360,True,297360
29.471608877182007,6208,1,48,297984,True,297984
29.568535566329956,6159,1,48,295632,True,295632
29.677150011062622,6176,1,48,296448,True,296448
29.769373178482056,6214,1,48,298272,True,298272
29.870375394821167,6163,1,48,295824,True,295824
29.97704577445984,6205,1,48,297840,True,297840
30.07059359550476,6152,1,48,295296,True,295296
30.169450283050537,6207,1,48,297936,True,297936
30.271816968917847,6194,1,48,297312,True,297312
30.370437383651733,6171,1,48,296208,True,296208
30.47451114654541,6203,1,48,297744,True,297744
30.57709288597107,6197,1,48,297456,True,297456
30.692625045776367,6220,1,48,298560,True,298560
30.770000457763672,6184,1,48,296832,True,296832
30.868853092193604,6232,1,48,299136,True,299136
30.97040557861328,6135,1,48,294480,True,294480
31.072319507598877,6180,1,48,296640,True,296640
31.18105459213257,6200,1,48,297600,True,297600
31.281064987182617,6199,1,48,297552,True,297552
31.371500492095947,6218,1,48,298464,True,298464
31.4796462059021,6243,1,48,299664,True,299664
31.57404589653015,6184,1,48,296832,True,296832
31.669498682022095,6172,1,48,296256,True,296256
31.77199935913086,6216,1,48,298368,True,298368
31.88263726234436,6179,1,48,296592,True,296592
31.97235417366028,6205,1,48,297840,True,297840
32.07037806510925,6170,1,48,296160,True,296160
32.17429041862488,6172,1,48,296256,True,296256
32.291751861572266,5878,1,48,282144,True,282144
32.37117576599121,6524,1,48,313152,True,313152
32.47033977508545,6195,1,48,297360,True,297360
32.57333016395569,6197,1,48,297456,True,297456
32.67313766479492,6179,1,48,296592,True,296592
32.79184889793396,6168,1,48,296064,True,296064
32.90893030166626,6236,1,48,299328,True,299328
32.97352981567383,6194,1,48,297312,True,297312
33.069739818573,6199,1,48,297552,True,297552
33.16969132423401,6220,1,48,298560,True,298560
33.27135968208313,6166,1,48,295968,True,295968
33.37137150764465,6211,1,48,298128,True,298128
33.481645822525024,6188,1,48,297024,True,297024
33.58167505264282,6180,1,48,296640,True,296640
33.67167115211487,6199,1,48,297552,True,297552
33.77378606796265,6189,1,48,297072,True,297072
33.870606899261475,6212,1,48,298176,True,298176
33.97029113769531,6218,1,48,298464,True,298464
34.07558083534241,6178,1,48,296544,True,296544
34.173407793045044,6175,1,48,296400,True,296400
34.280325174331665,6206,1,48,297888,True,297888
34.37042737007141,6164,1,48,295872,True,295872
34.47053408622742,6197,1,48,297456,True,297456
34.59746050834656,5971,1,48,286608,True,286608
34.67360758781433,6422,1,48,308256,True,308256
34.771655559539795,6187,1,48,296976,True,296976
34.87659764289856,6199,1,48,297552,True,297552
34.9710476398468,6204,1,48,297792,True,297792
35.08032965660095,6171,1,48,296208,True,296208
35.17075562477112,6199,1,48,297552,True,297552
35.272897481918335,6191,1,48,297168,True,297168
35.38128209114075,5898,1,48,283104,True,283104
35.47380614280701,6466,1,48,310368,True,310368
35.57969665527344,6208,1,48,297984,True,297984
35.67248487472534,6181,1,48,296688,True,296688
35.78439950942993,6177,1,48,296496,True,296496
35.871989727020264,6176,1,48,296448,True,296448
35.97378134727478,6223,1,48,298704,True,298704
36.082627296447754,6166,1,48,295968,True,295968
36.17091178894043,6200,1,48,297600,True,297600
36.28292894363403,6212,1,48,298176,True,298176
36.381441831588745,6205,1,48,297840,True,297840
36.47164511680603,6172,1,48,296256,True,296256
36.580045223236084,6142,1,48,294816,True,294816
36.67086410522461,6223,1,48,298704,True,298704
36.785377502441406,6200,1,48,297600,True,297600
36.8710150718689,6168,1,48,296064,True,296064
36.97715711593628,6183,1,48,296784,True,296784
37.092878103256226,6132,1,48,294336,True,294336
37.17248010635376,6274,1,48,301152,True,301152
37.27292442321777,6169,1,48,296112,True,296112
37.371373414993286,6218,1,48,298464,True,298464
37.478318214416504,6173,1,48,296304,True,296304
37.57244396209717,6178,1,48,296544,True,296544
37.67090654373169,6225,1,48,298800,True,298800
37.78532361984253,5980,1,48,287040,True,287040
37.8718945980072,6394,1,48,306912,True,306912
37.972744941711426,6197,1,48,297456,True,297456
38.07519769668579,6225,1,48,298800,True,298800
38.169034242630005,6168,1,48,296064,True,296064
38.280367374420166,6201,1,48,297648,True,297648
38.371484994888306,6199,1,48,297552,True,297552
38.47412419319153,6205,1,48,297840,True,297840
38.58100080490112,6188,1,48,297024,True,297024
38.677302837371826,5951,1,48,285648,True,285648
38.773438930511475,6409,1,48,307632,True,307632
38.87082314491272,6205,1,48,297840,True,297840
38.97227430343628,6190,1,48,297120,True,297120
39.078983306884766,6199,1,48,297552,True,297552
39.17859220504761,6205,1,48,297840,True,297840
39.269712686538696,6179,1,48,296592,True,296592
39.38300132751465,6180,1,48,296640,True,296640
39.49764800071716,6064,1,48,291072,True,291072
39.57433557510376,6347,1,48,304656,True,304656
39.67188358306885,6201,1,48,297648,True,297648
39.79169821739197,6173,1,48,296304,True,296304
39.89259219169617,5878,1,48,282144,True,282144
39.972458600997925,6505,1,48,312240,True,312240
40.07248020172119,6195,1,48,297360,True,297360
40.17954206466675,6213,1,48,298224,True,298224
40.297083139419556,6181,1,48,296688,True,296688
40.372496128082275,6180,1,48,296640,True,296640
40.47144913673401,6225,1,48,298800,True,298800
40.57185387611389,6159,1,48,295632,True,295632
40.673072814941406,6192,1,48,297216,True,297216
40.785696506500244,6198,1,48,297504,True,297504
40.871456146240234,6211,1,48,298128,True,298128
40.988813400268555,6199,1,48,297552,True,297552
41.07503294944763,6220,1,48,298560,True,298560
41.18503999710083,6197,1,48,297456,True,297456
41.27154350280762,6248,1,48,299904,True,299904
41.37380051612854,6229,1,48,298992,True,298992
41.4796679019928,6189,1,48,297072,True,297072
41.57269620895386,6087,1,48,292176,True,292176
41.66939115524292,6357,1,48,305136,True,305136
41.770440340042114,6270,1,48,300960,True,300960
41.876792192459106,6199,1,48,297552,True,297552
41.98828077316284,6219,1,48,298512,True,298512
42.106714487075806,6225,1,48,298800,True,298800
42.16943907737732,6229,1,48,298992,True,298992
42.29911947250366,6219,1,48,298512,True,298512
42.38921022415161,6097,1,48,292656,True,292656
42.48764204978943,6343,1,48,304464,True,304464
42.586408376693726,6206,1,48,297888,True,297888
42.70237946510315,6191,1,48,297168,True,297168
42.788965463638306,6302,1,48,302496,True,302496
42.893393754959106,6196,1,48,297408,True,297408
42.98613953590393,6224,1,48,298752,True,298752
43.08533525466919,6237,1,48,299376,True,299376
43.19321012496948,6220,1,48,298560,True,298560
43.28343653678894,6236,1,48,299328,True,299328
43.38610529899597,6187,1,48,296976,True,296976
43.48271369934082,6161,1,48,295728,True,295728
43.58227825164795,6257,1,48,300336,True,300336
43.68758821487427,6219,1,48,298512,True,298512
43.78070306777954,6250,1,48,300000,True,300000
43.8910448551178,5957,1,48,285936,True,285936
43.982750415802,6407,1,48,307536,True,307536
44.082717418670654,6265,1,48,300720,True,300720
44.187504529953,6233,1,48,299184,True,299184
44.280056953430176,6233,1,48,299184,True,299184
44.3804612159729,6191,1,48,297168,True,297168
44.48370409011841,6225,1,48,298800,True,298800
44.578773021698,6255,1,48,300240,True,300240
44.68683171272278,6200,1,48,297600,True,297600
44.77997899055481,6224,1,48,298752,True,298752
44.878174781799316,6231,1,48,299088,True,299088
44.97662329673767,6182,1,48,296736,True,296736
45.08269143104553,6075,1,48,291600,True,291600
45.17743468284607,6381,1,48,306288,True,306288
45.28729557991028,6229,1,48,298992,True,298992
45.377257108688354,6225,1,48,298800,True,298800
45.47467017173767,6184,1,48,296832,True,296832
45.57312226295471,6246,1,48,299808,True,299808
45.67917466163635,6228,1,48,298944,True,298944
45.77875065803528,6195,1,48,297360,True,297360
45.8735237121582,6216,1,48,298368,True,298368
45.97523617744446,6203,1,48,297744,True,297744
46.0725154876709,6220,1,48,298560,True,298560
46.17298197746277,6236,1,48,299328,True,299328
46.27682614326477,6201,1,48,297648,True,297648
46.371864557266235,6215,1,48,298320,True,298320
46.47244095802307,6188,1,48,297024,True,297024
46.57729911804199,6175,1,48,296400,True,296400
46.70021724700928,6169,1,48,296112,True,296112
46.77606225013733,6326,1,48,303648,True,303648
46.877037048339844,6208,1,48,297984,True,297984
46.96953296661377,6222,1,48,298656,True,298656
47.07250690460205,6158,1,48,295584,True,295584
47.16872501373291,6247,1,48,299856,True,299856
47.29247570037842,6243,1,48,299664,True,299664
47.37928366661072,6169,1,48,296112,True,296112
47.48838472366333,6235,1,48,299280,True,299280
47.58716034889221,6153,1,48,295344,True,295344
47.68612861633301,6265,1,48,300720,True,300720
47.7868492603302,6225,1,48,298800,True,298800
47.8874409198761,6246,1,48,299808,True,299808
47.987937450408936,6223,1,48,298704,True,298704
48.08478379249573,6185,1,48,296880,True,296880
48.18309473991394,6153,1,48,295344,True,295344
48.28625798225403,6265,1,48,300720,True,300720
48.383737564086914,6263,1,48,300624,True,300624
48.484259366989136,6222,1,48,298656,True,298656
48.58202648162842,6206,1,48,297888,True,297888
48.699737548828125,6221,1,48,298608,True,298608
48.78289842605591,6161,1,48,295728,True,295728
48.88021516799927,6219,1,48,298512,True,298512
48.99625301361084,6199,1,48,297552,True,297552
49.082439661026,6244,1,48,299712,True,299712
49.18040060997009,6199,1,48,297552,True,297552
49.27969717979431,6177,1,48,296496,True,296496
49.389697790145874,6192,1,48,297216,True,297216
49.481855154037476,6178,1,48,296544,True,296544
49.580223083496094,6294,1,48,302112,True,302112
49.67912745475769,6210,1,48,298080,True,298080
49.7697172164917,6232,1,48,299136,True,299136
49.87437200546265,6168,1,48,296064,True,296064
49.970757246017456,6223,1,48,298704,True,298704
50.086503744125366,6196,1,48,297408,True,297408
50.17000102996826,6269,1,48,300912,True,300912
50.26794958114624,6201,1,48,297648,True,297648
50.37106108665466,6226,1,48,298848,True,298848
50.47341775894165,6165,1,48,295920,True,295920
50.570472955703735,6215,1,48,298320,True,298320
50.66944694519043,6192,1,48,297216,True,297216
50.788705348968506,6229,1,48,298992,True,298992
50.872440814971924,6223,1,48,298704,True,298704
50.969589710235596,6213,1,48,298224,True,298224
51.06782793998718,6211,1,48,298128,True,298128
51.17047715187073,6223,1,48,298704,True,298704
51.274476051330566,6209,1,48,298032,True,298032
51.3783016204834,6248,1,48,299904,True,299904
51.47857189178467,6226,1,48,298848,True,298848
51.57005977630615,6176,1,48,296448,True,296448
51.67655873298645,6199,1,48,297552,True,297552
51.769296169281006,6192,1,48,297216,True,297216
51.87454843521118,6205,1,48,297840,True,297840
51.97905135154724,6236,1,48,299328,True,299328
52.068602323532104,6210,1,48,298080,True,298080
52.18375563621521,6116,1,48,293568,True,293568
52.27066659927368,6277,1,48,301296,True,301296
52.37161588668823,6219,1,48,298512,True,298512
52.485100507736206,6211,1,48,298128,True,298128
52.56943440437317,6262,1,48,300576,True,300576
52.672300815582275,6220,1,48,298560,True,298560
52.7884955406189,6181,1,48,296688,True,296688
52.89560270309448,6200,1,48,297600,True,297600
52.970901012420654,6172,1,48,296256,True,296256
53.068891286849976,6188,1,48,297024,True,297024
53.17121362686157,6256,1,48,300288,True,300288
53.2699921131134,6193,1,48,297264,True,297264
53.37032604217529,6218,1,48,298464,True,298464
53.46800494194031,6259,1,48,300432,True,300432
53.568578243255615,6189,1,48,297072,True,297072
53.67044687271118,6187,1,48,296976,True,296976
53.771915912628174,6211,1,48,298128,True,298128
53.86969017982483,6261,1,48,300528,True,300528
53.96943640708923,6212,1,48,298176,True,298176
54.0719850063324,6214,1,48,298272,True,298272
54.16953659057617,6203,1,48,297744,True,297744
54.268855810165405,6209,1,48,298032,True,298032
54.368797063827515,6224,1,48,298752,True,298752
54.470603227615356,6223,1,48,298704,True,298704
54.56835126876831,6244,1,48,299712,True,299712
54.66867470741272,6170,1,48,296160,True,296160
54.771116733551025,6232,1,48,299136,True,299136
54.8701274394989,6207,1,48,297936,True,297936
54.96878361701965,6209,1,48,298032,True,298032
55.06854200363159,6237,1,48,299376,True,299376
55.170121908187866,6277,1,48,301296,True,301296
55.27086067199707,6229,1,48,298992,True,298992
55.36967158317566,6188,1,48,297024,True,297024
55.470720529556274,6206,1,48,297888,True,297888
55.57026672363281,6189,1,48,297072,True,297072
55.66957640647888,6207,1,48,297936,True,297936
55.769070625305176,6177,1,48,296496,True,296496
55.86921739578247,6239,1,48,299472,True,299472
55.96832013130188,6234,1,48,299232,True,299232
56.07927870750427,6206,1,48,297888,True,297888
56.184043169021606,5890,1,48,282720,True,282720
56.26961851119995,6535,1,48,313680,True,313680
56.37229919433594,6182,1,48,296736,True,296736
56.46893835067749,6215,1,48,298320,True,298320
56.56933045387268,6251,1,48,300048,True,300048
56.6721088886261,6201,1,48,297648,True,297648
56.7690532207489,6214,1,48,298272,True,298272
56.87423777580261,6199,1,48,297552,True,297552
56.976642370224,6223,1,48,298704,True,298704
57.06871247291565,6174,1,48,296352,True,296352
57.17926478385925,6233,1,48,299184,True,299184
57.27001667022705,6245,1,48,299760,True,299760
57.37278413772583,6216,1,48,298368,True,298368
57.479785680770874,6007,1,48,288336,True,288336
57.571033000946045,6438,1,48,309024,True,309024
57.67042851448059,6221,1,48,298608,True,298608
57.78148150444031,6180,1,48,296640,True,296640
57.87204837799072,6183,1,48,296784,True,296784
57.97101378440857,6233,1,48,299184,True,299184
58.069793939590454,6283,1,48,301584,True,301584
58.169689416885376,6220,1,48,298560,True,298560
58.2700617313385,6200,1,48,297600,True,297600
58.377344608306885,6223,1,48,298704,True,298704
58.46946883201599,6188,1,48,297024,True,297024
58.568132400512695,6216,1,48,298368,True,298368
58.66925382614136,6230,1,48,299040,True,299040
58.76863479614258,6220,1,48,298560,True,298560
58.8700430393219,6217,1,48,298416,True,298416
58.96917176246643,6213,1,48,298224,True,298224
59.06939768791199,6232,1,48,299136,True,299136
59.169718980789185,6190,1,48,297120,True,297120
59.269325971603394,6179,1,48,296592,True,296592
59.36929106712341,6196,1,48,297408,True,297408
59.469974994659424,6191,1,48,297168,True,297168
59.56845426559448,6210,1,48,298080,True,298080
59.66948485374451,6232,1,48,299136,True,299136
59.773431062698364,6224,1,48,298752,True,298752
59.87020564079285,6207,1,48,297936,True,297936
59.969338178634644,6202,1,48,297696,True,297696
60.080952167510986,6103,1,48,292944,True,292944
60.172595739364624,6279,1,48,301392,True,301392
60.2690691947937,6202,1,48,297696,True,297696
60.36967730522156,6242,1,48,299616,True,299616
60.47218084335327,6230,1,48,299040,True,299040
60.577287912368774,6190,1,48,297120,True,297120
60.67056083679199,6219,1,48,298512,True,298512
60.775534868240356,6056,1,48,290688,True,290688
60.86956787109375,6332,1,48,303936,True,303936
60.96983766555786,6179,1,48,296592,True,296592
61.07169795036316,6210,1,48,298080,True,298080
61.16971731185913,6237,1,48,299376,True,299376
61.26995873451233,6252,1,48,300096,True,300096
61.384177923202515,6141,1,48,294768,True,294768
61.47199273109436,6279,1,48,301392,True,301392
61.57204079627991,6206,1,48,297888,True,297888
61.67451858520508,6059,1,48,290832,True,290832
61.771313428878784,6341,1,48,304368,True,304368
61.88539934158325,6118,1,48,293664,True,293664
61.98202586174011,6099,1,48,292752,True,292752
62.06870102882385,6355,1,48,305040,True,305040
62.16917133331299,6216,1,48,298368,True,298368
62.26941275596619,6214,1,48,298272,True,298272
62.37927746772766,6212,1,48,298176,True,298176
62.47768592834473,6200,1,48,297600,True,297600
62.56849813461304,6163,1,48,295824,True,295824
62.66840958595276,6182,1,48,296736,True,296736
62.76933670043945,6208,1,48,297984,True,297984
62.86880707740784,6257,1,48,300336,True,300336
62.985904932022095,6233,1,48,299184,True,299184
63.08183979988098,6183,1,48,296784,True,296784
63.17114186286926,6216,1,48,298368,True,298368
63.269668102264404,6215,1,48,298320,True,298320
63.374088525772095,6180,1,48,296640,True,296640
63.469332695007324,6199,1,48,297552,True,297552
63.57616090774536,6169,1,48,296112,True,296112
63.67770552635193,6231,1,48,299088,True,299088
63.78799271583557,6163,1,48,295824,True,295824
63.87838101387024,6315,1,48,303120,True,303120
63.97104001045227,6209,1,48,298032,True,298032
64.06923627853394,6170,1,48,296160,True,296160
64.16993856430054,6179,1,48,296592,True,296592
64.26947855949402,6190,1,48,297120,True,297120
64.37403631210327,6177,1,48,296496,True,296496
64.48463463783264,6203,1,48,297744,True,297744
64.57240891456604,6211,1,48,298128,True,298128
64.67006349563599,6208,1,48,297984,True,297984
64.77500820159912,6214,1,48,298272,True,298272
64.87101435661316,6206,1,48,297888,True,297888
64.97002601623535,6199,1,48,297552,True,297552
65.08106350898743,6164,1,48,295872,True,295872
65.16927647590637,6211,1,48,298128,True,298128
65.28060793876648,6051,1,48,290448,True,290448
65.37431573867798,6222,1,48,298656,True,298656
65.46933007240295,6334,1,48,304032,True,304032
65.57146644592285,6247,1,48,299856,True,299856
65.67208647727966,6200,1,48,297600,True,297600
65.77019906044006,6210,1,48,298080,True,298080
65.88002872467041,6205,1,48,297840,True,297840
65.9694390296936,6181,1,48,296688,True,296688
66.06892609596252,6193,1,48,297264,True,297264
66.18099641799927,6212,1,48,298176,True,298176
66.26851463317871,6217,1,48,298416,True,298416
66.37053942680359,6223,1,48,298704,True,298704
66.48344492912292,6210,1,48,298080,True,298080
66.57321262359619,6206,1,48,297888,True,297888
66.6688175201416,6190,1,48,297120,True,297120
66.77006602287292,6229,1,48,298992,True,298992
66.874671459198,6064,1,48,291072,True,291072
66.96990203857422,6314,1,48,303072,True,303072
67.07385563850403,6229,1,48,298992,True,298992
67.16937708854675,6189,1,48,297072,True,297072
67.28314018249512,6238,1,48,299424,True,299424
67.36983251571655,6218,1,48,298464,True,298464
67.46817231178284,6204,1,48,297792,True,297792
67.57904767990112,6217,1,48,298416,True,298416
67.67247295379639,6209,1,48,298032,True,298032
67.77526617050171,6217,1,48,298416,True,298416
67.86925387382507,6218,1,48,298464,True,298464
67.98316526412964,6185,1,48,296880,True,296880
68.0691487789154,6192,1,48,297216,True,297216
68.17131209373474,6210,1,48,298080,True,298080
68.28623414039612,6179,1,48,296592,True,296592
68.36923503875732,6181,1,48,296688,True,296688
68.48073291778564,6184,1,48,296832,True,296832
68.57820200920105,6295,1,48,302160,True,302160
68.67001223564148,6225,1,48,298800,True,298800
68.77962923049927,5981,1,48,287088,True,287088
68.87310910224915,6456,1,48,309888,True,309888
68.97088623046875,6178,1,48,296544,True,296544
69.07805895805359,6208,1,48,297984,True,297984
69.17076683044434,6176,1,48,296448,True,296448
69.26912236213684,6225,1,48,298800,True,298800
69.38314723968506,6224,1,48,298752,True,298752
69.49644660949707,6218,1,48,298464,True,298464
69.5809075832367,6221,1,48,298608,True,298608
69.67051315307617,6206,1,48,297888,True,297888
69.77308750152588,6220,1,48,298560,True,298560
69.87048983573914,6209,1,48,298032,True,298032
69.96960043907166,6199,1,48,297552,True,297552
70.0720591545105,6178,1,48,296544,True,296544
70.1722981929779,6224,1,48,298752,True,298752
70.2701940536499,6239,1,48,299472,True,299472
70.37864661216736,6185,1,48,296880,True,296880
70.49308323860168,6174,1,48,296352,True,296352
70.57606053352356,6288,1,48,301824,True,301824
70.67012667655945,6194,1,48,297312,True,297312
70.77145075798035,6219,1,48,298512,True,298512
70.87166047096252,6200,1,48,297600,True,297600
70.96931672096252,6161,1,48,295728,True,295728
71.08969283103943,6164,1,48,295872,True,295872
71.18795895576477,6155,1,48,295440,True,295440
71.26974081993103,6248,1,48,299904,True,299904
71.36903953552246,6214,1,48,298272,True,298272
71.46849632263184,6206,1,48,297888,True,297888
71.56941747665405,6238,1,48,299424,True,299424
71.66932368278503,6215,1,48,298320,True,298320
71.77255821228027,6185,1,48,296880,True,296880
71.86973214149475,5806,1,48,278688,True,278688
71.9817328453064,6610,1,48,317280,True,317280
72.07563853263855,6206,1,48,297888,True,297888
72.16943860054016,6195,1,48,297360,True,297360
72.26948523521423,6223,1,48,298704,True,298704
72.3711347579956,6186,1,48,296928,True,296928
72.46924567222595,6229,1,48,298992,True,298992
72.58505654335022,6213,1,48,298224,True,298224
72.68026828765869,5993,1,48,287664,True,287664
72.7726047039032,6437,1,48,308976,True,308976
72.8693573474884,6219,1,48,298512,True,298512
72.97125720977783,6205,1,48,297840,True,297840
73.07109427452087,6219,1,48,298512,True,298512
73.17094421386719,6199,1,48,297552,True,297552
73.2756974697113,6168,1,48,296064,True,296064
73.37970852851868,6201,1,48,297648,True,297648
73.47633147239685,6178,1,48,296544,True,296544
73.57117986679077,6205,1,48,297840,True,297840
73.66933751106262,6215,1,48,298320,True,298320
73.77212452888489,6211,1,48,298128,True,298128
73.86924028396606,6222,1,48,298656,True,298656
73.97006320953369,6205,1,48,297840,True,297840
74.08483219146729,6188,1,48,297024,True,297024
74.19435143470764,6138,1,48,294624,True,294624
74.27046275138855,6318,1,48,303264,True,303264
74.37535977363586,6185,1,48,296880,True,296880
74.46978211402893,6199,1,48,297552,True,297552
74.58330082893372,6135,1,48,294480,True,294480
74.6729998588562,6241,1,48,299568,True,299568
74.77288031578064,6214,1,48,298272,True,298272
74.88689613342285,6230,1,48,299040,True,299040
74.97194123268127,6167,1,48,296016,True,296016
75.07023358345032,6203,1,48,297744,True,297744
75.18074703216553,6178,1,48,296544,True,296544
75.27076435089111,6217,1,48,298416,True,298416
75.37009406089783,6221,1,48,298608,True,298608
75.48510599136353,6210,1,48,298080,True,298080
75.57814908027649,6196,1,48,297408,True,297408
75.67081356048584,6198,1,48,297504,True,297504
75.77010369300842,6177,1,48,296496,True,296496
75.87533593177795,6168,1,48,296064,True,296064
75.97273707389832,6208,1,48,297984,True,297984
76.09005069732666,6216,1,48,298368,True,298368
76.17272090911865,6189,1,48,297072,True,297072
76.26942849159241,6242,1,48,299616,True,299616
76.36899042129517,6167,1,48,296016,True,296016
76.48134088516235,6193,1,48,297264,True,297264
76.57112574577332,6210,1,48,298080,True,298080
76.6866135597229,5960,1,48,286080,True,286080
76.7713315486908,6431,1,48,308688,True,308688
76.86981463432312,6180,1,48,296640,True,296640
76.97988152503967,6212,1,48,298176,True,298176
77.0802149772644,6156,1,48,295488,True,295488
77.16951584815979,6220,1,48,298560,True,298560
77.2753586769104,6127,1,48,294096,True,294096
77.3760724067688,6101,1,48,292848,True,292848
77.46846961975098,6046,1,48,290208,True,290208
77.57391119003296,5950,1,48,285600,True,285600
77.67101073265076,5891,1,48,282768,True,282768
77.77800297737122,5898,1,48,283104,True,283104
77.87995648384094,5772,1,48,277056,True,277056
77.96790766716003,5848,1,48,280704,True,280704
78.08266043663025,5794,1,48,278112,True,278112
78.18320035934448,5838,1,48,280224,True,280224
78.26768112182617,5699,1,48,273552,True,273552
78.37996816635132,5603,1,48,268944,True,268944
78.47084045410156,5823,1,48,279504,True,279504
78.56670880317688,5389,1,48,258672,True,258672
78.67098474502563,5143,1,48,246864,True,246864
78.76722049713135,4847,1,48,232656,True,232656
78.8650496006012,4869,1,48,233712,True,233712
78.96995210647583,4803,1,48,230544,True,230544
79.06271719932556,4907,1,48,235536,True,235536
79.1643443107605,4772,1,48,229056,True,229056
79.26451873779297,5037,1,48,241776,True,241776
79.36637711524963,4873,1,48,233904,True,233904
79.47628331184387,4801,1,48,230448,True,230448
79.56404852867126,4772,1,48,229056,True,229056
79.66891121864319,4711,1,48,226128,True,226128
79.764155626297,4803,1,48,230544,True,230544
79.87328577041626,4865,1,48,233520,True,233520
79.96584057807922,4867,1,48,233616,True,233616
80.06406474113464,4982,1,48,239136,True,239136
80.17677354812622,4936,1,48,236928,True,236928
80.26936769485474,5019,1,48,240912,True,240912
80.36529517173767,4985,1,48,239280,True,239280
80.46403813362122,4953,1,48,237744,True,237744
80.56379890441895,4929,1,48,236592,True,236592
80.66764330863953,4909,1,48,235632,True,235632
80.76608681678772,4905,1,48,235440,True,235440
80.8725266456604,4750,1,48,228000,True,228000
80.96342658996582,4862,1,48,233376,True,233376
81.06436467170715,4672,1,48,224256,True,224256
81.17517566680908,4552,1,48,218496,True,218496
81.26272487640381,4525,1,48,217200,True,217200
81.36171340942383,4247,1,48,203856,True,203856
81.46178984642029,3984,1,48,191232,True,191232
81.56346678733826,4241,1,48,203568,True,203568
81.66163969039917,3864,1,48,185472,True,185472
81.77459812164307,3800,1,48,182400,True,182400
81.86473083496094,3829,1,48,183792,True,183792
81.96200752258301,3760,1,48,180480,True,180480
82.0777268409729,3695,1,48,177360,True,177360
82.16434788703918,3697,1,48,177456,True,177456
82.2615258693695,3753,1,48,180144,True,180144
82.36121129989624,3822,1,48,183456,True,183456
82.46941995620728,3847,1,48,184656,True,184656
82.5637698173523,3842,1,48,184416,True,184416
82.66144704818726,3859,1,48,185232,True,185232
82.76852679252625,3912,1,48,187776,True,187776
82.86220622062683,3929,1,48,188592,True,188592
82.96924257278442,3904,1,48,187392,True,187392
83.06656241416931,3888,1,48,186624,True,186624
83.160329580307,3993,1,48,191664,True,191664
83.2603816986084,4039,1,48,193872,True,193872
83.36278581619263,4033,1,48,193584,True,193584
83.46132922172546,4058,1,48,194784,True,194784
83.56362199783325,4080,1,48,195840,True,195840
83.66739797592163,3978,1,48,190944,True,190944
83.76991772651672,3849,1,48,184752,True,184752
83.86064457893372,3711,1,48,178128,True,178128
83.95987176895142,3671,1,48,176208,True,176208
84.05924320220947,3666,1,48,175968,True,175968
84.16209125518799,3656,1,48,175488,True,175488
84.26043176651001,3773,1,48,181104,True,181104
84.36165285110474,3693,1,48,177264,True,177264
84.47041273117065,3771,1,48,181008,True,181008
84.56735944747925,3764,1,48,180672,True,180672
84.66667008399963,3805,1,48,182640,True,182640
84.76317882537842,3816,1,48,183168,True,183168
84.86041474342346,3805,1,48,182640,True,182640
84.96276712417603,3908,1,48,187584,True,187584
85.06240677833557,3831,1,48,183888,True,183888
85.17234563827515,3840,1,48,184320,True,184320
85.26168632507324,3809,1,48,182832,True,182832
85.36628007888794,3845,1,48,184560,True,184560
85.46445846557617,3792,1,48,182016,True,182016
85.56326675415039,3783,1,48,181584,True,181584
85.66031575202942,3838,1,48,184224,True,184224
85.76110219955444,3819,1,48,183312,True,183312
85.87141823768616,3831,1,48,183888,True,183888
85.97638535499573,3830,1,48,183840,True,183840
86.07068014144897,3819,1,48,183312,True,183312
86.16188454627991,3769,1,48,180912,True,180912
86.26071763038635,3858,1,48,185184,True,185184
86.36125349998474,3872,1,48,185856,True,185856
86.46219682693481,3882,1,48,186336,True,186336
86.5613603591919,3826,1,48,183648,True,183648
86.66682839393616,3871,1,48,185808,True,185808
86.78315258026123,3879,1,48,186192,True,186192
86.87290859222412,3891,1,48,186768,True,186768
86.96318054199219,3941,1,48,189168,True,189168
87.06040811538696,3905,1,48,187440,True,187440
87.1602292060852,3845,1,48,184560,True,184560
87.26002597808838,3947,1,48,189456,True,189456
87.37264370918274,4208,1,48,201984,True,201984
87.46698904037476,4770,1,48,228960,True,228960
87.56643438339233,4718,1,48,226464,True,226464
87.67393898963928,4628,1,48,222144,True,222144
87.7661726474762,5157,1,48,247536,True,247536
87.86813044548035,5052,1,48,242496,True,242496
87.96384716033936,4974,1,48,238752,True,238752
88.06727123260498,4944,1,48,237312,True,237312
88.17175126075745,4957,1,48,237936,True,237936
88.27505040168762,4981,1,48,239088,True,239088
88.3665087223053,4999,1,48,239952,True,239952
88.46300268173218,4987,1,48,239376,True,239376
88.5669322013855,4961,1,48,238128,True,238128
88.66565132141113,5012,1,48,240576,True,240576
88.77913069725037,4969,1,48,238512,True,238512
88.87187623977661,4997,1,48,239856,True,239856
88.96471619606018,5054,1,48,242592,True,242592
89.0695412158966,5042,1,48,242016,True,242016
89.16777038574219,4968,1,48,238464,True,238464
89.26334500312805,4964,1,48,238272,True,238272
89.37891483306885,5026,1,48,241248,True,241248
89.4655966758728,4979,1,48,238992,True,238992
89.56410479545593,4984,1,48,239232,True,239232
89.66383981704712,4977,1,48,238896,True,238896
89.76714634895325,5013,1,48,240624,True,240624
89.87581396102905,5000,1,48,240000,True,240000
89.96564722061157,4941,1,48,237168,True,237168
90.06411170959473,4981,1,48,239088,True,239088
90.16895151138306,5000,1,48,240000,True,240000
90.26603960990906,5039,1,48,241872,True,241872
90.37823462486267,5016,1,48,240768,True,240768
90.46871447563171,5052,1,48,242496,True,242496
90.56312346458435,4999,1,48,239952,True,239952
90.66302394866943,4969,1,48,238512,True,238512
90.76276731491089,4990,1,48,239520,True,239520
90.86977076530457,5071,1,48,243408,True,243408
90.96551251411438,5049,1,48,242352,True,242352
91.0711419582367,5034,1,48,241632,True,241632
91.16388893127441,5017,1,48,240816,True,240816
91.27489757537842,4710,1,48,226080,True,226080
91.38203144073486,5036,1,48,241728,True,241728
91.46386694908142,4710,1,48,226080,True,226080
91.56606459617615,4611,1,48,221328,True,221328
91.67072987556458,4525,1,48,217200,True,217200
91.76322317123413,4511,1,48,216528,True,216528
91.86183524131775,4484,1,48,215232,True,215232
91.96350169181824,4515,1,48,216720,True,216720
92.06459331512451,4533,1,48,217584,True,217584
92.16416072845459,4503,1,48,216144,True,216144
92.27824139595032,4472,1,48,214656,True,214656
92.3626766204834,4519,1,48,216912,True,216912
92.46360659599304,4473,1,48,214704,True,214704
92.57379508018494,4493,1,48,215664,True,215664
92.66641616821289,4485,1,48,215280,True,215280
92.76205110549927,4456,1,48,213888,True,213888
92.86187791824341,4440,1,48,213120,True,213120
92.96849131584167,4456,1,48,213888,True,213888
93.06341099739075,4390,1,48,210720,True,210720
93.16793584823608,4363,1,48,209424,True,209424
93.26311302185059,4346,1,48,208608,True,208608
93.3625237941742,4405,1,48,211440,True,211440
93.4767119884491,4354,1,48,208992,True,208992
93.56306982040405,4374,1,48,209952,True,209952
93.66173481941223,4418,1,48,212064,True,212064
93.77845430374146,4343,1,48,208464,True,208464
93.88042330741882,4337,1,48,208176,True,208176
93.9616208076477,4316,1,48,207168,True,207168
94.06357598304749,4269,1,48,204912,True,204912
94.16373610496521,4296,1,48,206208,True,206208
94.26216769218445,4344,1,48,208512,True,208512
94.36312079429626,4343,1,48,208464,True,208464
94.46338367462158,4411,1,48,211728,True,211728
94.56315445899963,4394,1,48,210912,True,210912
94.66243386268616,4375,1,48,210000,True,210000
94.77076864242554,4347,1,48,208656,True,208656
94.86476397514343,4374,1,48,209952,True,209952
94.96421813964844,4607,1,48,221136,True,221136
95.0659909248352,4735,1,48,227280,True,227280
95.16262912750244,4732,1,48,227136,True,227136
95.29370021820068,4695,1,48,225360,True,225360
95.36479949951172,4971,1,48,238608,True,238608
95.46453285217285,4862,1,48,233376,True,233376
95.56394696235657,4844,1,48,232512,True,232512
95.66430282592773,4845,1,48,232560,True,232560
95.7620542049408,4877,1,48,234096,True,234096
95.86417293548584,4787,1,48,229776,True,229776
95.96942949295044,4572,1,48,219456,True,219456
96.06594491004944,4910,1,48,235680,True,235680
96.16389107704163,4651,1,48,223248,True,223248
96.26725006103516,4755,1,48,228240,True,228240
96.36346960067749,4652,1,48,223296,True,223296
96.46352362632751,4572,1,48,219456,True,219456
96.56177711486816,4662,1,48,223776,True,223776
96.66231417655945,4689,1,48,225072,True,225072
96.77659153938293,4727,1,48,226896,True,226896
96.88257431983948,4675,1,48,224400,True,224400
96.9674904346466,4637,1,48,222576,True,222576
97.06419229507446,4648,1,48,223104,True,223104
97.16477608680725,4666,1,48,223968,True,223968
97.26360869407654,4678,1,48,224544,True,224544
97.36403703689575,4659,1,48,223632,True,223632
97.47619080543518,4677,1,48,224496,True,224496
97.57708191871643,4441,1,48,213168,True,213168
97.66371250152588,4847,1,48,232656,True,232656
97.76677370071411,4678,1,48,224544,True,224544
97.86542797088623,4670,1,48,224160,True,224160
97.96262431144714,4617,1,48,221616,True,221616
98.06244778633118,4689,1,48,225072,True,225072
98.16936874389648,4669,1,48,224112,True,224112
98.2796835899353,4670,1,48,224160,True,224160
98.36559009552002,4626,1,48,222048,True,222048
98.46409726142883,4694,1,48,225312,True,225312
98.56298017501831,4688,1,48,225024,True,225024
98.67195725440979,4624,1,48,221952,True,221952
98.76418209075928,4671,1,48,224208,True,224208
98.8777687549591,4652,1,48,223296,True,223296
98.96438312530518,4648,1,48,223104,True,223104
99.06512975692749,4652,1,48,223296,True,223296
99.17891073226929,4693,1,48,225264,True,225264
99.27449178695679,4627,1,48,222096,True,222096
99.36419582366943,4619,1,48,221712,True,221712
99.47452735900879,4619,1,48,221712,True,221712
99.56590962409973,4701,1,48,225648,True,225648
99.66324830055237,4660,1,48,223680,True,223680
99.76274871826172,4680,1,48,224640,True,224640
99.87362575531006,4572,1,48,219456,True,219456
99.9644615650177,4804,1,48,230592,True,230592
100.06327986717224,4692,1,48,225216,True,225216
100.16209316253662,4683,1,48,224784,True,224784
100.27769255638123,4582,1,48,219936,True,219936
100.36814856529236,4767,1,48,228816,True,228816
100.46367025375366,4701,1,48,225648,True,225648
100.56280875205994,4713,1,48,226224,True,226224
100.66475892066956,4629,1,48,222192,True,222192
100.77067399024963,4746,1,48,227808,True,227808
100.87379574775696,4674,1,48,224352,True,224352
100.96861910820007,4625,1,48,222000,True,222000
101.06178498268127,4516,1,48,216768,True,216768
101.16080570220947,4377,1,48,210096,True,210096
101.2656762599945,4331,1,48,207888,True,207888
101.36222219467163,4173,1,48,200304,True,200304
101.47560930252075,2987,1,48,143376,True,143376
101.55889987945557,2408,1,48,115584,True,115584
101.66007280349731,2490,1,48,119520,True,119520
101.76059174537659,2524,1,48,121152,True,121152
101.85995292663574,2392,1,48,114816,True,114816
101.96272659301758,2368,1,48,113664,True,113664
102.05910277366638,2254,1,48,108192,True,108192
102.16063594818115,2157,1,48,103536,True,103536
102.25732398033142,2081,1,48,99888,True,99888
102.35691905021667,2112,1,48,101376,True,101376
102.45822548866272,2125,1,48,102000,True,102000
102.57166528701782,2095,1,48,100560,True,100560
102.65825939178467,2545,1,48,122160,True,122160
102.75870323181152,2601,1,48,124848,True,124848
102.87293887138367,2686,1,48,128928,True,128928
102.96171927452087,2836,1,48,136128,True,136128
103.0580575466156,2873,1,48,137904,True,137904
103.16698670387268,3005,1,48,144240,True,144240
103.26103043556213,3485,1,48,167280,True,167280
103.36124753952026,3664,1,48,175872,True,175872
103.46165537834167,3871,1,48,185808,True,185808
103.57131457328796,4148,1,48,199104,True,199104
103.66676115989685,4052,1,48,194496,True,194496
103.76536583900452,4166,1,48,199968,True,199968
103.87787508964539,4196,1,48,201408,True,201408
103.96389555931091,4232,1,48,203136,True,203136
104.06753206253052,4086,1,48,196128,True,196128
104.16256403923035,4220,1,48,202560,True,202560
104.26607751846313,4264,1,48,204672,True,204672
104.3629162311554,4369,1,48,209712,True,209712
104.46436953544617,4396,1,48,211008,True,211008
104.5631513595581,4337,1,48,208176,True,208176
104.66424894332886,4172,1,48,200256,True,200256
104.76478004455566,3839,1,48,184272,True,184272
104.86632943153381,4240,1,48,203520,True,203520
104.9702684879303,4041,1,48,193968,True,193968
105.06884574890137,4170,1,48,200160,True,200160
105.16428422927856,4206,1,48,201888,True,201888
105.26485967636108,4239,1,48,203472,True,203472
105.36455607414246,4307,1,48,206736,True,206736
105.4723060131073,4455,1,48,213840,True,213840
105.59929490089417,4441,1,48,213168,True,213168
105.68341946601868,4437,1,48,212976,True,212976
105.76220798492432,4482,1,48,215136,True,215136
105.86332511901855,4499,1,48,215952,True,215952
105.9630241394043,4533,1,48,217584,True,217584
106.06254196166992,4551,1,48,218448,True,218448
106.16860461235046,4571,1,48,219408,True,219408
106.26836252212524,4508,1,48,216384,True,216384
106.38319206237793,4529,1,48,217392,True,217392
106.48430800437927,4496,1,48,215808,True,215808
106.56531357765198,4526,1,48,217248,True,217248
106.66419839859009,4550,1,48,218400,True,218400
106.7937262058258,4518,1,48,216864,True,216864
106.8810133934021,4562,1,48,218976,True,218976
106.96287107467651,4607,1,48,221136,True,221136
107.07516741752625,4567,1,48,219216,True,219216
107.17596387863159,4554,1,48,218592,True,218592
107.27953958511353,4594,1,48,220512,True,220512
107.36245965957642,4538,1,48,217824,True,217824
107.4625449180603,4532,1,48,217536,True,217536
107.57639145851135,4501,1,48,216048,True,216048
107.67433428764343,4542,1,48,218016,True,218016
107.7714319229126,4543,1,48,218064,True,218064
107.8755555152893,4613,1,48,221424,True,221424
107.97963523864746,4544,1,48,218112,True,218112
108.07609915733337,4583,1,48,219984,True,219984
108.17590141296387,4413,1,48,211824,True,211824
108.2762463092804,4292,1,48,206016,True,206016
108.38078355789185,4248,1,48,203904,True,203904
108.47850322723389,4247,1,48,203856,True,203856
108.5821123123169,4225,1,48,202800,True,202800
108.67433309555054,4183,1,48,200784,True,200784
108.7722532749176,4220,1,48,202560,True,202560
108.88549017906189,4173,1,48,200304,True,200304
108.97405791282654,4205,1,48,201840,True,201840
109.07266926765442,4158,1,48,199584,True,199584
109.18201017379761,4138,1,48,198624,True,198624
109.27504634857178,4191,1,48,201168,True,201168
109.37391591072083,4199,1,48,201552,True,201552
109.48236227035522,4239,1,48,203472,True,203472
109.5736780166626,4246,1,48,203808,True,203808
109.67634153366089,4214,1,48,202272,True,202272
109.772616147995,4185,1,48,200880,True,200880
109.88129711151123,4137,1,48,198576,True,198576
109.97432732582092,4127,1,48,198096,True,198096
110.07339763641357,4229,1,48,202992,True,202992
110.18432831764221,4246,1,48,203808,True,203808
110.27345037460327,4191,1,48,201168,True,201168
110.38195300102234,4343,1,48,208464,True,208464
110.47325396537781,4393,1,48,210864,True,210864
110.58580446243286,4389,1,48,210672,True,210672
110.67462873458862,4370,1,48,209760,True,209760
110.78147387504578,4409,1,48,211632,True,211632
110.87246513366699,4411,1,48,211728,True,211728
110.9881706237793,4313,1,48,207024,True,207024
111.07440829277039,4501,1,48,216048,True,216048
111.19178938865662,4692,1,48,225216,True,225216
111.31866765022278,4656,1,48,223488,True,223488
111.37408018112183,4603,1,48,220944,True,220944
111.4719614982605,4655,1,48,223440,True,223440
111.57394862174988,4942,1,48,237216,True,237216
111.6778781414032,5187,1,48,248976,True,248976
111.77659773826599,5314,1,48,255072,True,255072
111.88287901878357,5378,1,48,258144,True,258144
111.98875665664673,5501,1,48,264048,True,264048
112.08741855621338,5471,1,48,262608,True,262608
112.17454648017883,5459,1,48,262032,True,262032
112.27655601501465,6093,1,48,292464,True,292464
112.37537407875061,5910,1,48,283680,True,283680
112.47857236862183,5924,1,48,284352,True,284352
112.57908725738525,5984,1,48,287232,True,287232
112.68585705757141,5990,1,48,287520,True,287520
112.7824285030365,6066,1,48,291168,True,291168
112.87799644470215,5975,1,48,286800,True,286800
112.97972631454468,6260,1,48,300480,True,300480
113.07817435264587,6163,1,48,295824,True,295824
113.17862963676453,6155,1,48,295440,True,295440
113.27845525741577,6199,1,48,297552,True,297552
113.39670157432556,5934,1,48,284832,True,284832
113.49215054512024,6272,1,48,301056,True,301056
113.57901644706726,6227,1,48,298896,True,298896
113.68400144577026,6156,1,48,295488,True,295488
113.77885794639587,6159,1,48,295632,True,295632
113.875572681427,6110,1,48,293280,True,293280
113.97939658164978,6142,1,48,294816,True,294816
114.0800666809082,6116,1,48,293568,True,293568
114.18221473693848,6071,1,48,291408,True,291408
114.27835965156555,6055,1,48,290640,True,290640
114.38977336883545,5992,1,48,287616,True,287616
114.48157286643982,5970,1,48,286560,True,286560
114.5751895904541,5915,1,48,283920,True,283920
114.6777606010437,5795,1,48,278160,True,278160
114.77905988693237,5759,1,48,276432,True,276432
114.88457918167114,5626,1,48,270048,True,270048
114.97793817520142,5541,1,48,265968,True,265968
115.07906317710876,5293,1,48,254064,True,254064
115.17532014846802,4909,1,48,235632,True,235632
115.27571320533752,4709,1,48,226032,True,226032
115.37709474563599,4854,1,48,232992,True,232992
115.47305607795715,4975,1,48,238800,True,238800
115.58606314659119,5042,1,48,242016,True,242016
115.68215417861938,4898,1,48,235104,True,235104
115.77858233451843,4795,1,48,230160,True,230160
115.88519597053528,4921,1,48,236208,True,236208
115.97543239593506,5283,1,48,253584,True,253584
116.07360816001892,4854,1,48,232992,True,232992
116.17233991622925,4852,1,48,232896,True,232896
116.27437686920166,4784,1,48,229632,True,229632
116.3841826915741,4572,1,48,219456,True,219456
116.47224879264832,4963,1,48,238224,True,238224
116.57401490211487,4748,1,48,227904,True,227904
116.69019436836243,4747,1,48,227856,True,227856
116.7939658164978,4718,1,48,226464,True,226464
116.87405920028687,4665,1,48,223920,True,223920
116.97179055213928,4691,1,48,225168,True,225168
117.0760726928711,4671,1,48,224208,True,224208
117.17380690574646,4633,1,48,222384,True,222384
117.2933623790741,4658,1,48,223584,True,223584
117.37312698364258,4616,1,48,221568,True,221568
117.47141623497009,4575,1,48,219600,True,219600
117.57417607307434,4845,1,48,232560,True,232560
117.6935887336731,4651,1,48,223248,True,223248
117.77411437034607,4683,1,48,224784,True,224784
117.89958620071411,4423,1,48,212304,True,212304
117.99061942100525,4887,1,48,234576,True,234576
118.08270168304443,4372,1,48,209856,True,209856
118.17113137245178,4853,1,48,232944,True,232944
118.27128171920776,4602,1,48,220896,True,220896
118.3871488571167,4307,1,48,206736,True,206736
118.48971033096313,4295,1,48,206160,True,206160
118.57277512550354,4324,1,48,207552,True,207552
118.673410654068,4415,1,48,211920,True,211920
118.78894972801208,4400,1,48,211200,True,211200
118.88914585113525,4448,1,48,213504,True,213504
118.97286748886108,4375,1,48,210000,True,210000
119.10250616073608,4383,1,48,210384,True,210384
119.18921303749084,4429,1,48,212592,True,212592
119.30786061286926,4274,1,48,205152,True,205152
119.40512156486511,4196,1,48,201408,True,201408
119.4704236984253,4595,1,48,220560,True,220560
119.58794021606445,4291,1,48,205968,True,205968
119.68962502479553,4242,1,48,203616,True,203616
119.78791332244873,4258,1,48,204384,True,204384
119.8887722492218,4175,1,48,200400,True,200400
119.9950156211853,4383,1,48,210384,True,210384
120.08165693283081,4174,1,48,200352,True,200352
120.19003748893738,4408,1,48,211584,True,211584
120.28766512870789,4291,1,48,205968,True,205968
120.38884854316711,4212,1,48,202176,True,202176
120.48901033401489,4217,1,48,202416,True,202416
120.58789873123169,4179,1,48,200592,True,200592
120.687087059021,4194,1,48,201312,True,201312
120.79661130905151,4242,1,48,203616,True,203616
120.88835740089417,4104,1,48,196992,True,196992
120.9896342754364,4230,1,48,203040,True,203040
121.08878421783447,4366,1,48,209568,True,209568
121.18730187416077,4309,1,48,206832,True,206832
121.28998374938965,4371,1,48,209808,True,209808
121.38818287849426,4397,1,48,211056,True,211056
121.51428437232971,4478,1,48,214944,True,214944
121.622976064682,4508,1,48,216384,True,216384
121.70087003707886,4431,1,48,212688,True,212688
121.79067182540894,4728,1,48,226944,True,226944
121.89086246490479,4615,1,48,221520,True,221520
121.9881603717804,4641,1,48,222768,True,222768
122.08989334106445,4653,1,48,223344,True,223344
122.19061398506165,4633,1,48,222384,True,222384
122.32452869415283,4148,1,48,199104,True,199104
122.38948369026184,5063,1,48,243024,True,243024
122.48935627937317,4697,1,48,225456,True,225456
122.58931636810303,4666,1,48,223968,True,223968
122.68837380409241,4645,1,48,222960,True,222960
122.78945136070251,4730,1,48,227040,True,227040
122.89029932022095,4646,1,48,223008,True,223008
123.0026867389679,4657,1,48,223536,True,223536
123.10438442230225,4339,1,48,208272,True,208272
123.21244716644287,5005,1,48,240240,True,240240
123.28946423530579,4637,1,48,222576,True,222576
123.38732266426086,4655,1,48,223440,True,223440
123.4870593547821,4664,1,48,223872,True,223872
123.58869290351868,4668,1,48,224064,True,224064
123.6983106136322,4645,1,48,222960,True,222960
123.8142580986023,4446,1,48,213408,True,213408
123.8866081237793,4675,1,48,224400,True,224400
123.9905776977539,4716,1,48,226368,True,226368
124.09099793434143,4767,1,48,228816,True,228816
124.18676280975342,4660,1,48,223680,True,223680
124.28860306739807,4657,1,48,223536,True,223536
124.38868021965027,4602,1,48,220896,True,220896
124.49008560180664,4457,1,48,213936,True,213936
124.58824682235718,4771,1,48,229008,True,229008
124.68830704689026,4612,1,48,221376,True,221376
124.79102563858032,4564,1,48,219072,True,219072
124.90334224700928,4447,1,48,213456,True,213456
124.98835110664368,4813,1,48,231024,True,231024
125.08808636665344,4636,1,48,222528,True,222528
125.18802809715271,4640,1,48,222720,True,222720
125.28745913505554,4674,1,48,224352,True,224352
125.38759803771973,4591,1,48,220368,True,220368
125.48938035964966,4629,1,48,222192,True,222192
125.5909526348114,4608,1,48,221184,True,221184
125.68663692474365,4617,1,48,221616,True,221616
125.78785729408264,4625,1,48,222000,True,222000
125.91312956809998,4668,1,48,224064,True,224064
125.99064993858337,4637,1,48,222576,True,222576
126.08647298812866,4661,1,48,223728,True,223728
126.18618130683899,4648,1,48,223104,True,223104
126.28766918182373,4475,1,48,214800,True,214800
126.39265203475952,4800,1,48,230400,True,230400
126.48788404464722,4644,1,48,222912,True,222912
126.60010409355164,4647,1,48,223056,True,223056
126.6884994506836,4625,1,48,222000,True,222000
126.78897285461426,4639,1,48,222672,True,222672
126.90535163879395,4594,1,48,220512,True,220512
127.00163054466248,4464,1,48,214272,True,214272
127.0898916721344,4729,1,48,226992,True,226992
127.18497562408447,4641,1,48,222768,True,222768
127.29102396965027,4550,1,48,218400,True,218400
127.38779735565186,4612,1,48,221376,True,221376
127.50372338294983,4607,1,48,221136,True,221136
127.60573482513428,4572,1,48,219456,True,219456
127.68709063529968,4633,1,48,222384,True,222384
127.7872850894928,4580,1,48,219840,True,219840
127.89089727401733,4573,1,48,219504,True,219504
128.0016222000122,4590,1,48,220320,True,220320
128.0893518924713,4573,1,48,219504,True,219504
128.18648266792297,4525,1,48,217200,True,217200
128.28746509552002,4557,1,48,218736,True,218736
128.388090133667,4569,1,48,219312,True,219312
128.48668432235718,4490,1,48,215520,True,215520
128.58593845367432,4515,1,48,216720,True,216720
128.68801379203796,4674,1,48,224352,True,224352
128.79382181167603,4615,1,48,221520,True,221520
128.88929152488708,4566,1,48,219168,True,219168
128.9859619140625,4565,1,48,219120,True,219120
129.0856192111969,4560,1,48,218880,True,218880
129.18672823905945,4593,1,48,220464,True,220464
129.28540635108948,4570,1,48,219360,True,219360
129.38664555549622,4643,1,48,222864,True,222864
129.50575804710388,4658,1,48,223584,True,223584
129.6231701374054,4502,1,48,216096,True,216096
129.68854403495789,4625,1,48,222000,True,222000
129.78799772262573,4728,1,48,226944,True,226944
129.88458132743835,4619,1,48,221712,True,221712
129.98563885688782,4627,1,48,222096,True,222096
130.08577871322632,4620,1,48,221760,True,221760
130.21180033683777,4669,1,48,224112,True,224112
130.29189920425415,4614,1,48,221472,True,221472
130.39287662506104,4624,1,48,221952,True,221952
130.4975552558899,4645,1,48,222960,True,222960
130.60931587219238,4620,1,48,221760,True,221760
130.68878388404846,4600,1,48,220800,True,220800
130.78793668746948,4600,1,48,220800,True,220800
130.88707280158997,4613,1,48,221424,True,221424
131.0018494129181,4572,1,48,219456,True,219456
131.1083209514618,4765,1,48,228720,True,228720
131.19891786575317,4678,1,48,224544,True,224544
131.28693437576294,4648,1,48,223104,True,223104
131.40518474578857,4687,1,48,224976,True,224976
131.50341296195984,4546,1,48,218208,True,218208
131.58398842811584,4788,1,48,229824,True,229824
131.70475339889526,4741,1,48,227568,True,227568
131.8031063079834,4723,1,48,226704,True,226704
131.88690614700317,4662,1,48,223776,True,223776
132.00493359565735,4721,1,48,226608,True,226608
132.10584688186646,4778,1,48,229344,True,229344
132.20383667945862,4771,1,48,229008,True,229008
132.28773665428162,4758,1,48,228384,True,228384
132.38716888427734,4788,1,48,229824,True,229824
132.5169472694397,4776,1,48,229248,True,229248
132.62860417366028,4777,1,48,229296,True,229296
132.7119152545929,4884,1,48,234432,True,234432
132.8089280128479,4848,1,48,232704,True,232704
132.9049129486084,4809,1,48,230832,True,230832
133.0042781829834,4837,1,48,232176,True,232176
133.13539338111877,4789,1,48,229872,True,229872
133.2377655506134,4792,1,48,230016,True,230016
133.2983958721161,4790,1,48,229920,True,229920
133.40629625320435,4841,1,48,232368,True,232368
133.50605130195618,4825,1,48,231600,True,231600
133.60397601127625,4771,1,48,229008,True,229008
133.7151231765747,4835,1,48,232080,True,232080
133.80820965766907,4778,1,48,229344,True,229344
133.93840503692627,4720,1,48,226560,True,226560
134.0049421787262,4803,1,48,230544,True,230544
134.1020781993866,4778,1,48,229344,True,229344
134.20483088493347,4798,1,48,230304,True,230304
134.30695247650146,4773,1,48,229104,True,229104
134.40438842773438,4770,1,48,228960,True,228960
134.5069718360901,4787,1,48,229776,True,229776
134.62665438652039,4757,1,48,228336,True,228336
134.7084994316101,4764,1,48,228672,True,228672
134.80547904968262,4765,1,48,228720,True,228720
134.90172600746155,4751,1,48,228048,True,228048
135.02258253097534,4808,1,48,230784,True,230784
135.10425519943237,4756,1,48,228288,True,228288
135.2029254436493,4788,1,48,229824,True,229824
135.30402445793152,4787,1,48,229776,True,229776
135.40432476997375,4808,1,48,230784,True,230784
135.51575255393982,4793,1,48,230064,True,230064
135.6052007675171,4810,1,48,230880,True,230880
135.70404696464539,4776,1,48,229248,True,229248
135.8054871559143,4726,1,48,226848,True,226848
135.9126410484314,4589,1,48,220272,True,220272
136.00805139541626,4939,1,48,237072,True,237072
136.12267780303955,4873,1,48,233904,True,233904
136.21195912361145,4728,1,48,226944,True,226944
136.3097460269928,4812,1,48,230976,True,230976
136.40622806549072,4781,1,48,229488,True,229488
136.51166152954102,4791,1,48,229968,True,229968
136.60410380363464,4751,1,48,228048,True,228048
136.70365071296692,4756,1,48,228288,True,228288
136.803325176239,4778,1,48,229344,True,229344
136.90378284454346,4789,1,48,229872,True,229872
137.02838134765625,4746,1,48,227808,True,227808
137.11062932014465,4798,1,48,230304,True,230304
137.20642805099487,4714,1,48,226272,True,226272
137.30464696884155,4811,1,48,230928,True,230928
137.40340900421143,4780,1,48,229440,True,229440
137.50168180465698,4737,1,48,227376,True,227376
137.6168658733368,4685,1,48,224880,True,224880
137.71182918548584,4782,1,48,229536,True,229536
137.80257534980774,4758,1,48,228384,True,228384
137.92139887809753,4715,1,48,226320,True,226320
138.00141024589539,4377,1,48,210096,True,210096
138.10702323913574,5067,1,48,243216,True,243216
138.21529722213745,4774,1,48,229152,True,229152
138.30454540252686,4680,1,48,224640,True,224640
138.4052062034607,4665,1,48,223920,True,223920
138.50278520584106,4665,1,48,223920,True,223920
138.6009817123413,4675,1,48,224400,True,224400
138.70214915275574,4699,1,48,225552,True,225552
138.80589509010315,4676,1,48,224448,True,224448
138.90027117729187,4676,1,48,224448,True,224448
139.00186491012573,4641,1,48,222768,True,222768
139.1170973777771,4622,1,48,221856,True,221856
139.20103979110718,4625,1,48,222000,True,222000
139.3192343711853,4642,1,48,222816,True,222816
139.4091773033142,4615,1,48,221520,True,221520
139.50156426429749,4765,1,48,228720,True,228720
139.60354018211365,4712,1,48,226176,True,226176
139.69933342933655,4736,1,48,227328,True,227328
139.80244326591492,4761,1,48,228528,True,228528
139.91625666618347,4731,1,48,227088,True,227088
140.00161266326904,4931,1,48,236688,True,236688
140.1224331855774,4872,1,48,233856,True,233856
140.20214438438416,4900,1,48,235200,True,235200
140.30057883262634,4937,1,48,236976,True,236976
140.40285301208496,4961,1,48,238128,True,238128
140.50203442573547,4988,1,48,239424,True,239424
140.61315941810608,5027,1,48,241296,True,241296
140.70362377166748,4880,1,48,234240,True,234240
140.80377578735352,5134,1,48,246432,True,246432
140.92019176483154,4996,1,48,239808,True,239808
141.00143265724182,4972,1,48,238656,True,238656
141.10259175300598,4954,1,48,237792,True,237792
141.22472715377808,5036,1,48,241728,True,241728
141.3127794265747,5021,1,48,241008,True,241008
141.40196228027344,5055,1,48,242640,True,242640
141.49979043006897,5029,1,48,241392,True,241392
141.60218000411987,5029,1,48,241392,True,241392
141.70060300827026,4979,1,48,238992,True,238992
141.831866979599,4500,1,48,216000,True,216000
141.90081810951233,5398,1,48,259104,True,259104
142.00592279434204,4932,1,48,236736,True,236736
142.09868836402893,4923,1,48,236304,True,236304
142.21768021583557,4930,1,48,236640,True,236640
142.31844973564148,4951,1,48,237648,True,237648
142.40168452262878,4950,1,48,237600,True,237600
142.51474571228027,4798,1,48,230304,True,230304
142.60906600952148,4959,1,48,238032,True,238032
142.70619773864746,5005,1,48,240240,True,240240
142.8202304840088,4954,1,48,237792,True,237792
142.9041736125946,4910,1,48,235680,True,235680
143.0012490749359,4933,1,48,236784,True,236784
143.1019778251648,4956,1,48,237888,True,237888
143.20055890083313,4993,1,48,239664,True,239664
143.31306552886963,4968,1,48,238464,True,238464
143.3995223045349,4958,1,48,237984,True,237984
143.508131980896,4657,1,48,223536,True,223536
143.60358834266663,5406,1,48,259488,True,259488
143.71277594566345,4756,1,48,228288,True,228288
143.8065209388733,4880,1,48,234240,True,234240
143.9054355621338,5473,1,48,262704,True,262704
143.99974489212036,5015,1,48,240720,True,240720
144.09890055656433,4998,1,48,239904,True,239904
144.2092432975769,4980,1,48,239040,True,239040
144.30021023750305,5023,1,48,241104,True,241104
144.40009713172913,5022,1,48,241056,True,241056
144.5119092464447,4634,1,48,222432,True,222432
144.60812330245972,5246,1,48,251808,True,251808
144.7121365070343,4778,1,48,229344,True,229344
144.79985642433167,3985,1,48,191280,True,191280
144.89089679718018,2532,1,48,121536,True,121536
144.9913284778595,2545,1,48,122160,True,122160
145.11014342308044,2487,1,48,119376,True,119376
145.19225668907166,2427,1,48,116496,True,116496
145.29335260391235,2425,1,48,116400,True,116400
145.38963341712952,2361,1,48,113328,True,113328
145.49737524986267,2405,1,48,115440,True,115440
145.58786582946777,2440,1,48,117120,True,117120
145.69373631477356,2876,1,48,138048,True,138048
145.80888891220093,4027,1,48,193296,True,193296
145.89712476730347,4796,1,48,230208,True,230208
145.99934720993042,5024,1,48,241152,True,241152
146.10308599472046,5156,1,48,247488,True,247488
146.20967316627502,5463,1,48,262224,True,262224
146.29976153373718,5585,1,48,268080,True,268080
146.4032645225525,5532,1,48,265536,True,265536
146.5018949508667,5972,1,48,286656,True,286656
146.60247945785522,5770,1,48,276960,True,276960
146.70183396339417,5870,1,48,281760,True,281760
146.80143237113953,5877,1,48,282096,True,282096
146.9137282371521,5788,1,48,277824,True,277824
146.99723744392395,5791,1,48,277968,True,277968
147.1096293926239,5782,1,48,277536,True,277536
147.1989688873291,5637,1,48,270576,True,270576
147.30380415916443,5642,1,48,270816,True,270816
147.3985333442688,5525,1,48,265200,True,265200
147.49595069885254,5432,1,48,260736,True,260736
147.61140179634094,5422,1,48,260256,True,260256
147.69940876960754,5330,1,48,255840,True,255840
147.79719734191895,5425,1,48,260400,True,260400
147.90356993675232,5469,1,48,262512,True,262512
148.0023365020752,5518,1,48,264864,True,264864
148.0964810848236,5557,1,48,266736,True,266736
148.19955563545227,5707,1,48,273936,True,273936
148.29911518096924,5758,1,48,276384,True,276384
148.416912317276,5743,1,48,275664,True,275664
148.49900794029236,5889,1,48,282672,True,282672
148.60365653038025,5929,1,48,284592,True,284592
148.70403623580933,6000,1,48,288000,True,288000
148.7987711429596,5955,1,48,285840,True,285840
148.90068817138672,5994,1,48,287712,True,287712
148.99646663665771,5961,1,48,286128,True,286128
149.1195249557495,6046,1,48,290208,True,290208
149.19759917259216,5491,1,48,263568,True,263568
149.30644488334656,6699,1,48,321552,True,321552
149.4044177532196,6123,1,48,293904,True,293904
149.49938011169434,6172,1,48,296256,True,296256
149.59865140914917,6166,1,48,295968,True,295968
149.6997389793396,6176,1,48,296448,True,296448
149.80570554733276,6202,1,48,297696,True,297696
149.90458631515503,6066,1,48,291168,True,291168
150.01214575767517,6291,1,48,301968,True,301968
150.12370777130127,6094,1,48,292512,True,292512
150.19985556602478,6322,1,48,303456,True,303456
150.29908227920532,6189,1,48,297072,True,297072
150.39960145950317,6221,1,48,298608,True,298608
150.49892020225525,6187,1,48,296976,True,296976
150.61221861839294,6211,1,48,298128,True,298128
150.70986199378967,6200,1,48,297600,True,297600
150.80414509773254,6119,1,48,293712,True,293712
150.89933729171753,6252,1,48,300096,True,300096
151.00038123130798,6155,1,48,295440,True,295440
151.11826968193054,6226,1,48,298848,True,298848
151.203115940094,6191,1,48,297168,True,297168
151.31623339653015,6198,1,48,297504,True,297504
151.4004979133606,6233,1,48,299184,True,299184
151.49978137016296,6179,1,48,296592,True,296592
151.61325764656067,6204,1,48,297792,True,297792
151.71915817260742,6206,1,48,297888,True,297888
151.80534839630127,6233,1,48,299184,True,299184
151.93533730506897,6186,1,48,296928,True,296928
152.0009572505951,6184,1,48,296832,True,296832
152.10307002067566,6195,1,48,297360,True,297360
152.21268582344055,6196,1,48,297408,True,297408
152.30488514900208,6207,1,48,297936,True,297936
152.40106344223022,5793,1,48,278064,True,278064
152.50253915786743,6616,1,48,317568,True,317568
152.60075426101685,6236,1,48,299328,True,299328
152.70908451080322,6210,1,48,298080,True,298080
152.79960298538208,6073,1,48,291504,True,291504
152.90321016311646,6343,1,48,304464,True,304464
153.00951552391052,6223,1,48,298704,True,298704
153.1145884990692,6238,1,48,299424,True,299424
153.20082569122314,6195,1,48,297360,True,297360
153.29887652397156,6227,1,48,298896,True,298896
153.42053127288818,6220,1,48,298560,True,298560
153.50027537345886,6213,1,48,298224,True,298224
153.6124095916748,6196,1,48,297408,True,297408
153.69937252998352,6237,1,48,299376,True,299376
153.82769680023193,6047,1,48,290256,True,290256
153.89915990829468,6338,1,48,304224,True,304224
154.03483152389526,6212,1,48,298176,True,298176
154.10150289535522,6215,1,48,298320,True,298320
154.1995131969452,6208,1,48,297984,True,297984
154.30383205413818,6216,1,48,298368,True,298368
154.40026259422302,5603,1,48,268944,True,268944
154.5050013065338,6815,1,48,327120,True,327120
154.63573694229126,6221,1,48,298608,True,298608
154.71768999099731,6208,1,48,297984,True,297984
154.80683732032776,5948,1,48,285504,True,285504
154.93745589256287,6490,1,48,311520,True,311520
154.99751687049866,6226,1,48,298848,True,298848
155.09695029258728,6221,1,48,298608,True,298608
155.19687914848328,6207,1,48,297936,True,297936
155.3200421333313,6204,1,48,297792,True,297792
155.3999629020691,6232,1,48,299136,True,299136
155.50153279304504,6228,1,48,298944,True,298944
155.60044312477112,6182,1,48,296736,True,296736
155.73428559303284,6199,1,48,297552,True,297552
155.79799461364746,6182,1,48,296736,True,296736
155.90006303787231,6242,1,48,299616,True,299616
156.02847027778625,6233,1,48,299184,True,299184
156.12237572669983,6251,1,48,300048,True,300048
156.20724868774414,6191,1,48,297168,True,297168
156.30651450157166,6214,1,48,298272,True,298272
156.41794204711914,6209,1,48,298032,True,298032
156.49977374076843,6189,1,48,297072,True,297072
156.5983018875122,6223,1,48,298704,True,298704
156.6965720653534,6192,1,48,297216,True,297216
156.81730961799622,6237,1,48,299376,True,299376
156.91949558258057,6226,1,48,298848,True,298848
157.00554060935974,5979,1,48,286992,True,286992
157.0971484184265,6441,1,48,309168,True,309168
157.21668577194214,6231,1,48,299088,True,299088
157.30198001861572,6205,1,48,297840,True,297840
157.39989590644836,6256,1,48,300288,True,300288
157.52679347991943,6227,1,48,298896,True,298896
157.62310791015625,6189,1,48,297072,True,297072
157.72931814193726,6231,1,48,299088,True,299088
157.81614232063293,6203,1,48,297744,True,297744
157.90748977661133,6076,1,48,291648,True,291648
158.02080917358398,6379,1,48,306192,True,306192
158.10146379470825,6204,1,48,297792,True,297792
158.19666051864624,6248,1,48,299904,True,299904
158.31761980056763,6187,1,48,296976,True,296976
158.39518904685974,6075,1,48,291600,True,291600
158.49842834472656,6345,1,48,304560,True,304560
158.59830141067505,6206,1,48,297888,True,297888
158.717707157135,6203,1,48,297744,True,297744
158.82719779014587,6163,1,48,295824,True,295824
158.89804553985596,6285,1,48,301680,True,301680
159.01814198493958,6201,1,48,297648,True,297648
159.11680817604065,6211,1,48,298128,True,298128
159.2178966999054,6208,1,48,297984,True,297984
159.30116963386536,6195,1,48,297360,True,297360
159.40169644355774,6058,1,48,290784,True,290784
159.51882529258728,6385,1,48,306480,True,306480
159.5953187942505,6234,1,48,299232,True,299232
159.69621658325195,6215,1,48,298320,True,298320
159.818101644516,6196,1,48,297408,True,297408
159.92185831069946,6238,1,48,299424,True,299424
160.00184321403503,6072,1,48,291456,True,291456
160.1045207977295,6339,1,48,304272,True,304272
160.22052192687988,6200,1,48,297600,True,297600
160.31745266914368,6248,1,48,299904,True,299904
160.39501070976257,6191,1,48,297168,True,297168
160.4990360736847,6215,1,48,298320,True,298320
160.61775946617126,6219,1,48,298512,True,298512
160.7307140827179,6233,1,48,299184,True,299184
160.80631971359253,6190,1,48,297120,True,297120
160.91722965240479,6214,1,48,298272,True,298272
161.02241730690002,6217,1,48,298416,True,298416
161.11676669120789,6225,1,48,298800,True,298800
161.20114183425903,6188,1,48,297024,True,297024
161.33095407485962,6228,1,48,298944,True,298944
161.4212510585785,6200,1,48,297600,True,297600
161.49821400642395,6214,1,48,298272,True,298272
161.61190247535706,6222,1,48,298656,True,298656
161.69969940185547,5943,1,48,285264,True,285264
161.81622648239136,6482,1,48,311136,True,311136
161.8970386981964,6181,1,48,296688,True,296688
162.0231330394745,6084,1,48,292032,True,292032
162.12009835243225,6357,1,48,305136,True,305136
162.2413206100464,6202,1,48,297696,True,297696
162.32117557525635,6096,1,48,292608,True,292608
162.40142250061035,6299,1,48,302352,True,302352
162.51597809791565,6226,1,48,298848,True,298848
162.6198661327362,6180,1,48,296640,True,296640
162.7155797481537,6254,1,48,300192,True,300192
162.829607963562,6187,1,48,296976,True,296976
162.9274182319641,6215,1,48,298320,True,298320
163.01902151107788,6211,1,48,298128,True,298128
163.1167893409729,6190,1,48,297120,True,297120
163.23209524154663,6215,1,48,298320,True,298320
163.32796669006348,6197,1,48,297456,True,297456
163.41830945014954,6129,1,48,294192,True,294192
163.4992003440857,6297,1,48,302256,True,302256
163.61557531356812,6184,1,48,296832,True,296832
163.71948742866516,6206,1,48,297888,True,297888
163.83505010604858,6084,1,48,292032,True,292032
163.91365957260132,6305,1,48,302640,True,302640
164.0304582118988,6192,1,48,297216,True,297216
164.12924647331238,6219,1,48,298512,True,298512
164.21756196022034,6215,1,48,298320,True,298320
164.3426992893219,6197,1,48,297456,True,297456
164.4171211719513,6200,1,48,297600,True,297600
164.5185718536377,6199,1,48,297552,True,297552
164.59657049179077,6202,1,48,297696,True,297696
164.71687579154968,6200,1,48,297600,True,297600
164.82004594802856,6104,1,48,292992,True,292992
164.91460943222046,6295,1,48,302160,True,302160
165.02960801124573,6215,1,48,298320,True,298320
165.1175148487091,6191,1,48,297168,True,297168
165.2233681678772,6197,1,48,297456,True,297456
165.29724550247192,6219,1,48,298512,True,298512
165.42732572555542,6206,1,48,297888,True,297888
165.52186727523804,6201,1,48,297648,True,297648
165.61539959907532,6206,1,48,297888,True,297888
165.7150843143463,6209,1,48,298032,True,298032
165.8399064540863,6198,1,48,297504,True,297504
165.9289357662201,6206,1,48,297888,True,297888
166.0146563053131,6228,1,48,298944,True,298944
166.09651255607605,6232,1,48,299136,True,299136
166.22706770896912,6192,1,48,297216,True,297216
166.33882880210876,6199,1,48,297552,True,297552
166.42743492126465,6214,1,48,298272,True,298272
166.51672911643982,6194,1,48,297312,True,297312
166.6142508983612,6207,1,48,297936,True,297936
166.7138910293579,6246,1,48,299808,True,299808
166.81737852096558,6196,1,48,297408,True,297408
166.92280316352844,6180,1,48,296640,True,296640
167.01545572280884,6215,1,48,298320,True,298320
167.11456871032715,6223,1,48,298704,True,298704
167.23296642303467,6210,1,48,298080,True,298080
167.3143653869629,6184,1,48,296832,True,296832
167.41995882987976,6245,1,48,299760,True,299760
167.52763390541077,5872,1,48,281856,True,281856
167.60065054893494,6535,1,48,313680,True,313680
167.72776770591736,6222,1,48,298656,True,298656
167.83128380775452,6211,1,48,298128,True,298128
167.92945051193237,6218,1,48,298464,True,298464
168.02655339241028,6195,1,48,297360,True,297360
168.12159776687622,6231,1,48,299088,True,299088
168.19181871414185,5839,1,48,280272,True,280272
168.31941270828247,6528,1,48,313344,True,313344
168.41461300849915,6109,1,48,293232,True,293232
168.5199179649353,6336,1,48,304128,True,304128
168.62247848510742,6210,1,48,298080,True,298080
168.72574877738953,6209,1,48,298032,True,298032
168.81832885742188,6180,1,48,296640,True,296640
168.9150471687317,6209,1,48,298032,True,298032
169.03735828399658,6232,1,48,299136,True,299136
169.11414051055908,6227,1,48,298896,True,298896
169.23300695419312,6196,1,48,297408,True,297408
169.32096457481384,6202,1,48,297696,True,297696
169.41626358032227,6143,1,48,294864,True,294864
169.52913689613342,5981,1,48,287088,True,287088
169.6169033050537,6363,1,48,305424,True,305424
169.721009016037,6201,1,48,297648,True,297648
169.8414330482483,6207,1,48,297936,True,297936
169.91716599464417,6101,1,48,292848,True,292848
170.01795482635498,6190,1,48,297120,True,297120
170.11776757240295,6223,1,48,298704,True,298704
170.23252964019775,6145,1,48,294960,True,294960
170.33449268341064,6175,1,48,296400,True,296400
170.42053413391113,6176,1,48,296448,True,296448
170.52114844322205,6195,1,48,297360,True,297360
170.62786388397217,6180,1,48,296640,True,296640
170.72960877418518,6114,1,48,293472,True,293472
170.8396351337433,6233,1,48,299184,True,299184
170.92663884162903,6169,1,48,296112,True,296112
171.03482103347778,6199,1,48,297552,True,297552
171.143075466156,6196,1,48,297408,True,297408
171.22878551483154,6188,1,48,297024,True,297024
171.32492876052856,6129,1,48,294192,True,294192
171.4500696659088,6178,1,48,296544,True,296544
171.5221712589264,6217,1,48,298416,True,298416
171.62658643722534,6165,1,48,295920,True,295920
171.72366738319397,6161,1,48,295728,True,295728
171.8355302810669,6166,1,48,295968,True,295968
171.9544620513916,6171,1,48,296208,True,296208
172.03040742874146,6193,1,48,297264,True,297264
172.12796354293823,6155,1,48,295440,True,295440
172.24140739440918,6198,1,48,297504,True,297504
172.32914972305298,6143,1,48,294864,True,294864
172.42818999290466,6199,1,48,297552,True,297552
172.53826761245728,6203,1,48,297744,True,297744
172.62855863571167,6184,1,48,296832,True,296832
172.74302196502686,6147,1,48,295056,True,295056
172.83119368553162,6187,1,48,296976,True,296976
172.92949151992798,6197,1,48,297456,True,297456
173.05088233947754,6190,1,48,297120,True,297120
173.1319501399994,6169,1,48,296112,True,296112
173.21295022964478,6202,1,48,297696,True,297696
173.3450894355774,6166,1,48,295968,True,295968
173.4373939037323,6182,1,48,296736,True,296736
173.54016423225403,6197,1,48,297456,True,297456
173.64741969108582,6176,1,48,296448,True,296448
173.7461667060852,6172,1,48,296256,True,296256
173.84740257263184,6156,1,48,295488,True,295488
173.9562005996704,6158,1,48,295584,True,295584
174.03833508491516,6236,1,48,299328,True,299328
174.13608717918396,6105,1,48,293040,True,293040
174.23478078842163,6194,1,48,297312,True,297312
174.3533055782318,6214,1,48,298272,True,298272
174.43625497817993,6203,1,48,297744,True,297744
174.54915857315063,6205,1,48,297840,True,297840
174.61733889579773,5852,1,48,280896,True,280896
174.73670196533203,6550,1,48,314400,True,314400
174.83663034439087,6170,1,48,296160,True,296160
174.95865988731384,6153,1,48,295344,True,295344
175.0374734401703,5970,1,48,286560,True,286560
175.1464684009552,6456,1,48,309888,True,309888
175.25826382637024,6143,1,48,294864,True,294864
175.31928253173828,6035,1,48,289680,True,289680
175.44287824630737,6317,1,48,303216,True,303216
175.55618596076965,6206,1,48,297888,True,297888
175.6341836452484,5601,1,48,268848,True,268848
175.76482677459717,6795,1,48,326160,True,326160
175.8500235080719,6198,1,48,297504,True,297504
175.95257091522217,6150,1,48,295200,True,295200
176.02430939674377,6096,1,48,292608,True,292608
176.15061831474304,6281,1,48,301488,True,301488
176.22656512260437,6197,1,48,297456,True,297456
176.35219883918762,6198,1,48,297504,True,297504
176.4238452911377,6132,1,48,294336,True,294336
176.54378080368042,6105,1,48,293040,True,293040
176.64671111106873,6306,1,48,302688,True,302688
176.7257878780365,6213,1,48,298224,True,298224
176.82515907287598,6189,1,48,297072,True,297072
176.9483027458191,6151,1,48,295248,True,295248
177.04389595985413,6167,1,48,296016,True,296016
177.12619471549988,6189,1,48,297072,True,297072
177.2644271850586,6193,1,48,297264,True,297264
177.34855794906616,5804,1,48,278592,True,278592
177.47508835792542,6586,1,48,316128,True,316128
177.53218603134155,6082,1,48,291936,True,291936
177.6279594898224,6236,1,48,299328,True,299328
177.74166011810303,5887,1,48,282576,True,282576
177.8381404876709,6533,1,48,313584,True,313584
177.98166036605835,6188,1,48,297024,True,297024
178.0290355682373,5993,1,48,287664,True,287664
178.1313796043396,6369,1,48,305712,True,305712
178.2318239212036,6178,1,48,296544,True,296544
178.33038687705994,6197,1,48,297456,True,297456
178.46479845046997,6235,1,48,299280,True,299280
178.53304505348206,6160,1,48,295680,True,295680
178.63294911384583,6144,1,48,294912,True,294912
178.75854015350342,6207,1,48,297936,True,297936
178.85546207427979,5916,1,48,283968,True,283968
178.93092465400696,6438,1,48,309024,True,309024
179.05999279022217,6185,1,48,296880,True,296880
179.1409387588501,6181,1,48,296688,True,296688
179.25352096557617,6165,1,48,295920,True,295920
179.3475387096405,5300,1,48,254400,True,254400
179.43690180778503,7046,1,48,338208,True,338208
179.5592007637024,6187,1,48,296976,True,296976
179.63402223587036,5496,1,48,263808,True,263808
179.74569272994995,6884,1,48,330432,True,330432
179.84960222244263,6166,1,48,295968,True,295968
179.93485474586487,6164,1,48,295872,True,295872
180.0485463142395,6176,1,48,296448,True,296448
180.148864030838,6194,1,48,297312,True,297312
180.23953318595886,6195,1,48,297360,True,297360
180.3367428779602,6208,1,48,297984,True,297984
180.43480563163757,6175,1,48,296400,True,296400
180.55709886550903,6163,1,48,295824,True,295824
180.65006971359253,6041,1,48,289968,True,289968
180.7384147644043,6222,1,48,298656,True,298656
180.84578609466553,6317,1,48,303216,True,303216
180.9626269340515,6217,1,48,298416,True,298416
181.03577756881714,5994,1,48,287712,True,287712
181.14655113220215,6348,1,48,304704,True,304704
181.257883310318,6138,1,48,294624,True,294624
181.3423376083374,6202,1,48,297696,True,297696
181.45262479782104,6180,1,48,296640,True,296640
181.55236649513245,5982,1,48,287136,True,287136
181.64218091964722,6409,1,48,307632,True,307632
181.74120569229126,6209,1,48,298032,True,298032
181.84943556785583,5967,1,48,286416,True,286416
181.94912123680115,6185,1,48,296880,True,296880
182.06107664108276,6403,1,48,307344,True,307344
182.14757776260376,6158,1,48,295584,True,295584
182.2702658176422,6266,1,48,300768,True,300768
182.36134338378906,6192,1,48,297216,True,297216
182.4452383518219,6164,1,48,295872,True,295872
182.57028365135193,6263,1,48,300624,True,300624
182.6515772342682,6201,1,48,297648,True,297648
182.7454674243927,6211,1,48,298128,True,298128
182.86763739585876,6228,1,48,298944,True,298944
182.94780802726746,5824,1,48,279552,True,279552
183.0496256351471,6541,1,48,313968,True,313968
183.14809775352478,6142,1,48,294816,True,294816
183.26538467407227,6210,1,48,298080,True,298080
183.3504602909088,6209,1,48,298032,True,298032
183.4544379711151,6217,1,48,298416,True,298416
183.56369256973267,6191,1,48,297168,True,297168
183.65050792694092,6198,1,48,297504,True,297504
183.7560122013092,6183,1,48,296784,True,296784
183.86901831626892,6151,1,48,295248,True,295248
183.94846725463867,5843,1,48,280464,True,280464
184.05546712875366,6588,1,48,316224,True,316224
184.16545033454895,6200,1,48,297600,True,297600
184.25682425498962,6171,1,48,296208,True,296208
184.3514609336853,6201,1,48,297648,True,297648
184.44786763191223,6141,1,48,294768,True,294768
184.55184888839722,6177,1,48,296496,True,296496
184.6605100631714,6184,1,48,296832,True,296832
184.75069403648376,6111,1,48,293328,True,293328
184.8615243434906,6320,1,48,303360,True,303360
184.95342898368835,6209,1,48,298032,True,298032
185.05035781860352,6206,1,48,297888,True,297888
185.1614956855774,6171,1,48,296208,True,296208
185.25991368293762,6128,1,48,294144,True,294144
185.35519576072693,6170,1,48,296160,True,296160
185.46901106834412,6179,1,48,296592,True,296592
185.562180519104,6160,1,48,295680,True,295680
185.6712453365326,6266,1,48,300768,True,300768
185.77362394332886,6163,1,48,295824,True,295824
185.8544683456421,6197,1,48,297456,True,297456
185.9646556377411,6182,1,48,296736,True,296736
186.06909370422363,6143,1,48,294864,True,294864
186.15291619300842,6198,1,48,297504,True,297504
186.25898003578186,6200,1,48,297600,True,297600
186.35636711120605,6221,1,48,298608,True,298608
186.4614520072937,6219,1,48,298512,True,298512
186.5537073612213,6143,1,48,294864,True,294864
186.65992093086243,6176,1,48,296448,True,296448
186.75606417655945,6183,1,48,296784,True,296784
186.85688376426697,6220,1,48,298560,True,298560
186.96409225463867,6189,1,48,297072,True,297072
187.05870008468628,6207,1,48,297936,True,297936
187.16464853286743,6204,1,48,297792,True,297792
187.2600109577179,6171,1,48,296208,True,296208
187.36975026130676,6234,1,48,299232,True,299232
187.46158862113953,6105,1,48,293040,True,293040
187.5594732761383,6254,1,48,300192,True,300192
187.68221950531006,6217,1,48,298416,True,298416
187.75943160057068,6042,1,48,290016,True,290016
187.85910511016846,6372,1,48,305856,True,305856
187.96600604057312,6142,1,48,294816,True,294816
188.0832085609436,6249,1,48,299952,True,299952
188.16604566574097,5975,1,48,286800,True,286800
188.26238536834717,6408,1,48,307584,True,307584
188.36230206489563,6176,1,48,296448,True,296448
188.4684317111969,6194,1,48,297312,True,297312
188.5677366256714,6215,1,48,298320,True,298320
188.66949582099915,6189,1,48,297072,True,297072
188.76282954216003,6183,1,48,296784,True,296784
188.8429536819458,6216,1,48,298368,True,298368
188.98104572296143,6177,1,48,296496,True,296496
189.07988786697388,6189,1,48,297072,True,297072
189.15056347846985,6189,1,48,297072,True,297072
189.25677180290222,6206,1,48,297888,True,297888
189.37879824638367,6187,1,48,296976,True,296976
189.4685184955597,6014,1,48,288672,True,288672
189.54637694358826,6406,1,48,307488,True,307488
189.66498923301697,6195,1,48,297360,True,297360
189.7438097000122,6206,1,48,297888,True,297888
189.84859251976013,6199,1,48,297552,True,297552
189.94262838363647,6161,1,48,295728,True,295728
190.0609049797058,6084,1,48,292032,True,292032
190.15598464012146,6081,1,48,291888,True,291888
190.28880214691162,6443,1,48,309264,True,309264
190.35769248008728,6155,1,48,295440,True,295440
190.44668769836426,5782,1,48,277536,True,277536
190.5476508140564,6644,1,48,318912,True,318912
190.64814853668213,6181,1,48,296688,True,296688
190.76760411262512,6204,1,48,297792,True,297792
190.86432647705078,5700,1,48,273600,True,273600
190.95538806915283,6722,1,48,322656,True,322656
191.04839658737183,6196,1,48,297408,True,297408
191.14802241325378,6206,1,48,297888,True,297888
191.2453260421753,6198,1,48,297504,True,297504
191.34777569770813,6213,1,48,298224,True,298224
191.44721245765686,6166,1,48,295968,True,295968
191.57280111312866,6215,1,48,298320,True,298320
191.6483657360077,6146,1,48,295008,True,295008
191.75090098381042,6216,1,48,298368,True,298368
191.85090970993042,6205,1,48,297840,True,297840
191.94908905029297,6197,1,48,297456,True,297456
192.05108308792114,6194,1,48,297312,True,297312
192.16791677474976,6166,1,48,295968,True,295968
192.25109481811523,6003,1,48,288144,True,288144
192.35961151123047,6408,1,48,307584,True,307584
192.44877338409424,6173,1,48,296304,True,296304
192.58631348609924,6230,1,48,299040,True,299040
192.65265941619873,6082,1,48,291936,True,291936
192.7567732334137,6285,1,48,301680,True,301680
192.8553981781006,6224,1,48,298752,True,298752
192.95233273506165,6178,1,48,296544,True,296544
193.0513424873352,6245,1,48,299760,True,299760
193.1520230770111,6155,1,48,295440,True,295440
193.25258994102478,6207,1,48,297936,True,297936
193.38253784179688,6164,1,48,295872,True,295872
193.46124529838562,6198,1,48,297504,True,297504
193.57319951057434,6175,1,48,296400,True,296400
193.65345406532288,6061,1,48,290928,True,290928
193.751403093338,6370,1,48,305760,True,305760
193.85510206222534,6156,1,48,295488,True,295488
193.95338702201843,6256,1,48,300288,True,300288
194.06823325157166,6155,1,48,295440,True,295440
194.1950147151947,5989,1,48,287472,True,287472
194.26882147789001,6199,1,48,297552,True,297552
194.35716485977173,6339,1,48,304272,True,304272
194.46038222312927,6211,1,48,298128,True,298128
194.5565583705902,6171,1,48,296208,True,296208
194.65505647659302,6177,1,48,296496,True,296496
194.76492714881897,6189,1,48,297072,True,297072
194.89479756355286,6051,1,48,290448,True,290448
194.97267603874207,5835,1,48,280080,True,280080
195.05878615379333,6433,1,48,308784,True,308784
195.16199779510498,6301,1,48,302448,True,302448
195.2631232738495,6186,1,48,296928,True,296928
195.35768032073975,6204,1,48,297792,True,297792
195.46259689331055,6169,1,48,296112,True,296112
195.5898163318634,6208,1,48,297984,True,297984
195.66310620307922,5953,1,48,285744,True,285744
195.75897574424744,6367,1,48,305616,True,305616
195.88008379936218,6182,1,48,296736,True,296736
195.96050429344177,5820,1,48,279360,True,279360
196.0601568222046,6531,1,48,313488,True,313488
196.161301612854,6195,1,48,297360,True,297360
196.26983737945557,6182,1,48,296736,True,296736
196.3700611591339,6209,1,48,298032,True,298032
196.47020721435547,6185,1,48,296880,True,296880
196.53672981262207,5967,1,48,286416,True,286416
196.66391897201538,6409,1,48,307632,True,307632
196.73858165740967,6198,1,48,297504,True,297504
196.86013960838318,6185,1,48,296880,True,296880
196.9575436115265,6139,1,48,294672,True,294672
197.06085920333862,6157,1,48,295536,True,295536
197.1867105960846,6184,1,48,296832,True,296832
197.2603795528412,5787,1,48,277776,True,277776
197.34133505821228,6527,1,48,313296,True,313296
197.46115040779114,6229,1,48,298992,True,298992
197.54100227355957,6201,1,48,297648,True,297648
197.68036913871765,6087,1,48,292176,True,292176
197.76272296905518,5955,1,48,285840,True,285840
197.84700655937195,6505,1,48,312240,True,312240
197.95167231559753,6162,1,48,295776,True,295776
198.06469249725342,6112,1,48,293376,True,293376
198.14692068099976,6230,1,48,299040,True,299040
198.26683259010315,6202,1,48,297696,True,297696
198.35031056404114,6199,1,48,297552,True,297552
198.4439377784729,5989,1,48,287472,True,287472
198.56695914268494,6357,1,48,305136,True,305136
198.6528081893921,6051,1,48,290448,True,290448
198.7433888912201,6208,1,48,297984,True,297984
198.8423135280609,5990,1,48,287520,True,287520
198.9400737285614,6001,1,48,288048,True,288048
199.04245686531067,5836,1,48,280128,True,280128
199.16291451454163,5732,1,48,275136,True,275136
199.24796295166016,5587,1,48,268176,True,268176
199.35941576957703,5530,1,48,265440,True,265440
199.4561095237732,5318,1,48,255264,True,255264
199.54560136795044,5219,1,48,250512,True,250512
199.6563115119934,5242,1,48,251616,True,251616
199.74272465705872,5121,1,48,245808,True,245808
199.84277391433716,5028,1,48,241344,True,241344
199.94075798988342,5084,1,48,244032,True,244032
200.05907368659973,4913,1,48,235824,True,235824
200.16670942306519,4781,1,48,229488,True,229488
200.23921394348145,4454,1,48,213792,True,213792
200.33742547035217,3836,1,48,184128,True,184128
200.43583703041077,3233,1,48,155184,True,155184
200.53275275230408,3164,1,48,151872,True,151872
200.65153408050537,3072,1,48,147456,True,147456
200.748637676239,3067,1,48,147216,True,147216
200.83900237083435,3267,1,48,156816,True,156816
200.94079637527466,3581,1,48,171888,True,171888
201.06572484970093,4049,1,48,194352,True,194352
201.17383670806885,4151,1,48,199248,True,199248
201.2497217655182,4142,1,48,198816,True,198816
201.35490107536316,4230,1,48,203040,True,203040
201.4450662136078,4309,1,48,206832,True,206832
201.5458493232727,4453,1,48,213744,True,213744
201.64148783683777,4419,1,48,212112,True,212112
201.7422263622284,4431,1,48,212688,True,212688
201.84438061714172,4460,1,48,214080,True,214080
201.94404435157776,4483,1,48,215184,True,215184
202.04721474647522,4357,1,48,209136,True,209136
202.16617488861084,4435,1,48,212880,True,212880
202.2503535747528,3680,1,48,176640,True,176640
202.3484811782837,5074,1,48,243552,True,243552
202.44726276397705,4271,1,48,205008,True,205008
202.545175075531,4432,1,48,212736,True,212736
202.6465618610382,4348,1,48,208704,True,208704
202.74532341957092,4404,1,48,211392,True,211392
202.8589837551117,4379,1,48,210192,True,210192
202.947256565094,4360,1,48,209280,True,209280
203.0515148639679,4461,1,48,214128,True,214128
203.14722275733948,4418,1,48,212064,True,212064
203.2462146282196,4424,1,48,212352,True,212352
203.34808349609375,4360,1,48,209280,True,209280
203.45536470413208,4354,1,48,208992,True,208992
203.57060408592224,4361,1,48,209328,True,209328
203.66389417648315,4330,1,48,207840,True,207840
203.75808835029602,4247,1,48,203856,True,203856
203.85556721687317,4423,1,48,212304,True,212304
203.94752264022827,4455,1,48,213840,True,213840
204.05064392089844,4382,1,48,210336,True,210336
204.1483657360077,4404,1,48,211392,True,211392
204.2301423549652,4380,1,48,210240,True,210240
204.363431930542,4432,1,48,212736,True,212736
204.4564836025238,4463,1,48,214224,True,214224
204.52985763549805,4453,1,48,213744,True,213744
204.64974427223206,4455,1,48,213840,True,213840
204.750550031662,4489,1,48,215472,True,215472
204.83145904541016,4529,1,48,217392,True,217392
204.93033576011658,4506,1,48,216288,True,216288
205.06012654304504,4529,1,48,217392,True,217392
205.1338288784027,4355,1,48,209040,True,209040
205.2454125881195,4670,1,48,224160,True,224160
205.36909818649292,4592,1,48,220416,True,220416
205.43214464187622,4504,1,48,216192,True,216192
205.5331745147705,4501,1,48,216048,True,216048
205.63342094421387,4545,1,48,218160,True,218160
205.73095178604126,4519,1,48,216912,True,216912
205.84942293167114,4537,1,48,217776,True,217776
205.93068861961365,4468,1,48,214464,True,214464
206.03592920303345,4643,1,48,222864,True,222864
206.14089918136597,4554,1,48,218592,True,218592
206.23543787002563,4592,1,48,220416,True,220416
206.33489561080933,4610,1,48,221280,True,221280
206.43587565422058,4613,1,48,221424,True,221424
206.54409623146057,4629,1,48,222192,True,222192
206.63194131851196,4196,1,48,201408,True,201408
206.73511505126953,5037,1,48,241776,True,241776
206.8337860107422,4601,1,48,220848,True,220848
206.93979954719543,4617,1,48,221616,True,221616
207.03550386428833,4577,1,48,219696,True,219696
207.13990306854248,4689,1,48,225072,True,225072
207.25339007377625,4336,1,48,208128,True,208128
207.33330535888672,4877,1,48,234096,True,234096
207.43555212020874,4632,1,48,222336,True,222336
207.53760981559753,4624,1,48,221952,True,221952
207.633939743042,4611,1,48,221328,True,221328
207.73566818237305,4638,1,48,222624,True,222624
207.83437371253967,4639,1,48,222672,True,222672
207.96257400512695,4600,1,48,220800,True,220800
208.04480957984924,4600,1,48,220800,True,220800
208.1433355808258,4483,1,48,215184,True,215184
208.23859405517578,4693,1,48,225264,True,225264
208.33850383758545,4604,1,48,220992,True,220992
208.43642115592957,4545,1,48,218160,True,218160
208.53516507148743,4597,1,48,220656,True,220656
208.64256381988525,4516,1,48,216768,True,216768
208.7567160129547,4418,1,48,212064,True,212064
208.84529328346252,4607,1,48,221136,True,221136
208.9375295639038,4482,1,48,215136,True,215136
209.07788252830505,4437,1,48,212976,True,212976
209.17273998260498,4377,1,48,210096,True,210096
209.25894403457642,4195,1,48,201360,True,201360
209.35403084754944,4672,1,48,224256,True,224256
209.45423197746277,4624,1,48,221952,True,221952
209.5359742641449,4308,1,48,206784,True,206784
209.63739466667175,4750,1,48,228000,True,228000
209.7400622367859,4617,1,48,221616,True,221616
209.84101057052612,4605,1,48,221040,True,221040
209.9392614364624,4544,1,48,218112,True,218112
210.03706288337708,4596,1,48,220608,True,220608
210.13969254493713,4589,1,48,220272,True,220272
210.24054098129272,4539,1,48,217872,True,217872
210.35403108596802,4580,1,48,219840,True,219840
210.4457700252533,4487,1,48,215376,True,215376
210.5443093776703,4738,1,48,227424,True,227424
210.62620329856873,4686,1,48,224928,True,224928
210.74296283721924,4695,1,48,225360,True,225360
210.84096002578735,4719,1,48,226512,True,226512
210.9401195049286,4652,1,48,223296,True,223296
211.04090452194214,4679,1,48,224592,True,224592
211.16306519508362,4581,1,48,219888,True,219888
211.22387742996216,4755,1,48,228240,True,228240
211.3394651412964,4661,1,48,223728,True,223728
211.4460916519165,4663,1,48,223824,True,223824
211.52163457870483,4638,1,48,222624,True,222624
211.63956451416016,4626,1,48,222048,True,222048
211.73815321922302,4654,1,48,223392,True,223392
211.84920525550842,4640,1,48,222720,True,222720
211.92009782791138,4678,1,48,224544,True,224544
212.02454376220703,4627,1,48,222096,True,222096
212.14096808433533,4728,1,48,226944,True,226944
212.21987199783325,4642,1,48,222816,True,222816
212.32309365272522,4767,1,48,228816,True,228816
212.43372988700867,4670,1,48,224160,True,224160
212.52030181884766,4691,1,48,225168,True,225168
212.63047742843628,4633,1,48,222384,True,222384
212.72565960884094,4720,1,48,226560,True,226560
212.82680797576904,4663,1,48,223824,True,223824
212.92517042160034,4662,1,48,223776,True,223776
213.02157163619995,4707,1,48,225936,True,225936
213.1264410018921,4756,1,48,228288,True,228288
213.24737167358398,4908,1,48,235584,True,235584
213.339772939682,4524,1,48,217152,True,217152
213.4318585395813,5425,1,48,260400,True,260400
213.5268838405609,5037,1,48,241776,True,241776
213.62462306022644,5077,1,48,243696,True,243696
213.72268104553223,4948,1,48,237504,True,237504
213.8288917541504,5178,1,48,248544,True,248544
213.92474222183228,5036,1,48,241728,True,241728
214.02438521385193,5184,1,48,248832,True,248832
214.1273865699768,5241,1,48,251568,True,251568
214.22764325141907,5311,1,48,254928,True,254928
214.3265459537506,5322,1,48,255456,True,255456
214.4680986404419,5470,1,48,262560,True,262560
214.532057762146,5414,1,48,259872,True,259872
214.62713170051575,5517,1,48,264816,True,264816
214.78734850883484,5610,1,48,269280,True,269280
214.82678627967834,5631,1,48,270288,True,270288
214.92896008491516,5798,1,48,278304,True,278304
215.02932500839233,5837,1,48,280176,True,280176
215.17389392852783,5918,1,48,284064,True,284064
215.25656032562256,5979,1,48,286992,True,286992
215.3381383419037,5943,1,48,285264,True,285264
215.44351196289062,6170,1,48,296160,True,296160
215.52746057510376,6150,1,48,295200,True,295200
215.62977528572083,6163,1,48,295824,True,295824
215.73079442977905,6174,1,48,296352,True,296352
215.82979822158813,6180,1,48,296640,True,296640
215.935293674469,6167,1,48,296016,True,296016
216.03303480148315,6111,1,48,293328,True,293328
216.1296489238739,6219,1,48,298512,True,298512
216.2312240600586,6249,1,48,299952,True,299952
216.34298396110535,6156,1,48,295488,True,295488
216.434264421463,6078,1,48,291744,True,291744
216.53164839744568,6299,1,48,302352,True,302352
216.6401195526123,6201,1,48,297648,True,297648
216.7343511581421,6191,1,48,297168,True,297168
216.82432341575623,5824,1,48,279552,True,279552
216.93452668190002,6559,1,48,314832,True,314832
217.03970408439636,6220,1,48,298560,True,298560
217.1317548751831,5772,1,48,277056,True,277056
217.23781728744507,6604,1,48,316992,True,316992
217.35901999473572,6168,1,48,296064,True,296064
217.4357876777649,6132,1,48,294336,True,294336
217.53340196609497,6002,1,48,288096,True,288096
217.63285112380981,6477,1,48,310896,True,310896
217.74856400489807,6163,1,48,295824,True,295824
217.8469681739807,6193,1,48,297264,True,297264
217.9319884777069,6147,1,48,295056,True,295056
218.0148310661316,6203,1,48,297744,True,297744
218.16785955429077,6176,1,48,296448,True,296448
218.23468542099,6148,1,48,295104,True,295104
218.3157684803009,6230,1,48,299040,True,299040
218.43455004692078,6165,1,48,295920,True,295920
218.55720448493958,6237,1,48,299376,True,299376
218.62533736228943,6128,1,48,294144,True,294144
218.71847915649414,6264,1,48,300672,True,300672
218.8331789970398,6175,1,48,296400,True,296400
218.9559302330017,6187,1,48,296976,True,296976
219.01854515075684,6076,1,48,291648,True,291648
219.11565327644348,6289,1,48,301872,True,301872
219.2161853313446,6162,1,48,295776,True,295776
219.31433773040771,6268,1,48,300864,True,300864
219.4279899597168,6168,1,48,296064,True,296064
219.51542282104492,6198,1,48,297504,True,297504
219.618665933609,6174,1,48,296352,True,296352
219.71752977371216,6124,1,48,293952,True,293952
219.83235454559326,6191,1,48,297168,True,297168
219.91722559928894,6245,1,48,299760,True,299760
220.0228145122528,6169,1,48,296112,True,296112
220.12495374679565,6219,1,48,298512,True,298512
220.22506713867188,6179,1,48,296592,True,296592
220.32106685638428,6221,1,48,298608,True,298608
220.41507959365845,6190,1,48,297120,True,297120
220.52052092552185,6105,1,48,293040,True,293040
220.6144769191742,6292,1,48,302016,True,302016
220.72553420066833,6225,1,48,298800,True,298800
220.82997465133667,6081,1,48,291888,True,291888
220.92575407028198,6273,1,48,301104,True,301104
221.01725816726685,6190,1,48,297120,True,297120
221.13494181632996,6161,1,48,295728,True,295728
221.22206354141235,6221,1,48,298608,True,298608
221.31761503219604,6198,1,48,297504,True,297504
221.42834854125977,6187,1,48,296976,True,296976
221.51903557777405,6163,1,48,295824,True,295824
221.61976981163025,6190,1,48,297120,True,297120
221.72068285942078,6194,1,48,297312,True,297312
221.81976675987244,6186,1,48,296928,True,296928
221.9221386909485,6195,1,48,297360,True,297360
222.02013325691223,6247,1,48,299856,True,299856
222.1177146434784,6195,1,48,297360,True,297360
222.22853231430054,6211,1,48,298128,True,298128
222.34594702720642,6193,1,48,297264,True,297264
222.42558646202087,6170,1,48,296160,True,296160
222.5269627571106,6247,1,48,299856,True,299856
222.62144327163696,6180,1,48,296640,True,296640
222.71935606002808,6257,1,48,300336,True,300336
222.82168126106262,6187,1,48,296976,True,296976
222.91636037826538,6182,1,48,296736,True,296736
223.02050065994263,6206,1,48,297888,True,297888
223.11958742141724,6200,1,48,297600,True,297600
223.2400016784668,6188,1,48,297024,True,297024
223.3222622871399,6146,1,48,295008,True,295008
223.42411398887634,6209,1,48,298032,True,298032
223.52111721038818,6179,1,48,296592,True,296592
223.62562465667725,6149,1,48,295152,True,295152
223.74237704277039,6170,1,48,296160,True,296160
223.83920335769653,5833,1,48,279984,True,279984
223.92667698860168,6517,1,48,312816,True,312816
224.02318906784058,6165,1,48,295920,True,295920
224.1239447593689,6188,1,48,297024,True,297024
224.22272109985352,6159,1,48,295632,True,295632
224.31949710845947,6172,1,48,296256,True,296256
224.42579221725464,6174,1,48,296352,True,296352
224.53344249725342,6064,1,48,291072,True,291072
224.62074661254883,6172,1,48,296256,True,296256
224.7240526676178,6169,1,48,296112,True,296112
224.8219439983368,6194,1,48,297312,True,297312
224.9217176437378,6189,1,48,297072,True,297072
225.02067875862122,6164,1,48,295872,True,295872
225.10133242607117,6174,1,48,296352,True,296352
225.2221360206604,6163,1,48,295824,True,295824
225.3587851524353,6191,1,48,297168,True,297168
225.39880871772766,6163,1,48,295824,True,295824
225.51882767677307,5665,1,48,271920,True,271920
225.6242320537567,6592,1,48,316416,True,316416
225.70597910881042,6167,1,48,296016,True,296016
225.82649946212769,6147,1,48,295056,True,295056
225.90161418914795,6130,1,48,294240,True,294240
226.00119805335999,6164,1,48,295872,True,295872
226.1047112941742,6184,1,48,296832,True,296832
226.22072100639343,6198,1,48,297504,True,297504
226.3252522945404,6207,1,48,297936,True,297936
226.4024841785431,6188,1,48,297024,True,297024
226.52495336532593,6219,1,48,298512,True,298512
226.60410737991333,6210,1,48,298080,True,298080
226.70457339286804,6108,1,48,293184,True,293184
226.80555367469788,6315,1,48,303120,True,303120
226.908358335495,6213,1,48,298224,True,298224
227.00133085250854,6214,1,48,298272,True,298272
227.10807061195374,6213,1,48,298224,True,298224
227.20443320274353,6225,1,48,298800,True,298800
227.30407238006592,6213,1,48,298224,True,298224
227.44149827957153,6201,1,48,297648,True,297648
227.5053436756134,6220,1,48,298560,True,298560
227.60830116271973,6151,1,48,295248,True,295248
227.7135365009308,6046,1,48,290208,True,290208
227.80453824996948,6333,1,48,303984,True,303984
227.91306495666504,6214,1,48,298272,True,298272
228.01449346542358,6186,1,48,296928,True,296928
228.12503027915955,6171,1,48,296208,True,296208
228.2093505859375,6192,1,48,297216,True,297216
228.31782221794128,6212,1,48,298176,True,298176
228.41394758224487,6221,1,48,298608,True,298608
228.52203726768494,6177,1,48,296496,True,296496
228.61895608901978,6173,1,48,296304,True,296304
228.70810770988464,6204,1,48,297792,True,297792
228.81432843208313,6180,1,48,296640,True,296640
228.92143440246582,6116,1,48,293568,True,293568
229.00893759727478,6314,1,48,303072,True,303072
229.1128134727478,6206,1,48,297888,True,297888
229.21130800247192,6228,1,48,298944,True,298944
229.32379531860352,6177,1,48,296496,True,296496
229.40857458114624,6253,1,48,300144,True,300144
229.5181324481964,6212,1,48,298176,True,298176
229.6172902584076,6197,1,48,297456,True,297456
229.70747256278992,6166,1,48,295968,True,295968
229.81148433685303,6015,1,48,288720,True,288720
229.90621638298035,6410,1,48,307680,True,307680
230.00734329223633,6198,1,48,297504,True,297504
230.10723090171814,6192,1,48,297216,True,297216
230.20711374282837,6212,1,48,298176,True,298176
230.32664895057678,5965,1,48,286320,True,286320
230.41033601760864,6504,1,48,312192,True,312192
230.51235842704773,6234,1,48,299232,True,299232
230.60960817337036,6206,1,48,297888,True,297888
230.7188582420349,6236,1,48,299328,True,299328
230.84884476661682,6043,1,48,290064,True,290064
230.9151017665863,6349,1,48,304752,True,304752
231.0141339302063,6225,1,48,298800,True,298800
231.1074457168579,6209,1,48,298032,True,298032
231.20847415924072,6186,1,48,296928,True,296928
231.30919003486633,6217,1,48,298416,True,298416
231.41050457954407,6211,1,48,298128,True,298128
231.51928067207336,5786,1,48,277728,True,277728
231.62448048591614,6655,1,48,319440,True,319440
231.7241005897522,6262,1,48,300576,True,300576
231.819753408432,6239,1,48,299472,True,299472
231.91353273391724,6272,1,48,301056,True,301056
232.0176224708557,6157,1,48,295536,True,295536
232.1134810447693,6301,1,48,302448,True,302448
232.21947979927063,6274,1,48,301152,True,301152
232.32419204711914,6268,1,48,300864,True,300864
232.40859818458557,5995,1,48,287760,True,287760
232.5168330669403,6527,1,48,313296,True,313296
232.62766027450562,6299,1,48,302352,True,302352
232.71027398109436,6266,1,48,300768,True,300768
232.8142204284668,6266,1,48,300768,True,300768
232.8942141532898,6273,1,48,301104,True,301104
233.00904989242554,6262,1,48,300576,True,300576
233.11896467208862,6289,1,48,301872,True,301872
233.21138334274292,6239,1,48,299472,True,299472
233.29583406448364,6271,1,48,301008,True,301008
233.4533748626709,6245,1,48,299760,True,299760
233.51214146614075,6065,1,48,291120,True,291120
233.59197115898132,6422,1,48,308256,True,308256
233.69089889526367,6258,1,48,300384,True,300384
233.82248616218567,6251,1,48,300048,True,300048
233.94405126571655,6223,1,48,298704,True,298704
233.99399256706238,6227,1,48,298896,True,298896
234.11174297332764,6239,1,48,299472,True,299472
234.19155859947205,6272,1,48,301056,True,301056
234.2950723171234,6242,1,48,299616,True,299616
234.40732312202454,6254,1,48,300192,True,300192
234.5091519355774,6193,1,48,297264,True,297264
234.60621976852417,6320,1,48,303360,True,303360
234.7081696987152,6275,1,48,301200,True,301200
234.81658840179443,6207,1,48,297936,True,297936
234.8954951763153,6236,1,48,299328,True,299328
234.99392914772034,6315,1,48,303120,True,303120
235.0953812599182,6273,1,48,301104,True,301104
235.22933912277222,6275,1,48,301200,True,301200
235.30173015594482,6284,1,48,301632,True,301632
235.40869092941284,6213,1,48,298224,True,298224
235.508367061615,6261,1,48,300528,True,300528
235.5907073020935,6270,1,48,300960,True,300960
235.69173574447632,6202,1,48,297696,True,297696
235.79092454910278,6235,1,48,299280,True,299280
235.89254522323608,6207,1,48,297936,True,297936
236.0037717819214,6237,1,48,299376,True,299376
236.1007945537567,6198,1,48,297504,True,297504
236.2056806087494,6239,1,48,299472,True,299472
236.29999113082886,6211,1,48,298128,True,298128
236.39120507240295,6257,1,48,300336,True,300336
236.5000078678131,6254,1,48,300192,True,300192
236.60521697998047,6237,1,48,299376,True,299376
236.70635962486267,6207,1,48,297936,True,297936
236.7919578552246,6193,1,48,297264,True,297264
236.89665865898132,6234,1,48,299232,True,299232
236.99253273010254,6262,1,48,300576,True,300576
237.10563039779663,5975,1,48,286800,True,286800
237.19463872909546,6438,1,48,309024,True,309024
237.29659819602966,6197,1,48,297456,True,297456
237.42786765098572,6195,1,48,297360,True,297360
237.51083397865295,6205,1,48,297840,True,297840
237.59454035758972,6235,1,48,299280,True,299280
237.7141616344452,6170,1,48,296160,True,296160
237.8061966896057,6211,1,48,298128,True,298128
237.9122748374939,6235,1,48,299280,True,299280
238.01830625534058,6210,1,48,298080,True,298080
238.11366629600525,6246,1,48,299808,True,299808
238.1937756538391,6058,1,48,290784,True,290784
238.29314994812012,6360,1,48,305280,True,305280
238.4121379852295,6211,1,48,298128,True,298128
238.53055119514465,6252,1,48,300096,True,300096
238.59524083137512,6034,1,48,289632,True,289632
238.69427227973938,6416,1,48,307968,True,307968
238.79403567314148,6232,1,48,299136,True,299136
238.90029311180115,6253,1,48,300144,True,300144
238.99830079078674,6181,1,48,296688,True,296688
239.1006531715393,5950,1,48,285600,True,285600
239.21329593658447,6456,1,48,309888,True,309888
239.3010756969452,6234,1,48,299232,True,299232
239.39850902557373,6238,1,48,299424,True,299424
239.49858832359314,6203,1,48,297744,True,297744
239.63515424728394,6228,1,48,298944,True,298944
239.71299648284912,6206,1,48,297888,True,297888
239.79579496383667,6230,1,48,299040,True,299040
239.90540504455566,6210,1,48,298080,True,298080
240.02730512619019,6199,1,48,297552,True,297552
240.09665656089783,6233,1,48,299184,True,299184
240.20257425308228,6219,1,48,298512,True,298512
240.30622005462646,6180,1,48,296640,True,296640
240.41291046142578,6235,1,48,299280,True,299280
240.51117849349976,6235,1,48,299280,True,299280
240.61132431030273,6225,1,48,298800,True,298800
240.69706964492798,6208,1,48,297984,True,297984
240.80076837539673,6223,1,48,298704,True,298704
240.91363787651062,6239,1,48,299472,True,299472
241.00594234466553,6199,1,48,297552,True,297552
241.12849307060242,6254,1,48,300192,True,300192
241.20046162605286,6235,1,48,299280,True,299280
241.2807273864746,6234,1,48,299232,True,299232
241.3938262462616,6187,1,48,296976,True,296976
241.50843787193298,6222,1,48,298656,True,298656
241.59820580482483,6211,1,48,298128,True,298128
241.69899106025696,6223,1,48,298704,True,298704
241.80017375946045,6190,1,48,297120,True,297120
241.8995804786682,6233,1,48,299184,True,299184
242.01147508621216,6202,1,48,297696,True,297696
242.09616708755493,6222,1,48,298656,True,298656
242.194970369339,6193,1,48,297264,True,297264
242.31397557258606,6223,1,48,298704,True,298704
242.4060697555542,6197,1,48,297456,True,297456
242.48711800575256,6188,1,48,297024,True,297024
242.58697271347046,6179,1,48,296592,True,296592
242.6774332523346,5916,1,48,283968,True,283968
242.80615782737732,6548,1,48,314304,True,314304
242.8921639919281,6197,1,48,297456,True,297456
242.97691535949707,6230,1,48,299040,True,299040
243.08846783638,6193,1,48,297264,True,297264
243.21833109855652,5779,1,48,277392,True,277392
243.2816984653473,6651,1,48,319248,True,319248
243.38057947158813,6194,1,48,297312,True,297312
243.47711825370789,6217,1,48,298416,True,298416
243.57502365112305,6219,1,48,298512,True,298512
243.68773770332336,6184,1,48,296832,True,296832
243.80182933807373,6241,1,48,299568,True,299568
243.91702723503113,6161,1,48,295728,True,295728
243.99739289283752,5713,1,48,274224,True,274224
244.07864379882812,6738,1,48,323424,True,323424
244.1966097354889,5988,1,48,287424,True,287424
244.29087805747986,6441,1,48,309168,True,309168
244.3891317844391,6224,1,48,298752,True,298752
244.4782099723816,6085,1,48,292080,True,292080
244.5945909023285,6326,1,48,303648,True,303648
244.67761421203613,6198,1,48,297504,True,297504
244.7857449054718,6235,1,48,299280,True,299280
244.88890051841736,6127,1,48,294096,True,294096
244.98160529136658,6277,1,48,301296,True,301296
245.0932207107544,6265,1,48,300720,True,300720
245.1947169303894,5968,1,48,286464,True,286464
245.29157066345215,6325,1,48,303600,True,303600
245.3921661376953,6318,1,48,303264,True,303264
245.47714686393738,6220,1,48,298560,True,298560
245.58378672599792,5778,1,48,277344,True,277344
245.6925392150879,6655,1,48,319440,True,319440
245.77885627746582,6247,1,48,299856,True,299856
245.89287281036377,6167,1,48,296016,True,296016
246.00453877449036,6089,1,48,292272,True,292272
246.07935214042664,6312,1,48,302976,True,302976
246.18165111541748,6163,1,48,295824,True,295824
246.29309511184692,6222,1,48,298656,True,298656
246.382807970047,6268,1,48,300864,True,300864
246.48283100128174,6068,1,48,291264,True,291264
246.5906913280487,6323,1,48,303504,True,303504
246.71250915527344,6180,1,48,296640,True,296640
246.78361129760742,6224,1,48,298752,True,298752
246.89009881019592,6171,1,48,296208,True,296208
246.9803409576416,6244,1,48,299712,True,299712
247.0820484161377,6190,1,48,297120,True,297120
247.17885851860046,6207,1,48,297936,True,297936
247.28251552581787,6215,1,48,298320,True,298320
247.42376232147217,6223,1,48,298704,True,298704
247.5003342628479,6197,1,48,297456,True,297456
247.5987195968628,6213,1,48,298224,True,298224
247.6835174560547,6200,1,48,297600,True,297600
247.78121733665466,6180,1,48,296640,True,296640
247.89174962043762,6198,1,48,297504,True,297504
247.98913502693176,6158,1,48,295584,True,295584
248.07990384101868,6279,1,48,301392,True,301392
248.17977738380432,6216,1,48,298368,True,298368
248.3003351688385,6231,1,48,299088,True,299088
248.39102005958557,5991,1,48,287568,True,287568
248.48028469085693,6449,1,48,309552,True,309552
248.58224487304688,6192,1,48,297216,True,297216
248.68378353118896,6205,1,48,297840,True,297840
248.7921848297119,5714,1,48,274272,True,274272
248.8819842338562,6732,1,48,323136,True,323136
248.98315358161926,6180,1,48,296640,True,296640
249.08457779884338,6173,1,48,296304,True,296304
249.18276500701904,6203,1,48,297744,True,297744
249.28356432914734,6202,1,48,297696,True,297696
249.38672637939453,6201,1,48,297648,True,297648
249.48348331451416,6219,1,48,298512,True,298512
249.58580493927002,6200,1,48,297600,True,297600
249.68459820747375,6189,1,48,297072,True,297072
249.7805724143982,6207,1,48,297936,True,297936
249.8812177181244,6217,1,48,298416,True,298416
249.9804482460022,6208,1,48,297984,True,297984
250.08009958267212,6208,1,48,297984,True,297984
250.18257522583008,6192,1,48,297216,True,297216
250.28157234191895,6207,1,48,297936,True,297936
250.38327860832214,6196,1,48,297408,True,297408
250.4984085559845,6209,1,48,298032,True,298032
250.58109617233276,6199,1,48,297552,True,297552
250.69403171539307,6205,1,48,297840,True,297840
250.79072904586792,6198,1,48,297504,True,297504
250.88425707817078,6227,1,48,298896,True,298896
250.98158740997314,6194,1,48,297312,True,297312
251.0853533744812,6178,1,48,296544,True,296544
251.18444538116455,6218,1,48,298464,True,298464
251.31532073020935,6207,1,48,297936,True,297936
251.38706231117249,6189,1,48,297072,True,297072
251.47183513641357,6234,1,48,299232,True,299232
251.6002926826477,6200,1,48,297600,True,297600
251.73464274406433,6239,1,48,299472,True,299472
251.8071994781494,6202,1,48,297696,True,297696
251.87349271774292,5773,1,48,277104,True,277104
252.0179831981659,6636,1,48,318528,True,318528
252.10722064971924,6183,1,48,296784,True,296784
252.19714736938477,6247,1,48,299856,True,299856
252.28472590446472,6230,1,48,299040,True,299040
252.3866159915924,6171,1,48,296208,True,296208
252.48313546180725,6226,1,48,298848,True,298848
252.57574200630188,6240,1,48,299520,True,299520
252.67360854148865,6185,1,48,296880,True,296880
252.78367638587952,6194,1,48,297312,True,297312
252.88372921943665,6213,1,48,298224,True,298224
252.98285627365112,6240,1,48,299520,True,299520
253.07549285888672,6194,1,48,297312,True,297312
253.17308378219604,6228,1,48,298944,True,298944
253.27808690071106,6221,1,48,298608,True,298608
253.3808135986328,6196,1,48,297408,True,297408
253.47548389434814,6194,1,48,297312,True,297312
253.5752100944519,6223,1,48,298704,True,298704
253.67783546447754,6213,1,48,298224,True,298224
253.77321600914001,6189,1,48,297072,True,297072
253.88108611106873,6200,1,48,297600,True,297600
253.98800587654114,6244,1,48,299712,True,299712
254.07244443893433,6171,1,48,296208,True,296208
254.1739902496338,6218,1,48,298464,True,298464
254.27184295654297,6212,1,48,298176,True,298176
254.3752999305725,6188,1,48,297024,True,297024
254.48948454856873,6195,1,48,297360,True,297360
254.5848958492279,6220,1,48,298560,True,298560
254.6952691078186,6243,1,48,299664,True,299664
254.78332209587097,6179,1,48,296592,True,296592
254.88635778427124,6199,1,48,297552,True,297552
254.98563241958618,6282,1,48,301536,True,301536
255.07325267791748,6193,1,48,297264,True,297264
255.17852687835693,6243,1,48,299664,True,299664
255.2762327194214,6183,1,48,296784,True,296784
255.37395668029785,6211,1,48,298128,True,298128
255.4745523929596,6219,1,48,298512,True,298512
255.57346534729004,6221,1,48,298608,True,298608
255.68337988853455,6234,1,48,299232,True,299232
255.7843153476715,6172,1,48,296256,True,296256
255.87582445144653,6206,1,48,297888,True,297888
255.98185086250305,6217,1,48,298416,True,298416
256.07409596443176,6209,1,48,298032,True,298032
256.18173384666443,6186,1,48,296928,True,296928
256.2769067287445,6231,1,48,299088,True,299088
256.3989210128784,6086,1,48,292128,True,292128
256.47639894485474,6317,1,48,303216,True,303216
256.61531949043274,6182,1,48,296736,True,296736
256.67678570747375,5918,1,48,284064,True,284064
256.7814280986786,6497,1,48,311856,True,311856
256.8850374221802,6192,1,48,297216,True,297216
256.9780180454254,6229,1,48,298992,True,298992
257.07758831977844,6207,1,48,297936,True,297936
257.1733629703522,6225,1,48,298800,True,298800
257.2735514640808,6208,1,48,297984,True,297984
257.37420129776,6201,1,48,297648,True,297648
257.4782974720001,6208,1,48,297984,True,297984
257.57875967025757,6204,1,48,297792,True,297792
257.67423033714294,6196,1,48,297408,True,297408
257.77203702926636,6212,1,48,298176,True,298176
257.88043308258057,6191,1,48,297168,True,297168
257.97826170921326,6189,1,48,297072,True,297072
258.0744652748108,6184,1,48,296832,True,296832
258.1736214160919,6223,1,48,298704,True,298704
258.2746262550354,6204,1,48,297792,True,297792
258.37291431427,6176,1,48,296448,True,296448
258.47412514686584,6236,1,48,299328,True,299328
258.5789511203766,6202,1,48,297696,True,297696
258.6773281097412,6224,1,48,298752,True,298752
258.77224707603455,6192,1,48,297216,True,297216
258.9004259109497,6102,1,48,292896,True,292896
258.98840069770813,6328,1,48,303744,True,303744
259.08280086517334,6197,1,48,297456,True,297456
259.17881894111633,6214,1,48,298272,True,298272
259.2776777744293,6186,1,48,296928,True,296928
259.3989737033844,5506,1,48,264288,True,264288
259.5202147960663,6922,1,48,332256,True,332256
259.6239228248596,6243,1,48,299664,True,299664
259.6842768192291,6195,1,48,297360,True,297360
259.7790250778198,6191,1,48,297168,True,297168
259.8811984062195,6199,1,48,297552,True,297552
259.9777772426605,6228,1,48,298944,True,298944
260.0823211669922,6196,1,48,297408,True,297408
260.1716182231903,5911,1,48,283728,True,283728
260.28989839553833,6479,1,48,310992,True,310992
260.3901262283325,6112,1,48,293376,True,293376
260.4950621128082,6349,1,48,304752,True,304752
260.5802490711212,6206,1,48,297888,True,297888
260.67858815193176,6195,1,48,297360,True,297360
260.7953474521637,6215,1,48,298320,True,298320
260.8788104057312,6238,1,48,299424,True,299424
260.98263216018677,6168,1,48,296064,True,296064
261.07447266578674,6246,1,48,299808,True,299808
261.1742169857025,6224,1,48,298752,True,298752
261.28050231933594,6231,1,48,299088,True,299088
261.37508940696716,6197,1,48,297456,True,297456
261.49095845222473,6207,1,48,297936,True,297936
261.57835602760315,6206,1,48,297888,True,297888
261.68361806869507,6189,1,48,297072,True,297072
261.77329897880554,6028,1,48,289344,True,289344
261.89358258247375,6394,1,48,306912,True,306912
262.00165843963623,6247,1,48,299856,True,299856
262.09167647361755,6179,1,48,296592,True,296592
262.1902012825012,6239,1,48,299472,True,299472
262.2827203273773,6206,1,48,297888,True,297888
262.3896515369415,6178,1,48,296544,True,296544
262.4758906364441,6211,1,48,298128,True,298128
262.5748505592346,6206,1,48,297888,True,297888
262.684029340744,6007,1,48,288336,True,288336
262.80148243904114,6443,1,48,309264,True,309264
262.87515115737915,6227,1,48,298896,True,298896
263.00057578086853,6179,1,48,296592,True,296592
263.0734860897064,6220,1,48,298560,True,298560
263.17788338661194,6243,1,48,299664,True,299664
263.29974722862244,6218,1,48,298464,True,298464
263.39102268218994,6216,1,48,298368,True,298368
263.4941096305847,6220,1,48,298560,True,298560
263.5906112194061,6203,1,48,297744,True,297744
263.68959188461304,6233,1,48,299184,True,299184
263.77419352531433,6212,1,48,298176,True,298176
263.8886239528656,6202,1,48,297696,True,297696
264.00252985954285,6240,1,48,299520,True,299520
264.10058856010437,6181,1,48,296688,True,296688
264.1929187774658,6190,1,48,297120,True,297120
264.29490327835083,6204,1,48,297792,True,297792
264.3817777633667,6231,1,48,299088,True,299088
264.4813094139099,6058,1,48,290784,True,290784
264.58956003189087,6319,1,48,303312,True,303312
264.68282437324524,6263,1,48,300624,True,300624
264.77967953681946,6189,1,48,297072,True,297072
264.8921501636505,6171,1,48,296208,True,296208
264.99207639694214,6233,1,48,299184,True,299184
265.0867760181427,6234,1,48,299232,True,299232
265.1879725456238,6211,1,48,298128,True,298128
265.28234791755676,6186,1,48,296928,True,296928
265.38487911224365,6175,1,48,296400,True,296400
265.48085951805115,6139,1,48,294672,True,294672
265.5786044597626,6180,1,48,296640,True,296640
265.6756625175476,6268,1,48,300864,True,300864
265.7865822315216,6167,1,48,296016,True,296016
265.9069881439209,6257,1,48,300336,True,300336
265.98639702796936,6047,1,48,290256,True,290256
266.08137488365173,6357,1,48,305136,True,305136
266.18405175209045,6203,1,48,297744,True,297744
266.2791836261749,6187,1,48,296976,True,296976
266.39333033561707,6204,1,48,297792,True,297792
266.4756236076355,6194,1,48,297312,True,297312
266.57523584365845,6219,1,48,298512,True,298512
266.69974422454834,6214,1,48,298272,True,298272
266.7887487411499,6228,1,48,298944,True,298944
266.88506984710693,6184,1,48,296832,True,296832
266.98594975471497,6109,1,48,293232,True,293232
267.08411860466003,6315,1,48,303120,True,303120
267.1772086620331,6208,1,48,297984,True,297984
267.28423166275024,6147,1,48,295056,True,295056
267.39696288108826,6262,1,48,300576,True,300576
267.5055754184723,6194,1,48,297312,True,297312
267.5737180709839,6168,1,48,296064,True,296064
267.67826890945435,6211,1,48,298128,True,298128
267.7804491519928,6179,1,48,296592,True,296592
267.8959364891052,5949,1,48,285552,True,285552
268.00328063964844,6482,1,48,311136,True,311136
268.08443689346313,6052,1,48,290496,True,290496
268.19703936576843,6238,1,48,299424,True,299424
268.27801871299744,6237,1,48,299376,True,299376
268.3928122520447,6146,1,48,295008,True,295008
268.4791865348816,6095,1,48,292560,True,292560
268.6019768714905,6083,1,48,291984,True,291984
268.67701840400696,6104,1,48,292992,True,292992
268.7799561023712,6036,1,48,289728,True,289728
268.87942695617676,6205,1,48,297840,True,297840
268.98481273651123,6179,1,48,296592,True,296592
269.0829610824585,6154,1,48,295392,True,295392
269.2071478366852,5848,1,48,280704,True,280704
269.2811427116394,6583,1,48,315984,True,315984
269.3801362514496,6181,1,48,296688,True,296688
269.5000801086426,6228,1,48,298944,True,298944
269.5940589904785,6246,1,48,299808,True,299808
269.6825153827667,6197,1,48,297456,True,297456
269.7780079841614,6251,1,48,300048,True,300048
269.90899181365967,6166,1,48,295968,True,295968
269.9766366481781,6273,1,48,301104,True,301104
270.0839123725891,6199,1,48,297552,True,297552
270.17756056785583,6234,1,48,299232,True,299232
270.2893364429474,6108,1,48,293184,True,293184
270.3823776245117,6296,1,48,302208,True,302208
270.48857283592224,6248,1,48,299904,True,299904
270.59171175956726,6205,1,48,297840,True,297840
270.6866502761841,6190,1,48,297120,True,297120
270.7960584163666,6249,1,48,299952,True,299952
270.88227438926697,6211,1,48,298128,True,298128
270.98226594924927,6238,1,48,299424,True,299424
271.0797190666199,6209,1,48,298032,True,298032
271.21071672439575,6217,1,48,298416,True,298416
271.3036198616028,6243,1,48,299664,True,299664
271.3925130367279,6201,1,48,297648,True,297648
271.47839093208313,6223,1,48,298704,True,298704
271.6144206523895,6262,1,48,300576,True,300576
271.68408131599426,6198,1,48,297504,True,297504
271.79317355155945,6278,1,48,301344,True,301344
271.8785619735718,6238,1,48,299424,True,299424
271.9948220252991,6191,1,48,297168,True,297168
272.0800714492798,6227,1,48,298896,True,298896
272.1784451007843,6254,1,48,300192,True,300192
272.2973439693451,6262,1,48,300576,True,300576
272.3873677253723,6199,1,48,297552,True,297552
272.47848773002625,6214,1,48,298272,True,298272
272.57963728904724,6199,1,48,297552,True,297552
272.6818058490753,6263,1,48,300624,True,300624
272.7881705760956,6090,1,48,292320,True,292320
272.8791768550873,6386,1,48,306528,True,306528
273.0095179080963,6250,1,48,300000,True,300000
273.0804958343506,6132,1,48,294336,True,294336
273.18468594551086,6326,1,48,303648,True,303648
273.28400778770447,6229,1,48,298992,True,298992
273.399053812027,6233,1,48,299184,True,299184
273.49387097358704,6290,1,48,301920,True,301920
273.5825991630554,6269,1,48,300912,True,300912
273.6823990345001,6283,1,48,301584,True,301584
273.78429532051086,6251,1,48,300048,True,300048
273.88286805152893,6245,1,48,299760,True,299760
273.99065685272217,6247,1,48,299856,True,299856
274.0978744029999,6242,1,48,299616,True,299616
274.1796033382416,6275,1,48,301200,True,301200
274.28668999671936,6243,1,48,299664,True,299664
274.3811664581299,6262,1,48,300576,True,300576
274.5038380622864,6241,1,48,299568,True,299568
274.58084654808044,6240,1,48,299520,True,299520
274.68984484672546,6244,1,48,299712,True,299712
274.78299355506897,6280,1,48,301440,True,301440
274.90143370628357,6239,1,48,299472,True,299472
274.98232102394104,6236,1,48,299328,True,299328
275.0930082798004,6223,1,48,298704,True,298704
275.1921157836914,6222,1,48,298656,True,298656
275.27930212020874,6301,1,48,302448,True,302448
275.389098405838,5626,1,48,270048,True,270048
275.4782257080078,6832,1,48,327936,True,327936
275.580295085907,6265,1,48,300720,True,300720
275.70042061805725,6238,1,48,299424,True,299424
275.7917604446411,6228,1,48,298944,True,298944
275.8848645687103,6244,1,48,299712,True,299712
275.98827624320984,6218,1,48,298464,True,298464
276.07888293266296,6244,1,48,299712,True,299712
276.1931309700012,6202,1,48,297696,True,297696
276.28026819229126,6195,1,48,297360,True,297360
276.3802134990692,6279,1,48,301392,True,301392
276.4808235168457,6247,1,48,299856,True,299856
276.58268332481384,6229,1,48,298992,True,298992
276.6847813129425,6206,1,48,297888,True,297888
276.7826364040375,6220,1,48,298560,True,298560
276.89181685447693,6240,1,48,299520,True,299520
276.990273475647,6255,1,48,300240,True,300240
277.07879114151,6194,1,48,297312,True,297312
277.18835377693176,6124,1,48,293952,True,293952
277.27713561058044,6352,1,48,304896,True,304896
277.3962559700012,6242,1,48,299616,True,299616
277.48206996917725,6164,1,48,295872,True,295872
277.58427906036377,6198,1,48,297504,True,297504
277.67891550064087,6232,1,48,299136,True,299136
277.7802610397339,6195,1,48,297360,True,297360
277.87769865989685,6159,1,48,295632,True,295632
277.97629833221436,6160,1,48,295680,True,295680
278.1070272922516,6187,1,48,296976,True,296976
278.1918933391571,6199,1,48,297552,True,297552
278.279052734375,6208,1,48,297984,True,297984
278.39078521728516,6199,1,48,297552,True,297552
278.4748606681824,6165,1,48,295920,True,295920
278.5805037021637,6139,1,48,294672,True,294672
278.6727592945099,6181,1,48,296688,True,296688
278.77764558792114,6189,1,48,297072,True,297072
278.89825105667114,6262,1,48,300576,True,300576
278.9949746131897,6212,1,48,298176,True,298176
279.0825717449188,6242,1,48,299616,True,299616
279.1774764060974,6265,1,48,300720,True,300720
279.294029712677,6053,1,48,290544,True,290544
279.390798330307,6389,1,48,306672,True,306672
279.4828064441681,6237,1,48,299376,True,299376
279.58682131767273,6227,1,48,298896,True,298896
279.6903009414673,6225,1,48,298800,True,298800
279.78884983062744,6242,1,48,299616,True,299616
279.8844027519226,6155,1,48,295440,True,295440
279.9880061149597,6352,1,48,304896,True,304896
280.0871698856354,6243,1,48,299664,True,299664
280.1777718067169,6290,1,48,301920,True,301920
280.29935240745544,6087,1,48,292176,True,292176
280.3967912197113,6415,1,48,307920,True,307920
280.47815775871277,6259,1,48,300432,True,300432
280.59463381767273,6273,1,48,301104,True,301104
280.6902620792389,6262,1,48,300576,True,300576
280.78759694099426,6219,1,48,298512,True,298512
280.8843138217926,6239,1,48,299472,True,299472
280.9765646457672,6230,1,48,299040,True,299040
281.08559799194336,6227,1,48,298896,True,298896
281.17943596839905,6282,1,48,301536,True,301536
281.2976756095886,6210,1,48,298080,True,298080
281.38489603996277,6299,1,48,302352,True,302352
281.48199486732483,6258,1,48,300384,True,300384
281.5778477191925,6266,1,48,300768,True,300768
281.69588136672974,6246,1,48,299808,True,299808
281.7803246974945,6237,1,48,299376,True,299376
281.8758692741394,6202,1,48,297696,True,297696
281.9793746471405,6187,1,48,296976,True,296976
282.0998327732086,6209,1,48,298032,True,298032
282.2023985385895,6211,1,48,298128,True,298128
282.2853298187256,5796,1,48,278208,True,278208
282.379008769989,6410,1,48,307680,True,307680
282.5041460990906,6343,1,48,304464,True,304464
282.5776934623718,6219,1,48,298512,True,298512
282.6769790649414,6221,1,48,298608,True,298608
282.8074278831482,6218,1,48,298464,True,298464
282.87586212158203,6246,1,48,299808,True,299808
282.9969861507416,6240,1,48,299520,True,299520
283.0787558555603,6211,1,48,298128,True,298128
283.1812434196472,6233,1,48,299184,True,299184
283.2802312374115,5583,1,48,267984,True,267984
283.399041891098,6739,1,48,323472,True,323472
283.4752209186554,6334,1,48,304032,True,304032
283.596266746521,6086,1,48,292128,True,292128
283.67830514907837,6244,1,48,299712,True,299712
283.77982330322266,6237,1,48,299376,True,299376
283.88434505462646,6181,1,48,296688,True,296688
283.99365639686584,6237,1,48,299376,True,299376
284.09493684768677,6256,1,48,300288,True,300288
284.1898157596588,6229,1,48,298992,True,298992
284.3055624961853,6240,1,48,299520,True,299520
284.3778247833252,6255,1,48,300240,True,300240
284.4798069000244,6244,1,48,299712,True,299712
284.58251333236694,6241,1,48,299568,True,299568
284.68567061424255,6250,1,48,300000,True,300000
284.795019865036,6249,1,48,299952,True,299952
284.9073238372803,6282,1,48,301536,True,301536
284.98483300209045,6273,1,48,301104,True,301104
285.0819158554077,6294,1,48,302112,True,302112
285.19877219200134,6307,1,48,302736,True,302736
285.27798557281494,6287,1,48,301776,True,301776
285.3985323905945,6078,1,48,291744,True,291744
285.48243045806885,6551,1,48,314448,True,314448
285.5791685581207,6298,1,48,302304,True,302304
285.6861894130707,6310,1,48,302880,True,302880
285.7800717353821,6291,1,48,301968,True,301968
285.8809916973114,6320,1,48,303360,True,303360
286.002995967865,6299,1,48,302352,True,302352
286.10266971588135,6293,1,48,302064,True,302064
286.21003341674805,6276,1,48,301248,True,301248
286.28898191452026,6307,1,48,302736,True,302736
286.3822920322418,6285,1,48,301680,True,301680
286.47944593429565,6286,1,48,301728,True,301728
286.5783681869507,6257,1,48,300336,True,300336
286.7050311565399,6264,1,48,300672,True,300672
286.8010277748108,6209,1,48,298032,True,298032
286.8824739456177,6227,1,48,298896,True,298896
286.97638177871704,6233,1,48,299184,True,299184
287.09886169433594,6244,1,48,299712,True,299712
287.18714904785156,6224,1,48,298752,True,298752
287.29489731788635,5705,1,48,273840,True,273840
287.37577295303345,6700,1,48,321600,True,321600
287.4803309440613,6272,1,48,301056,True,301056
287.58141589164734,6246,1,48,299808,True,299808
287.6909513473511,6207,1,48,297936,True,297936
287.7845821380615,6226,1,48,298848,True,298848
287.9051775932312,6246,1,48,299808,True,299808
287.9849681854248,6247,1,48,299856,True,299856
288.0828902721405,6257,1,48,300336,True,300336
288.1762354373932,6226,1,48,298848,True,298848
288.2793629169464,6233,1,48,299184,True,299184
288.4135706424713,6243,1,48,299664,True,299664
288.4853503704071,6274,1,48,301152,True,301152
288.57757234573364,6263,1,48,300624,True,300624
288.67529249191284,6260,1,48,300480,True,300480
288.77785420417786,6175,1,48,296400,True,296400
288.88106775283813,6239,1,48,299472,True,299472
288.9767837524414,6246,1,48,299808,True,299808
289.08688473701477,6076,1,48,291648,True,291648
289.1800627708435,6367,1,48,305616,True,305616
289.287810087204,6214,1,48,298272,True,298272
289.41185688972473,6198,1,48,297504,True,297504
289.47910141944885,6205,1,48,297840,True,297840
289.5803442001343,6214,1,48,298272,True,298272
289.6977310180664,6143,1,48,294864,True,294864
289.7931818962097,6286,1,48,301728,True,301728
289.88294506073,6227,1,48,298896,True,298896
289.98575353622437,6217,1,48,298416,True,298416
290.08672976493835,6173,1,48,296304,True,296304
290.2073333263397,6285,1,48,301680,True,301680
290.28615522384644,6268,1,48,300864,True,300864
290.3773250579834,6256,1,48,300288,True,300288
290.4996712207794,6262,1,48,300576,True,300576
290.59851026535034,5795,1,48,278160,True,278160
290.68667101860046,6664,1,48,319872,True,319872
290.7789328098297,6280,1,48,301440,True,301440
290.87977504730225,6243,1,48,299664,True,299664
290.97764134407043,6273,1,48,301104,True,301104
291.0761938095093,6141,1,48,294768,True,294768
291.19830441474915,6102,1,48,292896,True,292896
291.2819471359253,6425,1,48,308400,True,308400
291.38458824157715,6183,1,48,296784,True,296784
291.49775886535645,6152,1,48,295296,True,295296
291.6076967716217,6213,1,48,298224,True,298224
291.7025423049927,6197,1,48,297456,True,297456
291.791170835495,6090,1,48,292320,True,292320
291.8920724391937,6266,1,48,300768,True,300768
291.98714089393616,6183,1,48,296784,True,296784
292.08358335494995,6098,1,48,292704,True,292704
292.1807825565338,6219,1,48,298512,True,298512
292.2974462509155,6191,1,48,297168,True,297168
292.40166997909546,6168,1,48,296064,True,296064
292.482390165329,5811,1,48,278928,True,278928
292.5790765285492,6552,1,48,314496,True,314496
292.68291568756104,6178,1,48,296544,True,296544
292.784298658371,6166,1,48,295968,True,295968
292.9065434932709,6108,1,48,293184,True,293184
292.97874665260315,6240,1,48,299520,True,299520
293.07579016685486,6124,1,48,293952,True,293952
293.1906888484955,6241,1,48,299568,True,299568
293.29600405693054,6152,1,48,295296,True,295296
293.4018030166626,6170,1,48,296160,True,296160
293.50077986717224,6145,1,48,294960,True,294960
293.58038210868835,6143,1,48,294864,True,294864
293.6774604320526,6237,1,48,299376,True,299376
293.7781147956848,6151,1,48,295248,True,295248
293.8798785209656,6198,1,48,297504,True,297504
293.98303627967834,6150,1,48,295200,True,295200
294.10282850265503,6126,1,48,294048,True,294048
294.1940722465515,6112,1,48,293376,True,293376
294.2985146045685,6161,1,48,295728,True,295728
294.38447666168213,6284,1,48,301632,True,301632
294.47539043426514,6152,1,48,295296,True,295296
294.5753333568573,6216,1,48,298368,True,298368
294.67508912086487,6165,1,48,295920,True,295920
294.7907946109772,5941,1,48,285168,True,285168
294.89308404922485,6389,1,48,306672,True,306672
294.9941737651825,6189,1,48,297072,True,297072
295.0886871814728,6135,1,48,294480,True,294480
295.18326020240784,6144,1,48,294912,True,294912
295.28100633621216,6190,1,48,297120,True,297120
295.3920331001282,6095,1,48,292560,True,292560
295.47606134414673,6242,1,48,299616,True,299616
295.58027386665344,6159,1,48,295632,True,295632
295.67558765411377,6212,1,48,298176,True,298176
295.77952456474304,6152,1,48,295296,True,295296
295.88114523887634,6149,1,48,295152,True,295152
295.98834323883057,6170,1,48,296160,True,296160
296.0868573188782,6174,1,48,296352,True,296352
296.18692207336426,6127,1,48,294096,True,294096
296.2844078540802,6245,1,48,299760,True,299760
296.38768196105957,6154,1,48,295392,True,295392
296.47931814193726,6154,1,48,295392,True,295392
296.5785119533539,6160,1,48,295680,True,295680
296.71246242523193,6208,1,48,297984,True,297984
296.78520226478577,6093,1,48,292464,True,292464
296.8798177242279,6195,1,48,297360,True,297360
296.9962844848633,6213,1,48,298224,True,298224
297.093092918396,6160,1,48,295680,True,295680
297.1834578514099,6164,1,48,295872,True,295872
297.29165744781494,6176,1,48,296448,True,296448
297.3858006000519,5940,1,48,285120,True,285120
297.4965524673462,6385,1,48,306480,True,306480
297.5867278575897,6079,1,48,291792,True,291792
297.68995666503906,6272,1,48,301056,True,301056
297.78907918930054,6070,1,48,291360,True,291360
297.8809030056,6261,1,48,300528,True,300528
297.9757032394409,6176,1,48,296448,True,296448
298.0921823978424,6176,1,48,296448,True,296448
298.18624448776245,6187,1,48,296976,True,296976
298.2947824001312,6158,1,48,295584,True,295584
298.37521505355835,6150,1,48,295200,True,295200
298.48143243789673,6006,1,48,288288,True,288288
298.59271907806396,5987,1,48,287376,True,287376
298.6851348876953,6520,1,48,312960,True,312960
298.82150626182556,6169,1,48,296112,True,296112
298.88772439956665,5850,1,48,280800,True,280800
298.97854256629944,6488,1,48,311424,True,311424
299.07675552368164,6203,1,48,297744,True,297744
299.19673323631287,6175,1,48,296400,True,296400
299.288458108902,6132,1,48,294336,True,294336
299.3795726299286,6217,1,48,298416,True,298416
299.48789262771606,6169,1,48,296112,True,296112
299.609295129776,6104,1,48,292992,True,292992
299.6802327632904,6205,1,48,297840,True,297840
299.7781367301941,6182,1,48,296736,True,296736
299.8765661716461,6188,1,48,297024,True,297024
299.98588824272156,6114,1,48,293472,True,293472
300.1048867702484,5884,1,48,282432,True,282432
300.18854212760925,6497,1,48,311856,True,311856
300.2822823524475,6152,1,48,295296,True,295296
300.3815505504608,6161,1,48,295728,True,295728
300.4940469264984,6174,1,48,296352,True,296352
300.60334968566895,6165,1,48,295920,True,295920
300.6943974494934,6138,1,48,294624,True,294624
300.7756609916687,6170,1,48,296160,True,296160
300.895076751709,6145,1,48,294960,True,294960
300.9846222400665,6166,1,48,295968,True,295968
301.08490920066833,6152,1,48,295296,True,295296
301.1750657558441,6212,1,48,298176,True,298176
301.29310417175293,6154,1,48,295392,True,295392
301.37521505355835,6177,1,48,296496,True,296496
301.48499631881714,6182,1,48,296736,True,296736
301.5941479206085,6190,1,48,297120,True,297120
301.6793587207794,5941,1,48,285168,True,285168
301.801043510437,6402,1,48,307296,True,307296
301.87640833854675,6185,1,48,296880,True,296880
301.97587966918945,6181,1,48,296688,True,296688
302.07569646835327,6143,1,48,294864,True,294864
302.1782124042511,6202,1,48,297696,True,297696
302.2943696975708,6152,1,48,295296,True,295296
302.3773396015167,6171,1,48,296208,True,296208
302.4802474975586,6154,1,48,295392,True,295392
302.59508872032166,5744,1,48,275712,True,275712
302.68173694610596,6618,1,48,317664,True,317664
302.77594447135925,6176,1,48,296448,True,296448
302.875759601593,6191,1,48,297168,True,297168
302.9822380542755,6158,1,48,295584,True,295584
303.11197876930237,5823,1,48,279504,True,279504
303.19770884513855,6499,1,48,311952,True,311952
303.2751829624176,6169,1,48,296112,True,296112
303.39793372154236,6052,1,48,290496,True,290496
303.477725982666,6274,1,48,301152,True,301152
303.5780248641968,6213,1,48,298224,True,298224
303.67828249931335,6160,1,48,295680,True,295680
303.77930307388306,6132,1,48,294336,True,294336
303.89515233039856,6097,1,48,292656,True,292656
303.98134660720825,6291,1,48,301968,True,301968
304.0806939601898,6190,1,48,297120,True,297120
304.17577958106995,6157,1,48,295536,True,295536
304.28045320510864,6172,1,48,296256,True,296256
304.3853600025177,6195,1,48,297360,True,297360
304.49722242355347,6143,1,48,294864,True,294864
304.5742332935333,6188,1,48,297024,True,297024
304.67424058914185,6145,1,48,294960,True,294960
304.77671909332275,5925,1,48,284400,True,284400
304.89678931236267,6401,1,48,307248,True,307248
304.9760434627533,6159,1,48,295632,True,295632
305.0939314365387,6105,1,48,293040,True,293040
305.18008637428284,6275,1,48,301200,True,301200
305.28156185150146,6160,1,48,295680,True,295680
305.3769841194153,6162,1,48,295776,True,295776
305.51631259918213,6161,1,48,295728,True,295728
305.5754029750824,6173,1,48,296304,True,296304
305.6758222579956,6165,1,48,295920,True,295920
305.7786068916321,6149,1,48,295152,True,295152
305.8831911087036,6114,1,48,293472,True,293472
305.99596118927,5829,1,48,279792,True,279792
306.0764129161835,6578,1,48,315744,True,315744
306.17566180229187,6143,1,48,294864,True,294864
306.30009961128235,6185,1,48,296880,True,296880
306.4019703865051,6161,1,48,295728,True,295728
306.4781377315521,6136,1,48,294528,True,294528
306.5985291004181,5675,1,48,272400,True,272400
306.678067445755,6675,1,48,320400,True,320400
306.7877881526947,6161,1,48,295728,True,295728
306.87696504592896,6142,1,48,294816,True,294816
306.98818159103394,6197,1,48,297456,True,297456
307.07763409614563,6183,1,48,296784,True,296784
307.1748101711273,6145,1,48,294960,True,294960
307.30990719795227,5809,1,48,278832,True,278832
307.3787362575531,6536,1,48,313728,True,313728
307.4813997745514,6150,1,48,295200,True,295200
307.5925147533417,5707,1,48,273936,True,273936
307.6967556476593,6627,1,48,318096,True,318096
307.7923765182495,6151,1,48,295248,True,295248
307.88758158683777,6193,1,48,297264,True,297264
307.981205701828,6141,1,48,294768,True,294768
308.07353615760803,6169,1,48,296112,True,296112
308.17608642578125,6180,1,48,296640,True,296640
308.28850173950195,6179,1,48,296592,True,296592
308.37567377090454,6178,1,48,296544,True,296544
308.4758231639862,6141,1,48,294768,True,294768
308.57272458076477,6188,1,48,297024,True,297024
308.68593525886536,5966,1,48,286368,True,286368
308.7984251976013,6195,1,48,297360,True,297360
308.8854019641876,6350,1,48,304800,True,304800
308.97533416748047,6173,1,48,296304,True,296304
309.0958037376404,5998,1,48,287904,True,287904
309.1903655529022,6334,1,48,304032,True,304032
309.28029799461365,6177,1,48,296496,True,296496
309.38260221481323,6166,1,48,295968,True,295968
309.5080668926239,6189,1,48,297072,True,297072
309.6032500267029,6065,1,48,291120,True,291120
309.6814112663269,6257,1,48,300336,True,300336
309.7741129398346,6182,1,48,296736,True,296736
309.87488985061646,6144,1,48,294912,True,294912
309.9749743938446,6154,1,48,295392,True,295392
310.09000182151794,6105,1,48,293040,True,293040
310.18660402297974,6252,1,48,300096,True,300096
310.282931804657,6151,1,48,295248,True,295248
310.3869409561157,6201,1,48,297648,True,297648
310.49134707450867,5958,1,48,285984,True,285984
310.59265208244324,6363,1,48,305424,True,305424
310.67626118659973,6191,1,48,297168,True,297168
310.78231930732727,6200,1,48,297600,True,297600
310.87841844558716,6203,1,48,297744,True,297744
310.97796750068665,5845,1,48,280560,True,280560
311.07564640045166,6428,1,48,308544,True,308544
311.1959843635559,6209,1,48,298032,True,298032
311.2955093383789,6193,1,48,297264,True,297264
311.38013195991516,6136,1,48,294528,True,294528
311.4768397808075,6160,1,48,295680,True,295680
311.5960144996643,6214,1,48,298272,True,298272
311.70450472831726,6151,1,48,295248,True,295248
311.77395248413086,6187,1,48,296976,True,296976
311.8809013366699,6184,1,48,296832,True,296832
311.99455642700195,6179,1,48,296592,True,296592
312.079567193985,5782,1,48,277536,True,277536
312.1758391857147,6553,1,48,314544,True,314544
312.2825515270233,6177,1,48,296496,True,296496
312.3740577697754,6174,1,48,296352,True,296352
312.4854121208191,6136,1,48,294528,True,294528
312.57940697669983,6210,1,48,298080,True,298080
312.69753670692444,5997,1,48,287856,True,287856
312.7946639060974,6336,1,48,304128,True,304128
312.8789105415344,6139,1,48,294672,True,294672
312.98737931251526,6169,1,48,296112,True,296112
313.08286023139954,6155,1,48,295440,True,295440
313.184210062027,6189,1,48,297072,True,297072
313.30179142951965,6180,1,48,296640,True,296640
313.3792757987976,6125,1,48,294000,True,294000
313.4757206439972,6179,1,48,296592,True,296592
313.5917627811432,6227,1,48,298896,True,298896
313.69062542915344,6142,1,48,294816,True,294816
313.77617955207825,6151,1,48,295248,True,295248
313.8853476047516,6176,1,48,296448,True,296448
313.9782612323761,6190,1,48,297120,True,297120
314.07890152931213,6176,1,48,296448,True,296448
314.1857719421387,6144,1,48,294912,True,294912
314.3030335903168,6194,1,48,297312,True,297312
314.37585377693176,6187,1,48,296976,True,296976
314.48833203315735,6178,1,48,296544,True,296544
314.58762097358704,6152,1,48,295296,True,295296
314.6894235610962,6184,1,48,296832,True,296832
314.7876048088074,6187,1,48,296976,True,296976
314.8759574890137,6141,1,48,294768,True,294768
314.99403500556946,6189,1,48,297072,True,297072
315.0905559062958,6159,1,48,295632,True,295632
315.1796314716339,6157,1,48,295536,True,295536
315.2807664871216,6164,1,48,295872,True,295872
315.3779938220978,6172,1,48,296256,True,296256
315.47639179229736,6163,1,48,295824,True,295824
315.58600997924805,5911,1,48,283728,True,283728
315.6935513019562,6149,1,48,295152,True,295152
315.7939381599426,6441,1,48,309168,True,309168
315.8834853172302,6149,1,48,295152,True,295152
315.99115657806396,6145,1,48,294960,True,294960
316.08255410194397,6175,1,48,296400,True,296400
316.1767420768738,5574,1,48,267552,True,267552
316.2751009464264,6715,1,48,322320,True,322320
316.39247250556946,6153,1,48,295344,True,295344
316.48024725914,6203,1,48,297744,True,297744
316.5763449668884,6179,1,48,296592,True,296592
316.69205927848816,6161,1,48,295728,True,295728
316.78423261642456,6166,1,48,295968,True,295968
316.8798258304596,6147,1,48,295056,True,295056
316.9813232421875,6166,1,48,295968,True,295968
317.07570457458496,5862,1,48,281376,True,281376
317.2206003665924,6460,1,48,310080,True,310080
317.29378628730774,6147,1,48,295056,True,295056
317.3812847137451,6176,1,48,296448,True,296448
317.491765499115,6184,1,48,296832,True,296832
317.609904050827,6158,1,48,295584,True,295584
317.6751935482025,6178,1,48,296544,True,296544
317.79542994499207,5652,1,48,271296,True,271296
317.8858850002289,6705,1,48,321840,True,321840
317.9787929058075,6150,1,48,295200,True,295200
318.0963366031647,6105,1,48,293040,True,293040
318.1790204048157,6223,1,48,298704,True,298704
318.2751853466034,6195,1,48,297360,True,297360
318.3872215747833,6151,1,48,295248,True,295248
318.4846148490906,6173,1,48,296304,True,296304
318.58540892601013,6182,1,48,296736,True,296736
318.6760582923889,6153,1,48,295344,True,295344
318.7748851776123,6136,1,48,294528,True,294528
318.8970642089844,5743,1,48,275664,True,275664
318.9837830066681,6621,1,48,317808,True,317808
319.0768473148346,6195,1,48,297360,True,297360
319.193083524704,6168,1,48,296064,True,296064
319.2727756500244,6139,1,48,294672,True,294672
319.38693594932556,6019,1,48,288912,True,288912
319.4828243255615,6333,1,48,303984,True,303984
319.5793387889862,6175,1,48,296400,True,296400
319.692574262619,5732,1,48,275136,True,275136
319.79363203048706,6585,1,48,316080,True,316080
319.8935110569,6202,1,48,297696,True,297696
319.9806170463562,6110,1,48,293280,True,293280
320.07614946365356,6173,1,48,296304,True,296304
320.1802840232849,6054,1,48,290592,True,290592
