t,ch1,ch2,ch3,ch4,ch5,ch6,ch7,ch8,ch9,ch10,ch11,ch12,ch13,ch14,ch15,ch16,ch17,ch18,rssi
0.05849194526672363,1514,1514,1046,1514,1024,1024,1024,1514,1514,1514,1514,1514,1514,1514,1514,1514,998,998,43
0.15722227096557617,1514,1514,1045,1514,1024,1024,1024,1514,1514,1514,1514,1514,1514,1514,1514,1514,998,998,43
0.256458044052124,1514,1514,1046,1514,1024,1024,1024,1514,1514,1514,1514,1514,1514,1514,1514,1514,998,998,43
0.3557617664337158,1514,1514,1045,1514,1024,1024,1024,1514,1514,1514,1514,1514,1514,1514,1514,1514,998,998,43
0.46404099464416504,1514,1514,1045,1514,1024,1024,1024,1514,1514,1514,1514,1514,1514,1514,1514,1514,998,998,43
0.5566496849060059,1514,1514,1046,1514,1024,1024,1024,1514,1514,1514,1514,1514,1514,1514,1514,1514,998,998,43
0.6565043926239014,1514,1514,1046,1514,1024,1024,1024,1514,1514,1514,1514,1514,1514,1514,1514,1514,998,998,43
0.7563812732696533,1514,1514,1045,1514,1024,1024,1024,1514,1514,1514,1514,1514,1514,1514,1514,1514,998,998,43
0.8573448657989502,1514,1514,1045,1514,1024,1024,1024,1514,1514,1514,1514,1514,1514,1514,1514,1514,998,998,43
0.9604082107543945,1514,1514,1046,1514,1024,1024,1024,1514,1514,1514,1514,1514,1514,1514,1514,1514,998,998,43
1.0565803050994873,1514,1514,1046,1514,1024,1024,1024,1514,1514,1514,1514,1514,1514,1514,1514,1514,998,998,43
1.1574444770812988,1514,1514,1045,1514,1024,1024,1024,1514,1514,1514,1514,1514,1514,1514,1514,1514,998,998,43
1.2573645114898682,1514,1514,1046,1514,1024,1024,1024,1514,1514,1514,1514,1514,1514,1514,1514,1514,998,998,43
1.3556830883026123,1514,1514,1046,1514,1024,1024,1024,1514,1514,1514,1514,1514,1514,1514,1514,1514,998,998,43
1.4575443267822266,1514,1514,1045,1514,1024,1024,1024,1514,1514,1514,1514,1514,1514,1514,1514,1514,998,998,43
1.5568623542785645,1514,1514,1045,1514,1024,1024,1024,1514,1514,1514,1514,1514,1514,1514,1514,1514,998,998,43
1.658031702041626,1514,1514,1045,1514,1024,1024,1024,1514,1514,1514,1514,1514,1514,1514,1514,1514,998,998,43
1.7578258514404297,1514,1514,1045,1514,1024,1024,1024,1514,1514,1514,1514,1514,1514,1514,1514,1514,998,998,43
1.8570241928100586,1514,1514,1045,1514,1024,1024,1024,1514,1514,1514,1514,1514,1514,1514,1514,1514,998,998,43
1.9566762447357178,1514,1514,1045,1514,1024,1024,1024,1514,1514,1514,1514,1514,1514,1514,1514,1514,998,998,43
2.0564610958099365,1514,1514,1045,1514,1024,1024,1024,1514,1514,1514,1514,1514,1514,1514,1514,1514,998,998,43
2.1599788665771484,1514,1514,1046,1514,1024,1024,1024,1514,1514,1514,1514,1514,1514,1514,1514,1514,998,998,43
2.2583134174346924,1514,1514,1045,1514,1024,1024,1024,1514,1514,1514,1514,1514,1514,1514,1514,1514,998,998,43
2.3566701412200928,1514,1514,1045,1514,1024,1024,1024,1514,1514,1514,1514,1514,1514,1514,1514,1514,998,998,43
2.455841064453125,1514,1514,1045,1514,1024,1024,1024,1514,1514,1514,1514,1514,1514,1514,1514,1514,998,998,43
2.558002233505249,1514,1514,1045,1514,1024,1024,1024,1514,1514,1514,1514,1514,1514,1514,1514,1514,998,998,43
2.6570727825164795,1514,1514,1045,1514,1024,1024,1024,1514,1514,1514,1514,1514,1514,1514,1514,1514,998,998,43
2.756455898284912,1514,1514,1045,1514,1024,1024,1024,1514,1514,1514,1514,1514,1514,1514,1514,1514,998,998,43
2.8577423095703125,1514,1514,1046,1514,1024,1024,1024,1514,1514,1514,1514,1514,1514,1514,1514,1514,998,998,43
2.9569385051727295,1514,1514,1046,1514,1024,1024,1024,1514,1514,1514,1514,1514,1514,1514,1514,1514,998,998,43
3.0567786693573,1514,1514,1045,1514,1024,1024,1024,1514,1514,1514,1514,1514,1514,1514,1514,1514,998,998,43
3.1579041481018066,1514,1514,1045,1514,1024,1024,1024,1514,1514,1514,1514,1514,1514,1514,1514,1514,998,998,43
3.2580690383911133,1514,1514,1046,1514,1024,1024,1024,1514,1514,1514,1514,1514,1514,1514,1514,1514,998,998,43
3.3572332859039307,1514,1514,1045,1514,1024,1024,1024,1514,1514,1514,1514,1514,1514,1514,1514,1514,998,998,43
3.456899642944336,1514,1514,1046,1514,1024,1024,1024,1514,1514,1514,1514,1514,1514,1514,1514,1514,998,998,43
3.5581085681915283,1514,1514,1045,1514,1024,1024,1024,1514,1514,1514,1514,1514,1514,1514,1514,1514,998,998,43
3.6576950550079346,1514,1514,1045,1514,1024,1024,1024,1514,1514,1514,1514,1514,1514,1514,1514,1514,998,998,43
3.7567057609558105,1514,1514,1046,1514,1024,1024,1024,1514,1514,1514,1514,1514,1514,1514,1514,1514,998,998,43
3.8580827713012695,1514,1514,1046,1514,1024,1024,1024,1514,1514,1514,1514,1514,1514,1514,1514,1514,998,998,43
3.958113431930542,1514,1514,1045,1514,1024,1024,1024,1514,1514,1514,1514,1514,1514,1514,1514,1514,998,998,43
4.05763053894043,1514,1514,1045,1514,1024,1024,1024,1514,1514,1514,1514,1514,1514,1514,1514,1514,998,998,43
4.15692663192749,1514,1514,1045,1514,1024,1024,1024,1514,1514,1514,1514,1514,1514,1514,1514,1514,998,998,43
4.2582244873046875,1514,1514,1045,1514,1024,1024,1024,1514,1514,1514,1514,1514,1514,1514,1514,1514,998,998,43
4.357367753982544,1514,1514,1045,1514,1024,1024,1024,1514,1514,1514,1514,1514,1514,1514,1514,1514,998,998,43
4.457943439483643,1514,1514,1046,1514,1024,1024,1024,1514,1514,1514,1514,1514,1514,1514,1514,1514,998,998,43
4.556834697723389,1514,1514,1046,1514,1024,1024,1024,1514,1514,1514,1514,1514,1514,1514,1514,1514,998,998,43
4.658475637435913,1514,1514,1046,1514,1024,1024,1024,1514,1514,1514,1514,1514,1514,1514,1514,1514,998,998,43
4.757657766342163,1514,1514,1045,1514,1024,1024,1024,1514,1514,1514,1514,1514,1514,1514,1514,1514,998,998,43
4.856999635696411,1514,1514,1045,1514,1024,1024,1024,1514,1514,1514,1514,1514,1514,1514,1514,1514,998,998,43
4.958270788192749,1514,1514,1045,1514,1024,1024,1024,1514,1514,1514,1514,1514,1514,1514,1514,1514,998,998,43
5.061411619186401,1514,1514,1045,1514,1024,1024,1024,1514,1514,1514,1514,1514,1514,1514,1514,1514,998,998,43
5.164112329483032,1514,1514,1045,1514,1024,1024,1024,1514,1514,1514,1514,1514,1514,1514,1514,1514,998,998,43
5.257350921630859,1514,1514,1045,1514,1024,1024,1024,1514,1514,1514,1514,1514,1514,1514,1514,1514,998,998,43
5.358532190322876,1514,1514,1046,1514,1024,1024,1024,1514,1514,1514,1514,1514,1514,1514,1514,1514,998,998,43
5.457612991333008,1514,1514,1046,1514,1024,1024,1024,1514,1514,1514,1514,1514,1514,1514,1514,1514,998,998,43
5.558535099029541,1514,1514,1045,1514,1024,1024,1024,1514,1514,1514,1514,1514,1514,1514,1514,1514,998,998,43
5.657987117767334,1514,1514,1046,1514,1024,1024,1024,1514,1514,1514,1514,1514,1514,1514,1514,1514,998,998,43
5.757345914840698,1514,1514,1045,1514,1024,1024,1024,1514,1514,1514,1514,1514,1514,1514,1514,1514,998,998,43
5.858727693557739,1514,1514,1046,1514,1024,1024,1024,1514,1514,1514,1514,1514,1514,1514,1514,1514,998,998,43
5.957862377166748,1514,1514,1046,1514,1024,1024,1024,1514,1514,1514,1514,1514,1514,1514,1514,1514,998,998,43
6.057350397109985,1514,1514,1045,1514,1024,1024,1024,1514,1514,1514,1514,1514,1514,1514,1514,1514,998,998,43
6.158745288848877,1514,1514,1046,1514,1024,1024,1024,1514,1514,1514,1514,1514,1514,1514,1514,1514,998,998,43
6.2583167552948,1514,1514,1046,1514,1024,1024,1024,1514,1514,1514,1514,1514,1514,1514,1514,1514,998,998,43
6.358135461807251,1514,1514,1045,1514,1024,1024,1024,1514,1514,1514,1514,1514,1514,1514,1514,1514,998,998,43
6.457683086395264,1514,1514,1046,1514,1024,1024,1024,1514,1514,1514,1514,1514,1514,1514,1514,1514,998,998,43
6.558791637420654,1514,1514,1046,1514,1024,1024,1024,1514,1514,1514,1514,1514,1514,1514,1514,1514,998,998,43
6.662968397140503,1514,1514,1045,1514,1024,1024,1024,1514,1514,1514,1514,1514,1514,1514,1514,1514,998,998,43
6.757626056671143,1514,1514,1045,1514,1024,1024,1024,1514,1514,1514,1514,1514,1514,1514,1514,1514,998,998,43
6.858843803405762,1514,1514,1045,1514,1024,1024,1024,1514,1514,1514,1514,1514,1514,1514,1514,1514,998,998,43
6.9580841064453125,1514,1514,1046,1514,1024,1024,1024,1514,1514,1514,1514,1514,1514,1514,1514,1514,998,998,43
7.060140371322632,1514,1514,1045,1514,1024,1024,1024,1514,1514,1514,1514,1514,1514,1514,1514,1514,998,998,43
7.157571315765381,1514,1514,1045,1514,1024,1024,1024,1514,1514,1514,1514,1514,1514,1514,1514,1514,998,998,43
7.259023904800415,1514,1514,1045,1514,1024,1024,1024,1514,1514,1514,1514,1514,1514,1514,1514,1514,998,998,43
7.358014106750488,1514,1514,1045,1514,1024,1024,1024,1514,1514,1514,1514,1514,1514,1514,1514,1514,998,998,43
7.457898855209351,1514,1514,1045,1514,1024,1024,1024,1514,1514,1514,1514,1514,1514,1514,1514,1514,998,998,43
7.557734727859497,1514,1514,1045,1514,1024,1024,1024,1514,1514,1514,1514,1514,1514,1514,1514,1514,998,998,43
7.665544748306274,1514,1514,1045,1514,1024,1024,1024,1514,1514,1514,1514,1514,1514,1514,1514,1514,998,998,43
7.7593674659729,1514,1514,1045,1514,1024,1024,1024,1514,1514,1514,1514,1514,1514,1514,1514,1514,998,998,43
7.861217498779297,1514,1514,1045,1514,1024,1024,1024,1514,1514,1514,1514,1514,1514,1514,1514,1514,998,998,43
7.959080934524536,1514,1514,1046,1514,1024,1024,1024,1514,1514,1514,1514,1514,1514,1514,1514,1514,998,998,43
8.0584077835083,1514,1514,1045,1514,1024,1024,1024,1514,1514,1514,1514,1514,1514,1514,1514,1514,998,998,43
8.15822982788086,1514,1514,1045,1514,1024,1024,1024,1514,1514,1514,1514,1514,1514,1514,1514,1514,998,998,43
8.25957727432251,1514,1514,1045,1514,1024,1024,1024,1514,1514,1514,1514,1514,1514,1514,1514,1514,998,998,43
8.358408451080322,1514,1514,1046,1514,1024,1024,1024,1514,1514,1514,1514,1514,1514,1514,1514,1514,998,998,43
8.457974910736084,1514,1514,1045,1514,1024,1024,1024,1514,1514,1514,1514,1514,1514,1514,1514,1514,998,998,43
8.559308767318726,1514,1514,1046,1514,1024,1024,1024,1514,1514,1514,1514,1514,1514,1514,1514,1514,998,998,43
8.659098863601685,1514,1514,1046,1514,1024,1024,1024,1514,1514,1514,1514,1514,1514,1514,1514,1514,998,998,43
8.758121252059937,1514,1514,1046,1514,1024,1024,1024,1514,1514,1514,1514,1514,1514,1514,1514,1514,998,998,43
8.859663963317871,1514,1514,1045,1514,1024,1024,1024,1514,1514,1514,1514,1514,1514,1514,1514,1514,998,998,43
8.960368633270264,1514,1514,1045,1514,1024,1024,1024,1514,1514,1514,1514,1514,1514,1514,1514,1514,998,998,43
9.058673858642578,1514,1514,1045,1514,1024,1024,1024,1514,1514,1514,1514,1514,1514,1514,1514,1514,998,998,43
9.160142183303833,1514,1514,1046,1514,1024,1024,1024,1514,1514,1514,1514,1514,1514,1514,1514,1514,998,998,43
9.259575605392456,1514,1514,1046,1514,1024,1024,1024,1514,1514,1514,1514,1514,1514,1514,1514,1514,998,998,43
9.358889102935791,1514,1514,1046,1514,1024,1024,1024,1514,1514,1514,1514,1514,1514,1514,1514,1514,998,998,43
9.458484411239624,1514,1514,1046,1514,1024,1024,1024,1514,1514,1514,1514,1514,1514,1514,1514,1514,998,998,43
9.558756351470947,1514,1514,1046,1514,1024,1024,1024,1514,1514,1514,1514,1514,1514,1514,1514,1514,998,998,43
9.658683776855469,1514,1514,1046,1514,1024,1024,1024,1514,1514,1514,1514,1514,1514,1514,1514,1514,998,998,43
9.758299827575684,1514,1514,1046,1514,1024,1024,1024,1514,1514,1514,1514,1514,1514,1514,1514,1514,998,998,43
9.859576940536499,1514,1514,1045,1514,1024,1024,1024,1514,1514,1514,1514,1514,1514,1514,1514,1514,998,998,43
9.958956718444824,1514,1514,1045,1514,1024,1024,1024,1514,1514,1514,1514,1514,1514,1514,1514,1514,998,998,43
10.059070348739624,1514,1514,1045,1514,1024,1024,1024,1514,1514,1514,1514,1514,1514,1514,1514,1514,998,998,43
10.160713195800781,1514,1514,1046,1514,1024,1024,1024,1514,1514,1514,1514,1514,1514,1514,1514,1514,998,998,43
10.25989818572998,1514,1514,1045,1514,1024,1024,1024,1514,1514,1514,1514,1514,1514,1514,1514,1514,998,998,43
10.358892679214478,1514,1514,1045,1514,1024,1024,1024,1514,1514,1514,1514,1514,1514,1514,1514,1514,998,998,43
10.45889663696289,1514,1514,1045,1514,1024,1024,1024,1514,1514,1514,1514,1514,1514,1514,1514,1514,998,998,43
10.560803651809692,1514,1514,1045,1514,1024,1024,1024,1514,1514,1514,1514,1514,1514,1514,1514,1514,998,998,43
10.661057710647583,1514,1514,1046,1514,1024,1024,1024,1514,1514,1514,1514,1514,1514,1514,1514,1514,998,998,43
10.759467840194702,1514,1514,1045,1514,1024,1024,1024,1514,1514,1514,1514,1514,1514,1514,1514,1514,998,998,43
10.858470439910889,1514,1514,1046,1514,1024,1024,1024,1514,1514,1514,1514,1514,1514,1514,1514,1514,998,998,43
10.95776891708374,1514,1514,1046,1514,1024,1024,1024,1514,1514,1514,1514,1514,1514,1514,1514,1514,998,998,43
11.05948781967163,1514,1514,1046,1514,1024,1024,1024,1514,1514,1514,1514,1514,1514,1514,1514,1514,998,998,43
11.158749341964722,1514,1514,1046,1514,1024,1024,1024,1514,1514,1514,1514,1514,1514,1514,1514,1514,998,998,43
11.260135889053345,1514,1514,1045,1514,1024,1024,1024,1514,1514,1514,1514,1514,1514,1514,1514,1514,998,998,43
11.359058618545532,1514,1514,1045,1514,1024,1024,1024,1514,1514,1514,1514,1514,1514,1514,1514,1514,998,998,43
11.458884477615356,1514,1514,1046,1514,1024,1024,1024,1514,1514,1514,1514,1514,1514,1514,1514,1514,998,998,43
11.560065031051636,1514,1514,1045,1514,1024,1024,1024,1514,1514,1514,1514,1514,1514,1514,1514,1514,998,998,43
11.659296035766602,1514,1514,1045,1514,1024,1024,1024,1514,1514,1514,1514,1514,1514,1514,1514,1514,998,998,43
11.75871753692627,1514,1514,1045,1514,1024,1024,1024,1514,1514,1514,1514,1514,1514,1514,1514,1514,998,998,43
11.862380027770996,1514,1514,1045,1514,1024,1024,1024,1514,1514,1514,1514,1514,1514,1514,1514,1514,998,998,43
11.959502220153809,1514,1514,1045,1514,1024,1024,1024,1514,1514,1514,1514,1514,1514,1514,1514,1514,998,998,43
12.059305429458618,1514,1514,1046,1514,1024,1024,1024,1514,1514,1514,1514,1514,1514,1514,1514,1514,998,998,43
12.159847497940063,1514,1514,1046,1514,1024,1024,1024,1514,1514,1514,1514,1514,1514,1514,1514,1514,998,998,43
12.260227680206299,1514,1514,1045,1514,1024,1024,1024,1514,1514,1514,1514,1514,1514,1514,1514,1514,998,998,43
12.359728336334229,1514,1514,1046,1514,1024,1024,1024,1514,1514,1514,1514,1514,1514,1514,1514,1514,998,998,43
12.459428071975708,1514,1514,1045,1514,1024,1024,1024,1514,1514,1514,1514,1514,1514,1514,1514,1514,998,998,43
12.559009552001953,1514,1514,1045,1514,1024,1024,1024,1514,1514,1514,1514,1514,1514,1514,1514,1514,998,998,43
12.660539150238037,1514,1514,1045,1514,1024,1024,1024,1514,1514,1514,1514,1514,1514,1514,1514,1514,998,998,43
12.759508609771729,1514,1514,1045,1514,1024,1024,1024,1514,1514,1514,1514,1514,1514,1514,1514,1514,998,998,43
12.859014511108398,1514,1514,1045,1514,1024,1024,1024,1514,1514,1514,1514,1514,1514,1514,1514,1514,998,998,43
12.960594892501831,1514,1514,1045,1514,1024,1024,1024,1514,1514,1514,1514,1514,1514,1514,1514,1514,998,998,43
13.06097936630249,1514,1514,1046,1514,1024,1024,1024,1514,1514,1514,1514,1514,1514,1514,1514,1514,998,998,43
13.159604549407959,1514,1514,1045,1514,1024,1024,1024,1514,1514,1514,1514,1514,1514,1514,1514,1514,998,998,43
13.25921082496643,1514,1514,1045,1514,1024,1024,1024,1514,1514,1514,1514,1514,1514,1514,1514,1514,998,998,43
13.361891746520996,1514,1514,1045,1514,1024,1024,1024,1514,1514,1514,1514,1514,1514,1514,1514,1514,998,998,43
13.459843397140503,1514,1514,1045,1514,1024,1024,1024,1514,1514,1514,1514,1514,1514,1514,1514,1514,998,998,43
13.559735774993896,1514,1514,1045,1514,1024,1024,1024,1514,1514,1514,1514,1514,1514,1514,1514,1514,998,998,43
13.659265756607056,1514,1514,1045,1514,1024,1024,1024,1514,1514,1514,1514,1514,1514,1514,1514,1514,998,998,43
13.760727167129517,1514,1514,1046,1514,1024,1024,1024,1514,1514,1514,1514,1514,1514,1514,1514,1514,998,998,43
13.860925197601318,1514,1514,1045,1514,1024,1024,1024,1514,1514,1514,1514,1514,1514,1514,1514,1514,998,998,43
13.959892272949219,1514,1514,1046,1514,1024,1024,1024,1514,1514,1514,1514,1514,1514,1514,1514,1514,998,998,43
14.059475898742676,1514,1514,1046,1514,1024,1024,1024,1514,1514,1514,1514,1514,1514,1514,1514,1514,998,998,43
14.160747051239014,1514,1514,1045,1514,1024,1024,1024,1514,1514,1514,1514,1514,1514,1514,1514,1514,998,998,43
14.259883165359497,1514,1514,1045,1514,1024,1024,1024,1514,1514,1514,1514,1514,1514,1514,1514,1514,998,998,43
14.360572099685669,1514,1514,1046,1514,1024,1024,1024,1514,1514,1514,1514,1514,1514,1514,1514,1514,998,998,43
14.46099591255188,1514,1514,1045,1514,1024,1024,1024,1514,1514,1514,1514,1514,1514,1514,1514,1514,998,998,43
14.560985088348389,1514,1514,1045,1514,1024,1024,1024,1514,1514,1514,1514,1514,1514,1514,1514,1514,998,998,43
14.662013053894043,1514,1514,1046,1514,1024,1024,1024,1514,1514,1514,1514,1514,1514,1514,1514,1514,998,998,43
14.759439468383789,1514,1514,1045,1514,1024,1024,1024,1514,1514,1514,1514,1514,1514,1514,1514,1514,998,998,43
14.86137843132019,1514,1514,1045,1514,1024,1024,1024,1514,1514,1514,1514,1514,1514,1514,1514,1514,998,998,43
14.960481405258179,1514,1514,1045,1514,1024,1024,1024,1514,1514,1514,1514,1514,1514,1514,1514,1514,998,998,43
15.061136722564697,1514,1514,1045,1514,1024,1024,1024,1514,1514,1514,1514,1514,1514,1514,1514,1514,998,998,43
15.162900924682617,1514,1514,1045,1514,1024,1024,1024,1514,1514,1514,1514,1514,1514,1514,1514,1514,998,998,43
15.25992202758789,1514,1514,1045,1514,1024,1024,1024,1514,1514,1514,1514,1514,1514,1514,1514,1514,998,998,43
15.361085891723633,1514,1514,1045,1514,1024,1024,1024,1514,1514,1514,1514,1514,1514,1514,1514,1514,998,998,43
15.461397886276245,1514,1514,1046,1514,1024,1024,1024,1514,1514,1514,1514,1514,1514,1514,1514,1514,998,998,43
15.559767723083496,1514,1514,1046,1514,1024,1024,1024,1514,1514,1514,1514,1514,1514,1514,1514,1514,998,998,43
15.661211967468262,1514,1514,1045,1514,1024,1024,1024,1514,1514,1514,1514,1514,1514,1514,1514,1514,998,998,43
15.760376691818237,1514,1514,1045,1514,1024,1024,1024,1514,1514,1514,1514,1514,1514,1514,1514,1514,998,998,43
15.859854936599731,1514,1514,1046,1514,1024,1024,1024,1514,1514,1514,1514,1514,1514,1514,1514,1514,998,998,43
15.961665391921997,1514,1514,1045,1514,1024,1024,1024,1514,1514,1514,1514,1514,1514,1514,1514,1514,998,998,43
16.060518741607666,1514,1514,1045,1514,1024,1024,1024,1514,1514,1514,1514,1514,1514,1514,1514,1514,998,998,43
16.160326719284058,1514,1514,1045,1514,1024,1024,1024,1514,1514,1514,1514,1514,1514,1514,1514,1514,998,998,43
16.261317014694214,1514,1514,1046,1514,1024,1024,1024,1514,1514,1514,1514,1514,1514,1514,1514,1514,998,998,43
16.361421585083008,1514,1514,1046,1514,1024,1024,1024,1514,1514,1514,1514,1514,1514,1514,1514,1514,998,998,43
16.460834980010986,1514,1514,1046,1514,1024,1024,1024,1514,1514,1514,1514,1514,1514,1514,1514,1514,998,998,43
16.560055255889893,1514,1514,1045,1514,1024,1024,1024,1514,1514,1514,1514,1514,1514,1514,1514,1514,998,998,43
16.66137933731079,1514,1514,1045,1514,1024,1024,1024,1514,1514,1514,1514,1514,1514,1514,1514,1514,998,998,43
16.760507106781006,1514,1514,1045,1514,1024,1024,1024,1514,1514,1514,1514,1514,1514,1514,1514,1514,998,998,43
16.860353469848633,1514,1514,1045,1514,1024,1024,1024,1514,1514,1514,1514,1514,1514,1514,1514,1514,998,998,43
16.961594581604004,1514,1514,1045,1514,1024,1024,1024,1514,1514,1514,1514,1514,1514,1514,1514,1514,998,998,43
17.060872793197632,1514,1514,1045,1514,1024,1024,1024,1514,1514,1514,1514,1514,1514,1514,1514,1514,998,998,43
17.16064763069153,1514,1514,1045,1514,1024,1024,1024,1514,1514,1514,1514,1514,1514,1514,1514,1514,998,998,43
17.26024889945984,1514,1514,1045,1514,1024,1024,1024,1514,1514,1514,1514,1514,1514,1514,1514,1514,998,998,43
17.361578702926636,1514,1514,1046,1514,1024,1024,1024,1514,1514,1514,1514,1514,1514,1514,1514,1514,998,998,43
17.461185693740845,1514,1514,1045,1514,1024,1024,1024,1514,1514,1514,1514,1514,1514,1514,1514,1514,998,998,43
17.560171365737915,1514,1514,1045,1514,1024,1024,1024,1514,1514,1514,1514,1514,1514,1514,1514,1514,998,998,43
17.660170078277588,1514,1514,1045,1514,1024,1024,1024,1514,1514,1514,1514,1514,1514,1514,1514,1514,998,998,43
17.764590978622437,1514,1514,1045,1514,1024,1024,1024,1514,1514,1514,1514,1514,1514,1514,1514,1514,998,998,43
17.86089038848877,1514,1514,1045,1514,1024,1024,1024,1514,1514,1514,1514,1514,1514,1514,1514,1514,998,998,43
17.960561275482178,1514,1514,1045,1514,1024,1024,1024,1514,1514,1514,1514,1514,1514,1514,1514,1514,998,998,43
18.062183380126953,1514,1514,1045,1514,1024,1024,1024,1514,1514,1514,1514,1514,1514,1514,1514,1514,998,998,43
18.161802291870117,1514,1514,1045,1514,1024,1024,1024,1514,1514,1514,1514,1514,1514,1514,1514,1514,998,998,43
18.261056423187256,1514,1514,1045,1514,1024,1024,1024,1514,1514,1514,1514,1514,1514,1514,1514,1514,998,998,43
18.360575437545776,1514,1514,1045,1514,1024,1024,1024,1514,1514,1514,1514,1514,1514,1514,1514,1514,998,998,43
18.46201252937317,1514,1514,1045,1514,1024,1024,1024,1514,1514,1514,1514,1514,1514,1514,1514,1514,998,998,43
18.561122179031372,1514,1514,1046,1514,1024,1024,1024,1514,1514,1514,1514,1514,1514,1514,1514,1514,998,998,43
18.66094207763672,1514,1514,1046,1514,1024,1024,1024,1514,1514,1514,1514,1514,1514,1514,1514,1514,998,998,43
18.760496854782104,1514,1514,1046,1514,1024,1024,1024,1514,1514,1514,1514,1514,1514,1514,1514,1514,998,998,43
18.86195397377014,1514,1514,1046,1514,1024,1024,1024,1514,1514,1514,1514,1514,1514,1514,1514,1514,998,998,43
18.96342635154724,1514,1514,1046,1514,1024,1024,1024,1514,1514,1514,1514,1514,1514,1514,1514,1514,998,998,43
19.060636043548584,1514,1514,1046,1514,1024,1024,1024,1514,1514,1514,1514,1514,1514,1514,1514,1514,998,998,43
19.16068124771118,1514,1514,1046,1514,1024,1024,1024,1514,1514,1514,1514,1514,1514,1514,1514,1514,998,998,43
19.262251138687134,1514,1514,1046,1514,1024,1024,1024,1514,1514,1514,1514,1514,1514,1514,1514,1514,998,998,43
19.361160278320312,1514,1514,1046,1514,1024,1024,1024,1514,1514,1514,1514,1514,1514,1514,1514,1514,998,998,43
19.461327075958252,1514,1514,1046,1514,1024,1024,1024,1514,1514,1514,1514,1514,1514,1514,1514,1514,998,998,43
19.56081247329712,1514,1514,1046,1514,1024,1024,1024,1514,1514,1514,1514,1514,1514,1514,1514,1514,998,998,43
19.662510633468628,1514,1514,1046,1514,1024,1024,1024,1514,1514,1514,1514,1514,1514,1514,1514,1514,998,998,43
19.761212825775146,1514,1514,1046,1514,1024,1024,1024,1514,1514,1514,1514,1514,1514,1514,1514,1514,998,998,43
19.861193656921387,1514,1514,1046,1514,1024,1024,1024,1514,1514,1514,1514,1514,1514,1514,1514,1514,998,998,43
19.962245225906372,1514,1514,1046,1514,1024,1024,1024,1514,1514,1514,1514,1514,1514,1514,1514,1514,998,998,43
20.061460733413696,1514,1514,1046,1514,1024,1024,1024,1514,1514,1514,1514,1514,1514,1514,1514,1514,998,998,43
20.161583423614502,1514,1514,1046,1514,1024,1024,1024,1514,1514,1514,1514,1514,1514,1514,1514,1514,998,998,43
20.261305570602417,1514,1514,1046,1514,1024,1024,1024,1514,1514,1514,1514,1514,1514,1514,1514,1514,998,998,43
20.36228060722351,1514,1514,1046,1514,1024,1024,1024,1514,1514,1514,1514,1514,1514,1514,1514,1514,998,998,43
20.461730241775513,1514,1514,1046,1514,1024,1024,1024,1514,1514,1514,1514,1514,1514,1514,1514,1514,998,998,43
20.560863494873047,1514,1514,1046,1514,1024,1024,1024,1514,1514,1514,1514,1514,1514,1514,1514,1514,998,998,43
20.66282820701599,1514,1514,1046,1514,1024,1024,1024,1514,1514,1514,1514,1514,1514,1514,1514,1514,998,998,43
20.76178741455078,1514,1514,1046,1514,1024,1024,1024,1514,1514,1514,1514,1514,1514,1514,1514,1514,998,998,43
20.861037731170654,1514,1514,1046,1514,1024,1024,1024,1514,1514,1514,1514,1514,1514,1514,1514,1514,998,998,43
20.96245312690735,1514,1514,1046,1514,1024,1024,1024,1514,1514,1514,1514,1514,1514,1514,1514,1514,998,998,43
21.06178879737854,1514,1514,1046,1514,1024,1024,1024,1514,1514,1514,1514,1514,1514,1514,1514,1514,998,998,43
21.16171908378601,1514,1514,1046,1514,1024,1024,1024,1514,1514,1514,1514,1514,1514,1514,1514,1514,998,998,43
21.261631727218628,1514,1514,1046,1514,1024,1024,1024,1514,1514,1514,1514,1514,1514,1514,1514,1514,998,998,43
21.36107325553894,1514,1514,1046,1514,1024,1024,1024,1514,1514,1514,1514,1514,1514,1514,1514,1514,998,998,43
21.462892770767212,1514,1514,1046,1514,1024,1024,1024,1514,1514,1514,1514,1514,1514,1514,1514,1514,998,998,43
21.56184482574463,1514,1514,1046,1514,1024,1024,1024,1514,1514,1514,1514,1514,1514,1514,1514,1514,998,998,43
21.661436557769775,1514,1514,1046,1514,1024,1024,1024,1514,1514,1514,1514,1514,1514,1514,1514,1514,998,998,43
21.76378893852234,1514,1514,1046,1514,1024,1024,1024,1514,1514,1514,1514,1514,1514,1514,1514,1514,998,998,43
21.86201763153076,1514,1514,1046,1514,1024,1024,1024,1514,1514,1514,1514,1514,1514,1514,1514,1514,998,998,43
21.961504697799683,1514,1514,1046,1514,1024,1024,1024,1514,1514,1514,1514,1514,1514,1514,1514,1514,998,998,43
22.06294870376587,1514,1514,1046,1514,1024,1024,1024,1514,1514,1514,1514,1514,1514,1514,1514,1514,998,998,43
22.161935091018677,1514,1514,1046,1514,1024,1024,1024,1514,1514,1514,1514,1514,1514,1514,1514,1514,998,998,43
22.263795614242554,1514,1514,1046,1514,1024,1024,1024,1514,1514,1514,1514,1514,1514,1514,1514,1514,998,998,43
22.361605167388916,1514,1514,1046,1514,1024,1024,1024,1514,1514,1514,1514,1514,1514,1514,1514,1514,998,998,43
22.46358346939087,1514,1514,1046,1514,1024,1024,1024,1514,1514,1514,1514,1514,1514,1514,1514,1514,998,998,43
22.561902046203613,1514,1514,1046,1514,1024,1024,1024,1514,1514,1514,1514,1514,1514,1514,1514,1514,998,998,43
22.661872148513794,1514,1514,1046,1514,1024,1024,1024,1514,1514,1514,1514,1514,1514,1514,1514,1514,998,998,43
22.763100624084473,1514,1514,1046,1514,1024,1024,1024,1514,1514,1514,1514,1514,1514,1514,1514,1514,998,998,43
22.862510204315186,1514,1514,1046,1514,1024,1024,1024,1514,1514,1514,1514,1514,1514,1514,1514,1514,998,998,43
22.96170449256897,1514,1514,1046,1514,1024,1024,1024,1514,1514,1514,1514,1514,1514,1514,1514,1514,998,998,43
23.063088178634644,1514,1514,1046,1514,1024,1024,1024,1514,1514,1514,1514,1514,1514,1514,1514,1514,998,998,43
23.16323709487915,1514,1514,1046,1514,1024,1024,1024,1514,1514,1514,1514,1514,1514,1514,1514,1514,998,998,43
23.263274431228638,1514,1514,1046,1514,1024,1024,1024,1514,1514,1514,1514,1514,1514,1514,1514,1514,998,998,43
23.3622944355011,1514,1514,1046,1514,1024,1024,1024,1514,1514,1514,1514,1514,1514,1514,1514,1514,998,998,43
23.46281337738037,1514,1514,1046,1514,1024,1024,1024,1514,1514,1514,1514,1514,1514,1514,1514,1514,998,998,43
23.563108921051025,1514,1514,1046,1514,1024,1024,1024,1514,1514,1514,1514,1514,1514,1514,1514,1514,998,998,43
23.662353992462158,1514,1514,1046,1514,1024,1024,1024,1514,1514,1514,1514,1514,1514,1514,1514,1514,998,998,43
23.76188635826111,1514,1514,1046,1514,1024,1024,1024,1514,1514,1514,1514,1514,1514,1514,1514,1514,998,998,43
23.86415696144104,1514,1514,1046,1514,1024,1024,1024,1514,1514,1514,1514,1514,1514,1514,1514,1514,998,998,43
23.962849140167236,1514,1514,1046,1514,1024,1024,1024,1514,1514,1514,1514,1514,1514,1514,1514,1514,998,998,43
24.062612295150757,1514,1514,1046,1514,1024,1024,1024,1514,1514,1514,1514,1514,1514,1514,1514,1514,998,998,43
24.16180682182312,1514,1514,1046,1514,1024,1024,1024,1514,1514,1514,1514,1514,1514,1514,1514,1514,998,998,43
24.263850927352905,1514,1514,1046,1514,1024,1024,1024,1514,1514,1514,1514,1514,1514,1514,1514,1514,998,998,43
24.36246156692505,1514,1514,1046,1514,1024,1024,1024,1514,1514,1514,1514,1514,1514,1514,1514,1514,998,998,43
24.46255135536194,1514,1514,1046,1514,1024,1024,1024,1514,1514,1514,1514,1514,1514,1514,1514,1514,998,998,43
24.563453912734985,1514,1514,1046,1514,1024,1024,1024,1514,1514,1514,1514,1514,1514,1514,1514,1514,998,998,43
24.665902853012085,1514,1514,1046,1514,1024,1024,1024,1514,1514,1514,1514,1514,1514,1514,1514,1514,998,998,43
24.76253366470337,1514,1514,1046,1514,1024,1024,1024,1514,1514,1514,1514,1514,1514,1514,1514,1514,998,998,43
24.862054109573364,1514,1514,1046,1514,1024,1024,1024,1514,1514,1514,1514,1514,1514,1514,1514,1514,998,998,43
24.963454246520996,1514,1514,1046,1514,1024,1024,1024,1514,1514,1514,1514,1514,1514,1514,1514,1514,998,998,43
25.06292414665222,1514,1514,1046,1514,1024,1024,1024,1514,1514,1514,1514,1514,1514,1514,1514,1514,998,998,43
25.162282943725586,1514,1514,1046,1514,1024,1024,1024,1514,1514,1514,1514,1514,1514,1514,1514,1514,998,998,43
25.26223659515381,1514,1514,1046,1514,1024,1024,1024,1514,1514,1514,1514,1514,1514,1514,1514,1514,998,998,43
25.363550186157227,1514,1514,1046,1514,1024,1024,1024,1514,1514,1514,1514,1514,1514,1514,1514,1514,998,998,43
25.46270227432251,1514,1514,1046,1514,1024,1024,1024,1514,1514,1514,1514,1514,1514,1514,1514,1514,998,998,43
25.562830209732056,1514,1514,1046,1514,1024,1024,1024,1514,1514,1514,1514,1514,1514,1514,1514,1514,998,998,43
25.662086725234985,1514,1514,1046,1514,1024,1024,1024,1514,1514,1514,1514,1514,1514,1514,1514,1514,998,998,43
25.766541957855225,1514,1514,1046,1514,1024,1024,1024,1514,1514,1514,1514,1514,1514,1514,1514,1514,998,998,43
25.862852334976196,1514,1514,1046,1514,1024,1024,1024,1514,1514,1514,1514,1514,1514,1514,1514,1514,998,998,43
25.962544918060303,1514,1514,1046,1514,1024,1024,1024,1514,1514,1514,1514,1514,1514,1514,1514,1514,998,998,43
26.063709020614624,1514,1514,1046,1514,1024,1024,1024,1514,1514,1514,1514,1514,1514,1514,1514,1514,998,998,43
26.16304898262024,1514,1514,1046,1514,1024,1024,1024,1514,1514,1514,1514,1514,1514,1514,1514,1514,998,998,43
26.262948513031006,1514,1514,1046,1514,1024,1024,1024,1514,1514,1514,1514,1514,1514,1514,1514,1514,998,998,43
26.362389087677002,1514,1514,1046,1514,1024,1024,1024,1514,1514,1514,1514,1514,1514,1514,1514,1514,998,998,43
26.464137315750122,1514,1514,1046,1514,1024,1024,1024,1514,1514,1514,1514,1514,1514,1514,1514,1514,998,998,43
26.563595294952393,1514,1514,1046,1514,1024,1024,1024,1514,1514,1514,1514,1514,1514,1514,1514,1514,998,998,43
26.66267442703247,1514,1514,1046,1514,1024,1024,1024,1514,1514,1514,1514,1514,1514,1514,1514,1514,998,998,43
26.762548208236694,1514,1514,1046,1514,1024,1024,1024,1514,1514,1514,1514,1514,1514,1514,1514,1514,998,998,43
26.864214420318604,1514,1514,1046,1514,1024,1024,1024,1514,1514,1514,1514,1514,1514,1514,1514,1514,998,998,43
26.967448234558105,1514,1514,1046,1514,1024,1024,1024,1514,1514,1514,1514,1514,1514,1514,1514,1514,998,998,43
27.062756776809692,1514,1514,1046,1514,1024,1024,1024,1514,1514,1514,1514,1514,1514,1514,1514,1514,998,998,43
27.164124488830566,1514,1514,1046,1514,1024,1024,1024,1514,1514,1514,1514,1514,1514,1514,1514,1514,998,998,43
27.262972354888916,1514,1514,1046,1514,1024,1024,1024,1514,1514,1514,1514,1514,1514,1514,1514,1514,998,998,43
27.36424422264099,1514,1514,1046,1514,1024,1024,1024,1514,1514,1514,1514,1514,1514,1514,1514,1514,998,998,43
27.46346616744995,1514,1514,1046,1514,1024,1024,1024,1514,1514,1514,1514,1514,1514,1514,1514,1514,998,998,43
27.562682628631592,1514,1514,1046,1514,1024,1024,1024,1514,1514,1514,1514,1514,1514,1514,1514,1514,998,998,43
27.664377212524414,1514,1514,1046,1514,1024,1024,1024,1514,1514,1514,1514,1514,1514,1514,1514,1514,998,998,43
27.764726877212524,1514,1514,1046,1514,1024,1024,1024,1514,1514,1514,1514,1514,1514,1514,1514,1514,998,998,43
27.863457441329956,1514,1514,1046,1514,1024,1024,1024,1514,1514,1514,1514,1514,1514,1514,1514,1514,998,998,43
27.963053703308105,1514,1514,1046,1514,1024,1024,1024,1514,1514,1514,1514,1514,1514,1514,1514,1514,998,998,43
28.064316034317017,1514,1514,1046,1514,1024,1024,1024,1514,1514,1514,1514,1514,1514,1514,1514,1514,998,998,43
28.163692235946655,1514,1514,1046,1514,1024,1024,1024,1514,1514,1514,1514,1514,1514,1514,1514,1514,998,998,43
28.263269662857056,1514,1514,1046,1514,1024,1024,1024,1514,1514,1514,1514,1514,1514,1514,1514,1514,998,998,43
28.364255666732788,1514,1514,1046,1514,1024,1024,1024,1514,1514,1514,1514,1514,1514,1514,1514,1514,998,998,43
28.46362280845642,1514,1514,1046,1514,1024,1024,1024,1514,1514,1514,1514,1514,1514,1514,1514,1514,998,998,43
28.563152074813843,1514,1514,1045,1514,1024,1024,1024,1514,1514,1514,1514,1514,1514,1514,1514,1514,998,998,43
28.666067838668823,1514,1514,1046,1514,1024,1024,1024,1514,1514,1514,1514,1514,1514,1514,1514,1514,998,998,43
28.763805389404297,1514,1514,1046,1514,1024,1024,1024,1514,1514,1514,1514,1514,1514,1514,1514,1514,998,998,43
28.863794565200806,1514,1514,1046,1514,1024,1024,1024,1514,1514,1514,1514,1514,1514,1514,1514,1514,998,998,43
28.963120460510254,1514,1514,1046,1514,1024,1024,1024,1514,1514,1514,1514,1514,1514,1514,1514,1514,998,998,43
29.06449604034424,1514,1514,1046,1514,1024,1024,1024,1514,1514,1514,1514,1514,1514,1514,1514,1514,998,998,43
29.16362977027893,1514,1514,1046,1514,1024,1024,1024,1514,1514,1514,1514,1514,1514,1514,1514,1514,998,998,43
29.263322591781616,1514,1514,1046,1514,1024,1024,1024,1514,1514,1514,1514,1514,1514,1514,1514,1514,998,998,43
29.364027500152588,1514,1514,1046,1514,1024,1024,1024,1514,1514,1514,1514,1514,1514,1514,1514,1514,998,998,43
29.46372628211975,1514,1514,1046,1514,1024,1024,1024,1514,1514,1514,1514,1514,1514,1514,1514,1514,998,998,43
29.56330943107605,1514,1514,1046,1514,1024,1024,1024,1514,1514,1514,1514,1514,1514,1514,1514,1514,998,998,43
29.66495370864868,1514,1514,1046,1514,1024,1024,1024,1514,1514,1514,1514,1514,1514,1514,1514,1514,998,998,43
29.76399540901184,1514,1514,1046,1514,1024,1024,1024,1514,1514,1514,1514,1514,1514,1514,1514,1514,998,998,43
29.863826036453247,1514,1514,1046,1514,1024,1024,1024,1514,1514,1514,1514,1514,1514,1514,1514,1514,998,998,43
29.963545560836792,1514,1514,1046,1514,1024,1024,1024,1514,1514,1514,1514,1514,1514,1514,1514,1514,998,998,43
30.0647451877594,1514,1514,1046,1514,1024,1024,1024,1514,1514,1514,1514,1514,1514,1514,1514,1514,998,998,43
30.164787530899048,1514,1514,1046,1514,1024,1024,1024,1514,1514,1514,1514,1514,1514,1514,1514,1514,998,998,43
30.264188051223755,1514,1514,1046,1514,1024,1024,1024,1514,1514,1514,1514,1514,1514,1514,1514,1514,998,998,43
30.365147590637207,1514,1514,1046,1514,1024,1024,1024,1514,1514,1514,1514,1514,1514,1514,1514,1514,998,998,43
30.464096069335938,1514,1514,1046,1514,1024,1024,1024,1514,1514,1514,1514,1514,1514,1514,1514,1514,998,998,43
30.563640117645264,1514,1514,1046,1514,1024,1024,1024,1514,1514,1514,1514,1514,1514,1514,1514,1514,998,998,43
30.670520305633545,1514,1514,1046,1514,1024,1024,1024,1514,1514,1514,1514,1514,1514,1514,1514,1514,998,998,43
30.76421093940735,1514,1514,1046,1514,1024,1024,1024,1514,1514,1514,1514,1514,1514,1514,1514,1514,998,998,43
30.86430525779724,1514,1514,1046,1514,1024,1024,1024,1514,1514,1514,1514,1514,1514,1514,1514,1514,998,998,43
30.964271306991577,1514,1514,1046,1514,1024,1024,1024,1514,1514,1514,1514,1514,1514,1514,1514,1514,998,998,43
31.063961505889893,1514,1514,1046,1514,1024,1024,1024,1514,1514,1514,1514,1514,1514,1514,1514,1514,998,998,43
31.1688973903656,1514,1514,1046,1514,1024,1024,1024,1514,1514,1514,1514,1514,1514,1514,1514,1514,998,998,43
31.26436686515808,1514,1514,1046,1514,1024,1024,1024,1514,1514,1514,1514,1514,1514,1514,1514,1514,998,998,43
31.363752365112305,1514,1514,1046,1514,1024,1024,1024,1514,1514,1514,1514,1514,1514,1514,1514,1514,998,998,43
31.465219259262085,1514,1514,1046,1514,1024,1024,1024,1514,1514,1514,1514,1514,1514,1514,1514,1514,998,998,43
31.564537286758423,1514,1514,1046,1514,1024,1024,1024,1514,1514,1514,1514,1514,1514,1514,1514,1514,998,998,43
31.66373872756958,1514,1514,1046,1514,1024,1024,1024,1514,1514,1514,1514,1514,1514,1514,1514,1514,998,998,43
31.765364170074463,1514,1514,1046,1514,1024,1024,1024,1514,1514,1514,1514,1514,1514,1514,1514,1514,998,998,43
31.86398983001709,1514,1514,1046,1514,1024,1024,1024,1514,1514,1514,1514,1514,1514,1514,1514,1514,998,998,43
31.965351104736328,1514,1514,1046,1514,1024,1024,1024,1514,1514,1514,1514,1514,1514,1514,1514,1514,998,998,43
32.06463623046875,1514,1514,1046,1514,1024,1024,1024,1514,1514,1514,1514,1514,1514,1514,1514,1514,998,998,43
32.175780296325684,1514,1514,1046,1514,1024,1024,1024,1514,1514,1514,1514,1514,1514,1514,1514,1514,998,998,43
32.265483379364014,1514,1514,1046,1514,1024,1024,1024,1514,1514,1514,1514,1514,1514,1514,1514,1514,998,998,43
32.364874601364136,1514,1514,1046,1514,1024,1024,1024,1514,1514,1514,1514,1514,1514,1514,1514,1514,998,998,43
32.46490502357483,1514,1514,1046,1514,1024,1024,1024,1514,1514,1514,1514,1514,1514,1514,1514,1514,998,998,43
32.56403064727783,1514,1514,1046,1514,1024,1024,1024,1514,1514,1514,1514,1514,1514,1514,1514,1514,998,998,43
32.66535019874573,1514,1514,1046,1514,1024,1024,1024,1514,1514,1514,1514,1514,1514,1514,1514,1514,998,998,43
32.76458668708801,1514,1514,1046,1514,1024,1024,1024,1514,1514,1514,1514,1514,1514,1514,1514,1514,998,998,43
32.864569902420044,1514,1514,1046,1514,1024,1024,1024,1514,1514,1514,1514,1514,1514,1514,1514,1514,998,998,43
32.9657998085022,1514,1514,1046,1514,1024,1024,1024,1514,1514,1514,1514,1514,1514,1514,1514,1514,998,998,43
33.06472086906433,1514,1514,1046,1514,1024,1024,1024,1514,1514,1514,1514,1514,1514,1514,1514,1514,998,998,43
33.1642165184021,1514,1514,1046,1514,1024,1024,1024,1514,1514,1514,1514,1514,1514,1514,1514,1514,998,998,43
33.26567602157593,1514,1514,1046,1514,1024,1024,1024,1514,1514,1514,1514,1514,1514,1514,1514,1514,998,998,43
33.36583185195923,1514,1514,1046,1514,1024,1024,1024,1514,1514,1514,1514,1514,1514,1514,1514,1514,998,998,43
33.465317726135254,1514,1514,1046,1514,1024,1024,1024,1514,1514,1514,1514,1514,1514,1514,1514,1514,998,998,43
33.56443667411804,1514,1514,1046,1514,1024,1024,1024,1514,1514,1514,1514,1514,1514,1514,1514,1514,998,998,43
33.66580510139465,1514,1514,1046,1514,1024,1024,1024,1514,1514,1514,1514,1514,1514,1514,1514,1514,998,998,43
33.7649667263031,1514,1514,1046,1514,1024,1024,1024,1514,1514,1514,1514,1514,1514,1514,1514,1514,998,998,43
33.86524844169617,1514,1514,1046,1514,1024,1024,1024,1514,1514,1514,1514,1514,1514,1514,1514,1514,998,998,43
33.96480131149292,1514,1514,1046,1514,1024,1024,1024,1514,1514,1514,1514,1514,1514,1514,1514,1514,998,998,43
34.06458592414856,1514,1514,1046,1514,1024,1024,1024,1514,1514,1514,1514,1514,1514,1514,1514,1514,998,998,43
34.16568636894226,1514,1514,1046,1514,1024,1024,1024,1514,1514,1514,1514,1514,1514,1514,1514,1514,998,998,43
34.265955686569214,1514,1514,1046,1514,1024,1024,1024,1514,1514,1514,1514,1514,1514,1514,1514,1514,998,998,43
34.36463141441345,1514,1514,1046,1514,1024,1024,1024,1514,1514,1514,1514,1514,1514,1514,1514,1514,998,998,43
34.46588921546936,1514,1514,1046,1514,1024,1024,1024,1514,1514,1514,1514,1514,1514,1514,1514,1514,998,998,43
34.57133960723877,1514,1514,1046,1514,1024,1024,1024,1514,1514,1514,1514,1514,1514,1514,1514,1514,998,998,43
34.66462731361389,1514,1514,1046,1514,1024,1024,1024,1514,1514,1514,1514,1514,1514,1514,1514,1514,998,998,43
34.766191720962524,1514,1514,1046,1514,1024,1024,1024,1514,1514,1514,1514,1514,1514,1514,1514,1514,998,998,43
34.86531734466553,1514,1514,1046,1514,1024,1024,1024,1514,1514,1514,1514,1514,1514,1514,1514,1514,998,998,43
34.965293407440186,1514,1514,1046,1514,1024,1024,1024,1514,1514,1514,1514,1514,1514,1514,1514,1514,998,998,43
35.06740045547485,1514,1514,1046,1514,1024,1024,1024,1514,1514,1514,1514,1514,1514,1514,1514,1514,998,998,43
35.16593551635742,1514,1514,1046,1514,1024,1024,1024,1514,1514,1514,1514,1514,1514,1514,1514,1514,998,998,43
35.26519322395325,1514,1514,1046,1514,1024,1024,1024,1514,1514,1514,1514,1514,1514,1514,1514,1514,998,998,43
35.364765644073486,1514,1514,1046,1514,1024,1024,1024,1514,1514,1514,1514,1514,1514,1514,1514,1514,998,998,43
35.46528363227844,1514,1514,1046,1514,1024,1024,1024,1514,1514,1514,1514,1514,1514,1514,1514,1514,998,998,43
35.5696325302124,1514,1514,1046,1514,1024,1024,1024,1514,1514,1514,1514,1514,1514,1514,1514,1514,998,998,43
35.66619610786438,1514,1514,1046,1514,1024,1024,1024,1514,1514,1514,1514,1514,1514,1514,1514,1514,998,998,43
35.76837944984436,1514,1514,1046,1514,1024,1024,1024,1514,1514,1514,1514,1514,1514,1514,1514,1514,998,998,43
35.86520767211914,1514,1514,1046,1514,1024,1024,1024,1514,1514,1514,1514,1514,1514,1514,1514,1514,998,998,43
35.965296030044556,1514,1514,1046,1514,1024,1024,1024,1514,1514,1514,1514,1514,1514,1514,1514,1514,998,998,43
36.0664701461792,1514,1514,1046,1514,1024,1024,1024,1514,1514,1514,1514,1514,1514,1514,1514,1514,998,998,43
36.16532325744629,1514,1514,1046,1514,1024,1024,1024,1514,1514,1514,1514,1514,1514,1514,1514,1514,998,998,43
36.2648069858551,1514,1514,1046,1514,1024,1024,1024,1514,1514,1514,1514,1514,1514,1514,1514,1514,998,998,43
36.36676597595215,1514,1514,1046,1514,1024,1024,1024,1514,1514,1514,1514,1514,1514,1514,1514,1514,998,998,43
36.466601610183716,1514,1514,1046,1514,1024,1024,1024,1514,1514,1514,1514,1514,1514,1514,1514,1514,998,998,43
36.56597876548767,1514,1514,1046,1514,1024,1024,1024,1514,1514,1514,1514,1514,1514,1514,1514,1514,998,998,43
36.66511249542236,1514,1514,1046,1514,1024,1024,1024,1514,1514,1514,1514,1514,1514,1514,1514,1514,998,998,43
36.76658654212952,1514,1514,1046,1514,1024,1024,1024,1514,1514,1514,1514,1514,1514,1514,1514,1514,998,998,43
36.865702390670776,1514,1514,1046,1514,1024,1024,1024,1514,1514,1514,1514,1514,1514,1514,1514,1514,998,998,43
36.966017961502075,1514,1514,1046,1514,1024,1024,1024,1514,1514,1514,1514,1514,1514,1514,1514,1514,998,998,43
37.06657004356384,1514,1514,1046,1514,1024,1024,1024,1514,1514,1514,1514,1514,1514,1514,1514,1514,998,998,43
37.16644310951233,1514,1514,1046,1514,1024,1024,1024,1514,1514,1514,1514,1514,1514,1514,1514,1514,998,998,43
37.26572847366333,1514,1514,1046,1514,1024,1024,1024,1514,1514,1514,1514,1514,1514,1514,1514,1514,998,998,43
37.36517524719238,1514,1514,1046,1514,1024,1024,1024,1514,1514,1514,1514,1514,1514,1514,1514,1514,998,998,43
37.46588110923767,1514,1514,1046,1514,1024,1024,1024,1514,1514,1514,1514,1514,1514,1514,1514,1514,998,998,43
37.56664299964905,1514,1514,1046,1514,1024,1024,1024,1514,1514,1514,1514,1514,1514,1514,1514,1514,998,998,43
37.66606569290161,1514,1514,1046,1514,1024,1024,1024,1514,1514,1514,1514,1514,1514,1514,1514,1514,998,998,43
37.76523017883301,1514,1514,1046,1514,1024,1024,1024,1514,1514,1514,1514,1514,1514,1514,1514,1514,998,998,43
37.86665463447571,1514,1514,1046,1514,1024,1024,1024,1514,1514,1514,1514,1514,1514,1514,1514,1514,998,998,43
37.96674346923828,1514,1514,1046,1514,1024,1024,1024,1514,1514,1514,1514,1514,1514,1514,1514,1514,998,998,43
38.06619358062744,1514,1514,1046,1514,1024,1024,1024,1514,1514,1514,1514,1514,1514,1514,1514,1514,998,998,43
38.165292263031006,1514,1514,1046,1514,1024,1024,1024,1514,1514,1514,1514,1514,1514,1514,1514,1514,998,998,43
38.26859498023987,1514,1514,1046,1514,1024,1024,1024,1514,1514,1514,1514,1514,1514,1514,1514,1514,998,998,43
38.365967750549316,1514,1514,1046,1514,1024,1024,1024,1514,1514,1514,1514,1514,1514,1514,1514,1514,998,998,43
38.46616530418396,1514,1514,1046,1514,1024,1024,1024,1514,1514,1514,1514,1514,1514,1514,1514,1514,998,998,43
38.565704107284546,1514,1514,1046,1514,1024,1024,1024,1514,1514,1514,1514,1514,1514,1514,1514,1514,998,998,43
38.666823387145996,1514,1514,1046,1514,1024,1024,1024,1514,1514,1514,1514,1514,1514,1514,1514,1514,998,998,43
38.76605439186096,1514,1514,1046,1514,1024,1024,1024,1514,1514,1514,1514,1514,1514,1514,1514,1514,998,998,43
38.86578178405762,1514,1514,1046,1514,1024,1024,1024,1514,1514,1514,1514,1514,1514,1514,1514,1514,998,998,43
38.965675354003906,1514,1514,1046,1514,1024,1024,1024,1514,1514,1514,1514,1514,1514,1514,1514,1514,998,998,43
39.06627798080444,1514,1514,1046,1514,1024,1024,1024,1514,1514,1514,1514,1514,1514,1514,1514,1514,998,998,43
39.16966199874878,1514,1514,1046,1514,1024,1024,1024,1514,1514,1514,1514,1514,1514,1514,1514,1514,998,998,43
39.265700817108154,1514,1514,1046,1514,1024,1024,1024,1514,1514,1514,1514,1514,1514,1514,1514,1514,998,998,43
39.36698842048645,1514,1514,1046,1514,1024,1024,1024,1514,1514,1514,1514,1514,1514,1514,1514,1514,998,998,43
39.46882963180542,1514,1514,1046,1514,1024,1024,1024,1514,1514,1514,1514,1514,1514,1514,1514,1514,998,998,43
39.56617546081543,1514,1514,1046,1514,1024,1024,1024,1514,1514,1514,1514,1514,1514,1514,1514,1514,998,998,43
39.66575908660889,1514,1514,1046,1514,1024,1024,1024,1514,1514,1514,1514,1514,1514,1514,1514,1514,998,998,43
39.76738095283508,1514,1514,1046,1514,1024,1024,1024,1514,1514,1514,1514,1514,1514,1514,1514,1514,998,998,43
39.8673951625824,1514,1514,1046,1514,1024,1024,1024,1514,1514,1514,1514,1514,1514,1514,1514,1514,998,998,43
39.96720290184021,1514,1514,1046,1514,1024,1024,1024,1514,1514,1514,1514,1514,1514,1514,1514,1514,998,998,43
40.066394329071045,1514,1514,1046,1514,1024,1024,1024,1514,1514,1514,1514,1514,1514,1514,1514,1514,998,998,43
40.174134731292725,1514,1514,1046,1514,1024,1024,1024,1514,1514,1514,1514,1514,1514,1514,1514,1514,998,998,43
40.268165588378906,1514,1514,1046,1514,1024,1024,1024,1514,1514,1514,1514,1514,1514,1514,1514,1514,998,998,43
40.36664390563965,1514,1514,1046,1514,1024,1024,1024,1514,1514,1514,1514,1514,1514,1514,1514,1514,998,998,43
40.46782374382019,1514,1514,1046,1514,1024,1024,1024,1514,1514,1514,1514,1514,1514,1514,1514,1514,998,998,43
40.56649470329285,1514,1514,1046,1514,1024,1024,1024,1514,1514,1514,1514,1514,1514,1514,1514,1514,998,998,43
40.66593313217163,1514,1514,1046,1514,1024,1024,1024,1514,1514,1514,1514,1514,1514,1514,1514,1514,998,998,43
40.76759147644043,1514,1514,1046,1514,1024,1024,1024,1514,1514,1514,1514,1514,1514,1514,1514,1514,998,998,43
40.86687517166138,1514,1514,1046,1514,1024,1024,1024,1514,1514,1514,1514,1514,1514,1514,1514,1514,998,998,43
40.9726619720459,1514,1514,1046,1514,1024,1024,1024,1514,1514,1514,1514,1514,1514,1514,1514,1514,998,998,43
41.06711220741272,1514,1514,1046,1514,1024,1024,1024,1514,1514,1514,1514,1514,1514,1514,1514,1514,998,998,43
41.16658163070679,1514,1514,1046,1514,1024,1024,1024,1514,1514,1514,1514,1514,1514,1514,1514,1514,998,998,43
41.26537895202637,1514,1514,1046,1514,1024,1024,1024,1514,1514,1514,1514,1514,1514,1514,1514,1514,998,998,43
41.36404776573181,1514,1514,1046,1514,1024,1024,1024,1514,1514,1514,1514,1514,1514,1514,1514,1514,998,998,43
41.468642234802246,1514,1514,1046,1514,1024,1024,1024,1514,1514,1514,1514,1514,1514,1514,1514,1514,998,998,43
41.56472992897034,1514,1514,1046,1514,1024,1024,1024,1514,1514,1514,1514,1514,1514,1514,1514,1514,998,998,43
41.66358399391174,1514,1514,1046,1514,1024,1024,1024,1514,1514,1514,1514,1514,1514,1514,1514,1514,998,998,43
41.76455307006836,1514,1514,1046,1514,1024,1024,1024,1514,1514,1514,1514,1514,1514,1514,1514,1514,998,998,43
41.86372137069702,1514,1514,1046,1514,1024,1024,1024,1514,1514,1514,1514,1514,1514,1514,1514,1514,998,998,43
41.96231150627136,1514,1514,1046,1514,1024,1024,1024,1514,1514,1514,1514,1514,1514,1514,1514,1514,998,998,43
42.06189274787903,1514,1514,1046,1514,1024,1024,1024,1514,1514,1514,1514,1514,1514,1514,1514,1514,998,998,43
42.163241386413574,1514,1514,1046,1514,1024,1024,1024,1514,1514,1514,1514,1514,1514,1514,1514,1514,998,998,43
42.26253128051758,1514,1514,1046,1514,1024,1024,1024,1514,1514,1514,1514,1514,1514,1514,1514,1514,998,998,43
42.36053013801575,1514,1514,1046,1514,1024,1024,1024,1514,1514,1514,1514,1514,1514,1514,1514,1514,998,998,43
42.461525440216064,1514,1514,1046,1514,1024,1024,1024,1514,1514,1514,1514,1514,1514,1514,1514,1514,998,998,43
42.56111812591553,1514,1514,1046,1514,1024,1024,1024,1514,1514,1514,1514,1514,1514,1514,1514,1514,998,998,43
42.65997838973999,1514,1514,1046,1514,1024,1024,1024,1514,1514,1514,1514,1514,1514,1514,1514,1514,998,998,43
42.759018421173096,1514,1514,1046,1514,1024,1024,1024,1514,1514,1514,1514,1514,1514,1514,1514,1514,998,998,43
42.85819149017334,1514,1514,1046,1514,1024,1024,1024,1514,1514,1514,1514,1514,1514,1514,1514,1514,998,998,43
42.95857119560242,1514,1514,1046,1514,1024,1024,1024,1514,1514,1514,1514,1514,1514,1514,1514,1514,998,998,43
43.059321880340576,1514,1514,1046,1514,1024,1024,1024,1514,1514,1514,1514,1514,1514,1514,1514,1514,998,998,43
43.15782165527344,1514,1514,1046,1514,1024,1024,1024,1514,1514,1514,1514,1514,1514,1514,1514,1514,998,998,43
43.2569305896759,1514,1514,1046,1514,1024,1024,1024,1514,1514,1514,1514,1514,1514,1514,1514,1514,998,998,43
43.35800886154175,1514,1514,1046,1514,1024,1024,1024,1514,1514,1514,1514,1514,1514,1514,1514,1514,998,998,43
43.456730365753174,1514,1514,1046,1514,1024,1024,1024,1514,1514,1514,1514,1514,1514,1514,1514,1514,998,998,43
43.55617952346802,1514,1514,1046,1514,1024,1024,1024,1514,1514,1514,1514,1514,1514,1514,1514,1514,998,998,43
43.65566301345825,1514,1514,1046,1514,1024,1024,1024,1514,1514,1514,1514,1514,1514,1514,1514,1514,998,998,43
43.75631833076477,1514,1514,1046,1514,1024,1024,1024,1514,1514,1514,1514,1514,1514,1514,1514,1514,998,998,43
43.85755777359009,1514,1514,1046,1514,1024,1024,1024,1514,1514,1514,1514,1514,1514,1514,1514,1514,998,998,43
43.954174518585205,1514,1514,1046,1514,1024,1024,1024,1514,1514,1514,1514,1514,1514,1514,1514,1514,998,998,43
44.055155754089355,1514,1514,1046,1514,1024,1024,1024,1514,1514,1514,1514,1514,1514,1514,1514,1514,998,998,43
44.1539261341095,1514,1514,1046,1514,1024,1024,1024,1514,1514,1514,1514,1514,1514,1514,1514,1514,998,998,43
44.253034353256226,1514,1514,1046,1514,1024,1024,1024,1514,1514,1514,1514,1514,1514,1514,1514,1514,998,998,43
44.35385227203369,1514,1514,1046,1514,1024,1024,1024,1514,1514,1514,1514,1514,1514,1514,1514,1514,998,998,43
44.45307230949402,1514,1514,1046,1514,1024,1024,1024,1514,1514,1514,1514,1514,1514,1514,1514,1514,998,998,43
44.552189350128174,1514,1514,1046,1514,1024,1024,1024,1514,1514,1514,1514,1514,1514,1514,1514,1514,998,998,43
44.65177822113037,1514,1514,1046,1514,1024,1024,1024,1514,1514,1514,1514,1514,1514,1514,1514,1514,998,998,43
44.75240349769592,1514,1514,1046,1514,1024,1024,1024,1514,1514,1514,1514,1514,1514,1514,1514,1514,998,998,43
44.85123920440674,1514,1514,1046,1514,1024,1024,1024,1514,1514,1514,1514,1514,1514,1514,1514,1514,998,998,43
44.95022177696228,1514,1514,1046,1514,1024,1024,1024,1514,1514,1514,1514,1514,1514,1514,1514,1514,998,998,43
45.049229860305786,1514,1514,1046,1514,1024,1024,1024,1514,1514,1514,1514,1514,1514,1514,1514,1514,998,998,43
45.150113344192505,1514,1514,1046,1514,1024,1024,1024,1514,1514,1514,1514,1514,1514,1514,1514,1514,998,998,43
45.252968549728394,1514,1514,1046,1514,1024,1024,1024,1514,1514,1514,1514,1514,1514,1514,1514,1514,998,998,43
45.350098848342896,1514,1514,1046,1514,1024,1024,1024,1514,1514,1514,1514,1514,1514,1514,1514,1514,998,998,43
45.4487190246582,1514,1514,1046,1514,1024,1024,1024,1514,1514,1514,1514,1514,1514,1514,1514,1514,998,998,43
45.54923105239868,1514,1514,1046,1514,1024,1024,1024,1514,1514,1514,1514,1514,1514,1514,1514,1514,998,998,43
45.649794578552246,1514,1514,1046,1514,1024,1024,1024,1514,1514,1514,1514,1514,1514,1514,1514,1514,998,998,43
45.74709415435791,1514,1514,1046,1514,1024,1024,1024,1514,1514,1514,1514,1514,1514,1514,1514,1514,998,998,43
45.84929895401001,1514,1514,1046,1514,1024,1024,1024,1514,1514,1514,1514,1514,1514,1514,1514,1514,998,998,43
45.94694638252258,1514,1514,1046,1514,1024,1024,1024,1514,1514,1514,1514,1514,1514,1514,1514,1514,998,998,43
46.04592275619507,1514,1514,1046,1514,1024,1024,1024,1514,1514,1514,1514,1514,1514,1514,1514,1514,998,998,43
46.14705228805542,1514,1514,1046,1514,1024,1024,1024,1514,1514,1514,1514,1514,1514,1514,1514,1514,998,998,43
46.247024059295654,1514,1514,1046,1514,1024,1024,1024,1514,1514,1514,1514,1514,1514,1514,1514,1514,998,998,43
46.34509086608887,1514,1514,1046,1514,1024,1024,1024,1514,1514,1514,1514,1514,1514,1514,1514,1514,998,998,43
46.4449360370636,1514,1514,1046,1514,1024,1024,1024,1514,1514,1514,1514,1514,1514,1514,1514,1514,998,998,43
46.54550623893738,1514,1514,1046,1514,1024,1024,1024,1514,1514,1514,1514,1514,1514,1514,1514,1514,998,998,43
46.644683599472046,1514,1514,1046,1514,1024,1024,1024,1514,1514,1514,1514,1514,1514,1514,1514,1514,998,998,43
46.74438834190369,1514,1514,1046,1514,1024,1024,1024,1514,1514,1514,1514,1514,1514,1514,1514,1514,998,998,43
46.847389936447144,1514,1514,1046,1514,1024,1024,1024,1514,1514,1514,1514,1514,1514,1514,1514,1514,998,998,43
46.94233965873718,1514,1514,1046,1514,1024,1024,1024,1514,1514,1514,1514,1514,1514,1514,1514,1514,998,998,43
47.04373741149902,1514,1514,1046,1514,1024,1024,1024,1514,1514,1514,1514,1514,1514,1514,1514,1514,998,998,43
47.14316987991333,1514,1514,1046,1514,1024,1024,1024,1514,1514,1514,1514,1514,1514,1514,1514,1514,998,998,43
47.241575956344604,1514,1514,1046,1514,1024,1024,1024,1514,1514,1514,1514,1514,1514,1514,1514,1514,998,998,43
47.342787742614746,1514,1514,1046,1514,1024,1024,1024,1514,1514,1514,1514,1514,1514,1514,1514,1514,998,998,43
47.4416139125824,1514,1514,1046,1514,1024,1024,1024,1514,1514,1514,1514,1514,1514,1514,1514,1514,998,998,43
47.54039692878723,1514,1514,1046,1514,1024,1024,1024,1514,1514,1514,1514,1514,1514,1514,1514,1514,998,998,43
47.64170217514038,1514,1514,1046,1514,1024,1024,1024,1514,1514,1514,1514,1514,1514,1514,1514,1514,998,998,43
47.7403826713562,1514,1514,1046,1514,1024,1024,1024,1514,1514,1514,1514,1514,1514,1514,1514,1514,998,998,43
47.8395881652832,1514,1514,1046,1514,1024,1024,1024,1514,1514,1514,1514,1514,1514,1514,1514,1514,998,998,43
47.93947458267212,1514,1514,1046,1514,1024,1024,1024,1514,1514,1514,1514,1514,1514,1514,1514,1514,998,998,43
48.04003167152405,1514,1514,1046,1514,1024,1024,1024,1514,1514,1514,1514,1514,1514,1514,1514,1514,998,998,43
48.13919401168823,1514,1514,1046,1514,1024,1024,1024,1514,1514,1514,1514,1514,1514,1514,1514,1514,998,998,43
48.23798394203186,1514,1514,1046,1514,1024,1024,1024,1514,1514,1514,1514,1514,1514,1514,1514,1514,998,998,43
48.338956356048584,1514,1514,1046,1514,1024,1024,1024,1514,1514,1514,1514,1514,1514,1514,1514,1514,998,998,43
48.43829393386841,1514,1514,1046,1514,1024,1024,1024,1514,1514,1514,1514,1514,1514,1514,1514,1514,998,998,43
48.537559270858765,1514,1514,1046,1514,1024,1024,1024,1514,1514,1514,1514,1514,1514,1514,1514,1514,998,998,43
48.6365385055542,1514,1514,1046,1514,1024,1024,1024,1514,1514,1514,1514,1514,1514,1514,1514,1514,998,998,43
48.73781752586365,1514,1514,1046,1514,1024,1024,1024,1514,1514,1514,1514,1514,1514,1514,1514,1514,998,998,43
48.8365433216095,1514,1514,1046,1514,1024,1024,1024,1514,1514,1514,1514,1514,1514,1514,1514,1514,998,998,43
48.93568181991577,1514,1514,1046,1514,1024,1024,1024,1514,1514,1514,1514,1514,1514,1514,1514,1514,998,998,43
49.035553216934204,1514,1514,1046,1514,1024,1024,1024,1514,1514,1514,1514,1514,1514,1514,1514,1514,998,998,43
49.13630390167236,1514,1514,1046,1514,1024,1024,1024,1514,1514,1514,1514,1514,1514,1514,1514,1514,998,998,43
49.23519730567932,1514,1514,1046,1514,1024,1024,1024,1514,1514,1514,1514,1514,1514,1514,1514,1514,998,998,43
49.33417224884033,1514,1514,1046,1514,1024,1024,1024,1514,1514,1514,1514,1514,1514,1514,1514,1514,998,998,43
49.43525671958923,1514,1514,1046,1514,1024,1024,1024,1514,1514,1514,1514,1514,1514,1514,1514,1514,998,998,43
49.533496141433716,1514,1514,1046,1514,1024,1024,1024,1514,1514,1514,1514,1514,1514,1514,1514,1514,998,998,43
49.63462543487549,1514,1514,1046,1514,1024,1024,1024,1514,1514,1514,1514,1514,1514,1514,1514,1514,998,998,43
49.73345613479614,1514,1514,1046,1514,1024,1024,1024,1514,1514,1514,1514,1514,1514,1514,1514,1514,998,998,43
49.8331356048584,1514,1514,1046,1514,1024,1024,1024,1514,1514,1514,1514,1514,1514,1514,1514,1514,998,998,43
49.931750774383545,1514,1514,1046,1514,1024,1024,1024,1514,1514,1514,1514,1514,1514,1514,1514,1514,998,998,43
50.0330445766449,1514,1514,1046,1514,1024,1024,1024,1514,1514,1514,1514,1514,1514,1514,1514,1514,998,998,43
50.13194751739502,1514,1514,1046,1514,1024,1024,1024,1514,1514,1514,1514,1514,1514,1514,1514,1514,998,998,43
50.232576847076416,1514,1514,1046,1514,1024,1024,1024,1514,1514,1514,1514,1514,1514,1514,1514,1514,998,998,43
50.33125448226929,1514,1514,1046,1514,1024,1024,1024,1514,1514,1514,1514,1514,1514,1514,1514,1514,998,998,43
50.430676221847534,1514,1514,1046,1514,1024,1024,1024,1514,1514,1514,1514,1514,1514,1514,1514,1514,998,998,43
50.53025960922241,1514,1514,1046,1514,1024,1024,1024,1514,1514,1514,1514,1514,1514,1514,1514,1514,998,998,43
50.63139486312866,1514,1514,1046,1514,1024,1024,1024,1514,1514,1514,1514,1514,1514,1514,1514,1514,998,998,43
50.730207681655884,1514,1514,1046,1514,1024,1024,1024,1514,1514,1514,1514,1514,1514,1514,1514,1514,998,998,43
50.829673528671265,1514,1514,1046,1514,1024,1024,1024,1514,1514,1514,1514,1514,1514,1514,1514,1514,998,998,43
50.93017649650574,1514,1514,1046,1514,1024,1024,1024,1514,1514,1514,1514,1514,1514,1514,1514,1514,998,998,43
51.027865409851074,1514,1514,1046,1514,1024,1024,1024,1514,1514,1514,1514,1514,1514,1514,1514,1514,998,998,43
51.12875032424927,1514,1514,1046,1514,1024,1024,1024,1514,1514,1514,1514,1514,1514,1514,1514,1514,998,998,43
51.22851490974426,1514,1514,1046,1514,1024,1024,1024,1514,1514,1514,1514,1514,1514,1514,1514,1514,998,998,43
51.32898259162903,1514,1514,1046,1514,1024,1024,1024,1514,1514,1514,1514,1514,1514,1514,1514,1514,998,998,43
51.42796516418457,1514,1514,1046,1514,1024,1024,1024,1514,1514,1514,1514,1514,1514,1514,1514,1514,998,998,43
51.52691102027893,1514,1514,1046,1514,1024,1024,1024,1514,1514,1514,1514,1514,1514,1514,1514,1514,998,998,43
51.62814450263977,1514,1514,1046,1514,1024,1024,1024,1514,1514,1514,1514,1514,1514,1514,1514,1514,998,998,43
51.728015422821045,1514,1514,1046,1514,1024,1024,1024,1514,1514,1514,1514,1514,1514,1514,1514,1514,998,998,43
51.82608127593994,1514,1514,1046,1514,1024,1024,1024,1514,1514,1514,1514,1514,1514,1514,1514,1514,998,998,43
51.927114725112915,1514,1514,1046,1514,1024,1024,1024,1514,1514,1514,1514,1514,1514,1514,1514,1514,998,998,43
52.025439977645874,1514,1514,1046,1514,1024,1024,1024,1514,1514,1514,1514,1514,1514,1514,1514,1514,998,998,43
52.126588582992554,1514,1514,1046,1514,1024,1024,1024,1514,1514,1514,1514,1514,1514,1514,1514,1514,998,998,43
52.2253839969635,1514,1514,1046,1514,1024,1024,1024,1514,1514,1514,1514,1514,1514,1514,1514,1514,998,998,43
52.32449269294739,1514,1514,1046,1514,1024,1024,1024,1514,1514,1514,1514,1514,1514,1514,1514,1514,998,998,43
52.42560815811157,1514,1514,1046,1514,1024,1024,1024,1514,1514,1514,1514,1514,1514,1514,1514,1514,998,998,43
52.52453351020813,1514,1514,1046,1514,1024,1024,1024,1514,1514,1514,1514,1514,1514,1514,1514,1514,998,998,43
52.62402868270874,1514,1514,1046,1514,1024,1024,1024,1514,1514,1514,1514,1514,1514,1514,1514,1514,998,998,43
52.724902391433716,1514,1514,1046,1514,1024,1024,1024,1514,1514,1514,1514,1514,1514,1514,1514,1514,998,998,43
52.82390904426575,1514,1514,1046,1514,1024,1024,1024,1514,1514,1514,1514,1514,1514,1514,1514,1514,998,998,43
52.92414402961731,1514,1514,1046,1514,1024,1024,1024,1514,1514,1514,1514,1514,1514,1514,1514,1514,998,998,43
53.02231454849243,1514,1514,1046,1514,1024,1024,1024,1514,1514,1514,1514,1514,1514,1514,1514,1514,998,998,43
53.12339663505554,1514,1514,1046,1514,1024,1024,1024,1514,1514,1514,1514,1514,1514,1514,1514,1514,998,998,43
53.222212076187134,1514,1514,1046,1514,1024,1024,1024,1514,1514,1514,1514,1514,1514,1514,1514,1514,998,998,43
53.321373462677,1514,1514,1046,1514,1024,1024,1024,1514,1514,1514,1514,1514,1514,1514,1514,1514,998,998,43
53.423333168029785,1514,1514,1046,1514,1024,1024,1024,1514,1514,1514,1514,1514,1514,1514,1514,1514,998,998,43
53.52221179008484,1514,1514,1046,1514,1024,1024,1024,1514,1514,1514,1514,1514,1514,1514,1514,1514,998,998,43
53.6214485168457,1514,1514,1046,1514,1024,1024,1024,1514,1514,1514,1514,1514,1514,1514,1514,1514,998,998,43
53.720295429229736,1514,1514,1046,1514,1024,1024,1024,1514,1514,1514,1514,1514,1514,1514,1514,1514,998,998,43
53.821155071258545,1514,1514,1046,1514,1024,1024,1024,1514,1514,1514,1514,1514,1514,1514,1514,1514,998,998,43
53.92071485519409,1514,1514,1046,1514,1024,1024,1024,1514,1514,1514,1514,1514,1514,1514,1514,1514,998,998,43
54.01985692977905,1514,1514,1046,1514,1024,1024,1024,1514,1514,1514,1514,1514,1514,1514,1514,1514,998,998,43
54.12028384208679,1514,1514,1046,1514,1024,1024,1024,1514,1514,1514,1514,1514,1514,1514,1514,1514,998,998,43
54.219358682632446,1514,1514,1046,1514,1024,1024,1024,1514,1514,1514,1514,1514,1514,1514,1514,1514,998,998,43
54.31840181350708,1514,1514,1046,1514,1024,1024,1024,1514,1514,1514,1514,1514,1514,1514,1514,1514,998,998,43
54.419496297836304,1514,1514,1046,1514,1024,1024,1024,1514,1514,1514,1514,1514,1514,1514,1514,1514,998,998,43
54.51993536949158,1514,1514,1046,1514,1024,1024,1024,1514,1514,1514,1514,1514,1514,1514,1514,1514,998,998,43
54.618430376052856,1514,1514,1046,1514,1024,1024,1024,1514,1514,1514,1514,1514,1514,1514,1514,1514,998,998,43
54.7175669670105,1514,1514,1046,1514,1024,1024,1024,1514,1514,1514,1514,1514,1514,1514,1514,1514,998,998,43
54.817426919937134,1514,1514,1046,1514,1024,1024,1024,1514,1514,1514,1514,1514,1514,1514,1514,1514,998,998,43
54.916600704193115,1514,1514,1046,1514,1024,1024,1024,1514,1514,1514,1514,1514,1514,1514,1514,1514,998,998,43
55.01775360107422,1514,1514,1046,1514,1024,1024,1024,1514,1514,1514,1514,1514,1514,1514,1514,1514,998,998,43
55.116131067276,1514,1514,1046,1514,1024,1024,1024,1514,1514,1514,1514,1514,1514,1514,1514,1514,998,998,43
55.217164039611816,1514,1514,1046,1514,1024,1024,1024,1514,1514,1514,1514,1514,1514,1514,1514,1514,998,998,43
55.31613802909851,1514,1514,1046,1514,1024,1024,1024,1514,1514,1514,1514,1514,1514,1514,1514,1514,998,998,43
55.41602802276611,1514,1514,1046,1514,1024,1024,1024,1514,1514,1514,1514,1514,1514,1514,1514,1514,998,998,43
55.514984130859375,1514,1514,1046,1514,1024,1024,1024,1514,1514,1514,1514,1514,1514,1514,1514,1514,998,998,43
55.61614632606506,1514,1514,1046,1514,1024,1024,1024,1514,1514,1514,1514,1514,1514,1514,1514,1514,998,998,43
55.71490263938904,1514,1514,1046,1514,1024,1024,1024,1514,1514,1514,1514,1514,1514,1514,1514,1514,998,998,43
55.81404733657837,1514,1514,1046,1514,1024,1024,1024,1514,1514,1514,1514,1514,1514,1514,1514,1514,998,998,43
55.91524410247803,1514,1514,1046,1514,1024,1024,1024,1514,1514,1514,1514,1514,1514,1514,1514,1514,998,998,43
56.01451396942139,1514,1514,1046,1514,1024,1024,1024,1514,1514,1514,1514,1514,1514,1514,1514,1514,998,998,43
56.121068716049194,1514,1514,1046,1514,1024,1024,1024,1514,1514,1514,1514,1514,1514,1514,1514,1514,998,998,43
56.21312999725342,1514,1514,1046,1514,1024,1024,1024,1514,1514,1514,1514,1514,1514,1514,1514,1514,998,998,43
56.31412982940674,1514,1514,1046,1514,1024,1024,1024,1514,1514,1514,1514,1514,1514,1514,1514,1514,998,998,43
56.413601875305176,1514,1514,1046,1514,1024,1024,1024,1514,1514,1514,1514,1514,1514,1514,1514,1514,998,998,43
56.51274013519287,1514,1514,1046,1514,1024,1024,1024,1514,1514,1514,1514,1514,1514,1514,1514,1514,998,998,43
56.612708568573,1514,1514,1046,1514,1024,1024,1024,1514,1514,1514,1514,1514,1514,1514,1514,1514,998,998,43
56.71214270591736,1514,1514,1046,1514,1024,1024,1024,1514,1514,1514,1514,1514,1514,1514,1514,1514,998,998,43
56.812665700912476,1514,1514,1046,1514,1024,1024,1024,1514,1514,1514,1514,1514,1514,1514,1514,1514,998,998,43
56.91168832778931,1514,1514,1046,1514,1024,1024,1024,1514,1514,1514,1514,1514,1514,1514,1514,1514,998,998,43
57.01135611534119,1514,1514,1046,1514,1024,1024,1024,1514,1514,1514,1514,1514,1514,1514,1514,1514,998,998,43
57.1119647026062,1514,1514,1046,1514,1024,1024,1024,1514,1514,1514,1514,1514,1514,1514,1514,1514,998,998,43
57.21118903160095,1514,1514,1046,1514,1024,1024,1024,1514,1514,1514,1514,1514,1514,1514,1514,1514,998,998,43
57.31004238128662,1514,1514,1046,1514,1024,1024,1024,1514,1514,1514,1514,1514,1514,1514,1514,1514,998,998,43
57.41122841835022,1514,1514,1046,1514,1024,1024,1024,1514,1514,1514,1514,1514,1514,1514,1514,1514,998,998,43
57.51016545295715,1514,1514,1046,1514,1024,1024,1024,1514,1514,1514,1514,1514,1514,1514,1514,1514,998,998,43
57.609925746917725,1514,1514,1046,1514,1024,1024,1024,1514,1514,1514,1514,1514,1514,1514,1514,1514,998,998,43
57.709444761276245,1514,1514,1046,1514,1024,1024,1024,1514,1514,1514,1514,1514,1514,1514,1514,1514,998,998,43
57.81062436103821,1514,1514,1046,1514,1024,1024,1024,1514,1514,1514,1514,1514,1514,1514,1514,1514,998,998,43
57.909542083740234,1514,1514,1046,1514,1024,1024,1024,1514,1514,1514,1514,1514,1514,1514,1514,1514,998,998,43
58.008259296417236,1514,1514,1046,1514,1024,1024,1024,1514,1514,1514,1514,1514,1514,1514,1514,1514,998,998,43
58.10803985595703,1514,1514,1046,1514,1024,1024,1024,1514,1514,1514,1514,1514,1514,1514,1514,1514,998,998,43
58.208919525146484,1514,1514,1046,1514,1024,1024,1024,1514,1514,1514,1514,1514,1514,1514,1514,1514,998,998,43
58.30806565284729,1514,1514,1046,1514,1024,1024,1024,1514,1514,1514,1514,1514,1514,1514,1514,1514,998,998,43
58.407614946365356,1514,1514,1046,1514,1024,1024,1024,1514,1514,1514,1514,1514,1514,1514,1514,1514,998,998,43
58.50676965713501,1514,1514,1046,1514,1024,1024,1024,1514,1514,1514,1514,1514,1514,1514,1514,1514,998,998,43
58.60737872123718,1514,1514,1046,1514,1024,1024,1024,1514,1514,1514,1514,1514,1514,1514,1514,1514,998,998,43
58.70631003379822,1514,1514,1046,1514,1024,1024,1024,1514,1514,1514,1514,1514,1514,1514,1514,1514,998,998,43
58.807655334472656,1514,1514,1046,1514,1024,1024,1024,1514,1514,1514,1514,1514,1514,1514,1514,1514,998,998,43
58.90640902519226,1514,1514,1046,1514,1024,1024,1024,1514,1514,1514,1514,1514,1514,1514,1514,1514,998,998,43
59.00552725791931,1514,1514,1046,1514,1024,1024,1024,1514,1514,1514,1514,1514,1514,1514,1514,1514,998,998,43
59.104835987091064,1514,1514,1046,1514,1024,1024,1024,1514,1514,1514,1514,1514,1514,1514,1514,1514,998,998,43
59.2063102722168,1514,1514,1045,1514,1024,1024,1024,1514,1514,1514,1514,1514,1514,1514,1514,1514,998,998,43
59.30524253845215,1514,1514,1046,1514,1024,1024,1024,1514,1514,1514,1514,1514,1514,1514,1514,1514,998,998,43
59.404857873916626,1514,1514,1046,1514,1024,1024,1024,1514,1514,1514,1514,1514,1514,1514,1514,1514,998,998,43
59.50555777549744,1514,1514,1046,1514,1024,1024,1024,1514,1514,1514,1514,1514,1514,1514,1514,1514,998,998,43
59.605283975601196,1514,1514,1046,1514,1024,1024,1024,1514,1514,1514,1514,1514,1514,1514,1514,1514,998,998,43
59.70431351661682,1514,1514,1046,1514,1024,1024,1024,1514,1514,1514,1514,1514,1514,1514,1514,1514,998,998,43
59.80385231971741,1514,1514,1046,1514,1024,1024,1024,1514,1514,1514,1514,1514,1514,1514,1514,1514,998,998,43
59.904568910598755,1514,1514,1046,1514,1024,1024,1024,1514,1514,1514,1514,1514,1514,1514,1514,1514,998,998,43
60.003422498703,1514,1514,1046,1514,1024,1024,1024,1514,1514,1514,1514,1514,1514,1514,1514,1514,998,998,43
60.10259771347046,1514,1514,1046,1514,1024,1024,1024,1514,1514,1514,1514,1514,1514,1514,1514,1514,998,998,43
60.20254588127136,1514,1514,1046,1514,1024,1024,1024,1514,1514,1514,1514,1514,1514,1514,1514,1514,998,998,43
60.30364465713501,1514,1514,1046,1514,1024,1024,1024,1514,1514,1514,1514,1514,1514,1514,1514,1514,998,998,43
60.402958154678345,1514,1514,1046,1514,1024,1024,1024,1514,1514,1514,1514,1514,1514,1514,1514,1514,998,998,43
60.502748012542725,1514,1514,1046,1514,1024,1024,1024,1514,1514,1514,1514,1514,1514,1514,1514,1514,998,998,43
60.602853775024414,1514,1514,1046,1514,1024,1024,1024,1514,1514,1514,1514,1514,1514,1514,1514,1514,998,998,43
60.702088832855225,1514,1514,1046,1514,1024,1024,1024,1514,1514,1514,1514,1514,1514,1514,1514,1514,998,998,43
60.801732778549194,1514,1514,1046,1514,1024,1024,1024,1514,1514,1514,1514,1514,1514,1514,1514,1514,998,998,43
60.90383291244507,1514,1514,1046,1514,1024,1024,1024,1514,1514,1514,1514,1514,1514,1514,1514,1514,998,998,43
61.001195669174194,1514,1514,1046,1514,1024,1024,1024,1514,1514,1514,1514,1514,1514,1514,1514,1514,998,998,43
61.10104203224182,1514,1514,1046,1514,1024,1024,1024,1514,1514,1514,1514,1514,1514,1514,1514,1514,998,998,43
61.200236320495605,1514,1514,1046,1514,1024,1024,1024,1514,1514,1514,1514,1514,1514,1514,1514,1514,998,998,43
61.302242040634155,1514,1514,1046,1514,1024,1024,1024,1514,1514,1514,1514,1514,1514,1514,1514,1514,998,998,43
61.40025234222412,1514,1514,1046,1514,1024,1024,1024,1514,1514,1514,1514,1514,1514,1514,1514,1514,998,998,43
61.499321699142456,1514,1514,1046,1514,1024,1024,1024,1514,1514,1514,1514,1514,1514,1514,1514,1514,998,998,43
61.600361347198486,1514,1514,1046,1514,1024,1024,1024,1514,1514,1514,1514,1514,1514,1514,1514,1514,998,998,43
61.70057654380798,1514,1514,1046,1514,1024,1024,1024,1514,1514,1514,1514,1514,1514,1514,1514,1514,998,998,43
61.7993860244751,1514,1514,1046,1514,1024,1024,1024,1514,1514,1514,1514,1514,1514,1514,1514,1514,998,998,43
61.90558075904846,1514,1514,1046,1514,1024,1024,1024,1514,1514,1514,1514,1514,1514,1514,1514,1514,998,998,43
61.99947166442871,1514,1514,1046,1514,1024,1024,1024,1514,1514,1514,1514,1514,1514,1514,1514,1514,998,998,43
62.09846782684326,1514,1514,1046,1514,1024,1024,1024,1514,1514,1514,1514,1514,1514,1514,1514,1514,998,998,43
62.1986620426178,1514,1514,1046,1514,1024,1024,1024,1514,1514,1514,1514,1514,1514,1514,1514,1514,998,998,43
62.29783535003662,1514,1514,1046,1514,1024,1024,1024,1514,1514,1514,1514,1514,1514,1514,1514,1514,998,998,43
62.39927291870117,1514,1514,1046,1514,1024,1024,1024,1514,1514,1514,1514,1514,1514,1514,1514,1514,998,998,43
62.49748754501343,1514,1514,1046,1514,1024,1024,1024,1514,1514,1514,1514,1514,1514,1514,1514,1514,998,998,43
62.59694266319275,1514,1514,1046,1514,1024,1024,1024,1514,1514,1514,1514,1514,1514,1514,1514,1514,998,998,43
62.696855783462524,1514,1514,1046,1514,1024,1024,1024,1514,1514,1514,1514,1514,1514,1514,1514,1514,998,998,43
62.79764366149902,1514,1514,1046,1514,1024,1024,1024,1514,1514,1514,1514,1514,1514,1514,1514,1514,998,998,43
62.89645862579346,1514,1514,1046,1514,1024,1024,1024,1514,1514,1514,1514,1514,1514,1514,1514,1514,998,998,43
62.99624729156494,1514,1514,1046,1514,1024,1024,1024,1514,1514,1514,1514,1514,1514,1514,1514,1514,998,998,43
63.09691667556763,1514,1514,1046,1514,1024,1024,1024,1514,1514,1514,1514,1514,1514,1514,1514,1514,998,998,43
63.19700574874878,1514,1514,1046,1514,1024,1024,1024,1514,1514,1514,1514,1514,1514,1514,1514,1514,998,998,43
63.29751181602478,1514,1514,1046,1514,1024,1024,1024,1514,1514,1514,1514,1514,1514,1514,1514,1514,998,998,43
63.39514970779419,1514,1514,1046,1514,1024,1024,1024,1514,1514,1514,1514,1514,1514,1514,1514,1514,998,998,43
63.496012687683105,1514,1514,1046,1514,1024,1024,1024,1514,1514,1514,1514,1514,1514,1514,1514,1514,998,998,43
63.60102868080139,1514,1514,1046,1514,1024,1024,1024,1514,1514,1514,1514,1514,1514,1514,1514,1514,998,998,43
63.695003032684326,1514,1514,1046,1514,1024,1024,1024,1514,1514,1514,1514,1514,1514,1514,1514,1514,998,998,43
63.79473900794983,1514,1514,1046,1514,1024,1024,1024,1514,1514,1514,1514,1514,1514,1514,1514,1514,998,998,43
63.8941285610199,1514,1514,1046,1514,1024,1024,1024,1514,1514,1514,1514,1514,1514,1514,1514,1514,998,998,43
63.994959354400635,1514,1514,1046,1514,1024,1024,1024,1514,1514,1514,1514,1514,1514,1514,1514,1514,998,998,43
64.09384894371033,1514,1514,1046,1514,1024,1024,1024,1514,1514,1514,1514,1514,1514,1514,1514,1514,998,998,43
64.1938066482544,1514,1514,1046,1514,1024,1024,1024,1514,1514,1514,1514,1514,1514,1514,1514,1514,998,998,43
64.29255938529968,1514,1514,1046,1514,1024,1024,1024,1514,1514,1514,1514,1514,1514,1514,1514,1514,998,998,43
64.39393997192383,1514,1514,1046,1514,1024,1024,1024,1514,1514,1514,1514,1514,1514,1514,1514,1514,998,998,43
64.49299430847168,1514,1514,1046,1514,1024,1024,1024,1514,1514,1514,1514,1514,1514,1514,1514,1514,998,998,43
64.59269762039185,1514,1514,1046,1514,1024,1024,1024,1514,1514,1514,1514,1514,1514,1514,1514,1514,998,998,43
64.69397711753845,1514,1514,1046,1514,1024,1024,1024,1514,1514,1514,1514,1514,1514,1514,1514,1514,998,998,43
64.79244780540466,1514,1514,1046,1514,1024,1024,1024,1514,1514,1514,1514,1514,1514,1514,1514,1514,998,998,43
64.89176607131958,1514,1514,1046,1514,1024,1024,1024,1514,1514,1514,1514,1514,1514,1514,1514,1514,998,998,43
64.99790358543396,1514,1514,1046,1514,1024,1024,1024,1514,1514,1514,1514,1514,1514,1514,1514,1514,998,998,43
65.0915629863739,1514,1514,1046,1514,1024,1024,1024,1514,1514,1514,1514,1514,1514,1514,1514,1514,998,998,43
65.19152593612671,1514,1514,1046,1514,1024,1024,1024,1514,1514,1514,1514,1514,1514,1514,1514,1514,998,998,43
65.2912585735321,1514,1514,1046,1514,1024,1024,1024,1514,1514,1514,1514,1514,1514,1514,1514,1514,998,998,43
65.39076137542725,1514,1514,1046,1514,1024,1024,1024,1514,1514,1514,1514,1514,1514,1514,1514,1514,998,998,43
65.49161577224731,1514,1514,1046,1514,1024,1024,1024,1514,1514,1514,1514,1514,1514,1514,1514,1514,998,998,43
65.59080719947815,1514,1514,1046,1514,1024,1024,1024,1514,1514,1514,1514,1514,1514,1514,1514,1514,998,998,43
65.69369912147522,1514,1514,1046,1514,1024,1024,1024,1514,1514,1514,1514,1514,1514,1514,1514,1514,998,998,43
65.79101467132568,1514,1514,1046,1514,1024,1024,1024,1514,1514,1514,1514,1514,1514,1514,1514,1514,998,998,43
65.89020657539368,1514,1514,1046,1514,1024,1024,1024,1514,1514,1514,1514,1514,1514,1514,1514,1514,998,998,43
65.98954486846924,1514,1514,1046,1514,1024,1024,1024,1514,1514,1514,1514,1514,1514,1514,1514,1514,998,998,43
66.09035992622375,1514,1514,1046,1514,1024,1024,1024,1514,1514,1514,1514,1514,1514,1514,1514,1514,998,998,43
66.18889474868774,1514,1514,1046,1514,1024,1024,1024,1514,1514,1514,1514,1514,1514,1514,1514,1514,998,998,43
66.28981685638428,1514,1514,1046,1514,1024,1024,1024,1514,1514,1514,1514,1514,1514,1514,1514,1514,998,998,43
66.38942456245422,1514,1514,1046,1514,1024,1024,1024,1514,1514,1514,1514,1514,1514,1514,1514,1514,998,998,43
66.4881100654602,1514,1514,1046,1514,1024,1024,1024,1514,1514,1514,1514,1514,1514,1514,1514,1514,998,998,43
66.58937335014343,1514,1514,1046,1514,1024,1024,1024,1514,1514,1514,1514,1514,1514,1514,1514,1514,998,998,43
66.68833184242249,1514,1514,1046,1514,1024,1024,1024,1514,1514,1514,1514,1514,1514,1514,1514,1514,998,998,43
66.78822445869446,1514,1514,1046,1514,1024,1024,1024,1514,1514,1514,1514,1514,1514,1514,1514,1514,998,998,43
66.88768076896667,1514,1514,1046,1514,1024,1024,1024,1514,1514,1514,1514,1514,1514,1514,1514,1514,998,998,43
66.9885003566742,1514,1514,1046,1514,1024,1024,1024,1514,1514,1514,1514,1514,1514,1514,1514,1514,998,998,43
67.0875461101532,1514,1514,1046,1514,1024,1024,1024,1514,1514,1514,1514,1514,1514,1514,1514,1514,998,998,43
67.18723011016846,1514,1514,1046,1514,1024,1024,1024,1514,1514,1514,1514,1514,1514,1514,1514,1514,998,998,43
67.28629684448242,1514,1514,1046,1514,1024,1024,1024,1514,1514,1514,1514,1514,1514,1514,1514,1514,998,998,43
67.38860535621643,1514,1514,1046,1514,1024,1024,1024,1514,1514,1514,1514,1514,1514,1514,1514,1514,998,998,43
67.4881010055542,1514,1514,1046,1514,1024,1024,1024,1514,1514,1514,1514,1514,1514,1514,1514,1514,998,998,43
67.58615612983704,1514,1514,1046,1514,1024,1024,1024,1514,1514,1514,1514,1514,1514,1514,1514,1514,998,998,43
67.68700361251831,1514,1514,1046,1514,1024,1024,1024,1514,1514,1514,1514,1514,1514,1514,1514,1514,998,998,43
67.78656959533691,1514,1514,1046,1514,1024,1024,1024,1514,1514,1514,1514,1514,1514,1514,1514,1514,998,998,43
67.88641858100891,1514,1514,1046,1514,1024,1024,1024,1514,1514,1514,1514,1514,1514,1514,1514,1514,998,998,43
67.98489665985107,1514,1514,1046,1514,1024,1024,1024,1514,1514,1514,1514,1514,1514,1514,1514,1514,998,998,43
68.0862684249878,1514,1514,1046,1514,1024,1024,1024,1514,1514,1514,1514,1514,1514,1514,1514,1514,998,998,43
68.18530106544495,1514,1514,1046,1514,1024,1024,1024,1514,1514,1514,1514,1514,1514,1514,1514,1514,998,998,43
68.28544425964355,1514,1514,1046,1514,1024,1024,1024,1514,1514,1514,1514,1514,1514,1514,1514,1514,998,998,43
68.38646340370178,1514,1514,1046,1514,1024,1024,1024,1514,1514,1514,1514,1514,1514,1514,1514,1514,998,998,43
68.48732161521912,1514,1514,1046,1514,1024,1024,1024,1514,1514,1514,1514,1514,1514,1514,1514,1514,998,998,43
68.58454513549805,1514,1514,1046,1514,1024,1024,1024,1514,1514,1514,1514,1514,1514,1514,1514,1514,998,998,43
68.68359398841858,1514,1514,1046,1514,1024,1024,1024,1514,1514,1514,1514,1514,1514,1514,1514,1514,998,998,43
68.78771567344666,1514,1514,1046,1514,1024,1024,1024,1514,1514,1514,1514,1514,1514,1514,1514,1514,998,998,43
68.88386797904968,1514,1514,1046,1514,1024,1024,1024,1514,1514,1514,1514,1514,1514,1514,1514,1514,998,998,43
68.98343420028687,1514,1514,1046,1514,1024,1024,1024,1514,1514,1514,1514,1514,1514,1514,1514,1514,998,998,43
69.08425211906433,1514,1514,1046,1514,1024,1024,1024,1514,1514,1514,1514,1514,1514,1514,1514,1514,998,998,43
69.1833028793335,1514,1514,1046,1514,1024,1024,1024,1514,1514,1514,1514,1514,1514,1514,1514,1514,998,998,43
69.28386855125427,1514,1514,1046,1514,1024,1024,1024,1514,1514,1514,1514,1514,1514,1514,1514,1514,998,998,43
69.38401746749878,1514,1514,1046,1514,1024,1024,1024,1514,1514,1514,1514,1514,1514,1514,1514,1514,998,998,43
69.48308420181274,1514,1514,1046,1514,1024,1024,1024,1514,1514,1514,1514,1514,1514,1514,1514,1514,998,998,43
69.58341670036316,1514,1514,1046,1514,1024,1024,1024,1514,1514,1514,1514,1514,1514,1514,1514,1514,998,998,43
69.68219327926636,1514,1514,1046,1514,1024,1024,1024,1514,1514,1514,1514,1514,1514,1514,1514,1514,998,998,43
69.78290486335754,1514,1514,1046,1514,1024,1024,1024,1514,1514,1514,1514,1514,1514,1514,1514,1514,998,998,43
69.88200497627258,1514,1514,1046,1514,1024,1024,1024,1514,1514,1514,1514,1514,1514,1514,1514,1514,998,998,43
69.98171758651733,1514,1514,1046,1514,1024,1024,1024,1514,1514,1514,1514,1514,1514,1514,1514,1514,998,998,43
70.08243227005005,1514,1514,1046,1514,1024,1024,1024,1514,1514,1514,1514,1514,1514,1514,1514,1514,998,998,43
70.1814558506012,1514,1514,1046,1514,1024,1024,1024,1514,1514,1514,1514,1514,1514,1514,1514,1514,998,998,43
70.28031468391418,1514,1514,1046,1514,1024,1024,1024,1514,1514,1514,1514,1514,1514,1514,1514,1514,998,998,43
70.38194370269775,1514,1514,1046,1514,1024,1024,1024,1514,1514,1514,1514,1514,1514,1514,1514,1514,998,998,43
70.48295187950134,1514,1514,1046,1514,1024,1024,1024,1514,1514,1514,1514,1514,1514,1514,1514,1514,998,998,43
70.58043146133423,1514,1514,1046,1514,1024,1024,1024,1514,1514,1514,1514,1514,1514,1514,1514,1514,998,998,43
70.67910742759705,1514,1514,1046,1514,1024,1024,1024,1514,1514,1514,1514,1514,1514,1514,1514,1514,998,998,43
70.78116750717163,1514,1514,1046,1514,1024,1024,1024,1514,1514,1514,1514,1514,1514,1514,1514,1514,998,998,43
70.8800528049469,1514,1514,1046,1514,1024,1024,1024,1514,1514,1514,1514,1514,1514,1514,1514,1514,998,998,43
70.9794819355011,1514,1514,1046,1514,1024,1024,1024,1514,1514,1514,1514,1514,1514,1514,1514,1514,998,998,43
71.08139944076538,1514,1514,1046,1514,1024,1024,1024,1514,1514,1514,1514,1514,1514,1514,1514,1514,998,998,43
71.17954564094543,1514,1514,1046,1514,1024,1024,1024,1514,1514,1514,1514,1514,1514,1514,1514,1514,998,998,43
71.27947092056274,1514,1514,1046,1514,1024,1024,1024,1514,1514,1514,1514,1514,1514,1514,1514,1514,998,998,43
71.37895178794861,1514,1514,1046,1514,1024,1024,1024,1514,1514,1514,1514,1514,1514,1514,1514,1514,998,998,43
71.47990226745605,1514,1514,1046,1514,1024,1024,1024,1514,1514,1514,1514,1514,1514,1514,1514,1514,998,998,43
71.57879948616028,1514,1514,1046,1514,1024,1024,1024,1514,1514,1514,1514,1514,1514,1514,1514,1514,998,998,43
71.6782066822052,1514,1514,1046,1514,1024,1024,1024,1514,1514,1514,1514,1514,1514,1514,1514,1514,998,998,43
71.77794003486633,1514,1514,1046,1514,1024,1024,1024,1514,1514,1514,1514,1514,1514,1514,1514,1514,998,998,43
71.88003325462341,1514,1514,1046,1514,1024,1024,1024,1514,1514,1514,1514,1514,1514,1514,1514,1514,998,998,43
71.98177647590637,1514,1514,1046,1514,1024,1024,1024,1514,1514,1514,1514,1514,1514,1514,1514,1514,998,998,43
72.07743382453918,1514,1514,1046,1514,1024,1024,1024,1514,1514,1514,1514,1514,1514,1514,1514,1514,998,998,43
72.1785306930542,1514,1514,1046,1514,1024,1024,1024,1514,1514,1514,1514,1514,1514,1514,1514,1514,998,998,43
72.27827477455139,1514,1514,1046,1514,1024,1024,1024,1514,1514,1514,1514,1514,1514,1514,1514,1514,998,998,43
72.37794303894043,1514,1514,1046,1514,1024,1024,1024,1514,1514,1514,1514,1514,1514,1514,1514,1514,998,998,43
72.47745680809021,1514,1514,1046,1514,1024,1024,1024,1514,1514,1514,1514,1514,1514,1514,1514,1514,998,998,43
72.58081555366516,1514,1514,1046,1514,1024,1024,1024,1514,1514,1514,1514,1514,1514,1514,1514,1514,998,998,43
72.6777880191803,1514,1514,1046,1514,1024,1024,1024,1514,1514,1514,1514,1514,1514,1514,1514,1514,998,998,43
72.77677583694458,1514,1514,1046,1514,1024,1024,1024,1514,1514,1514,1514,1514,1514,1514,1514,1514,998,998,43
72.875648021698,1514,1514,1046,1514,1024,1024,1024,1514,1514,1514,1514,1514,1514,1514,1514,1514,998,998,43
72.97587966918945,1514,1514,1046,1514,1024,1024,1024,1514,1514,1514,1514,1514,1514,1514,1514,1514,998,998,43
73.07767605781555,1514,1514,1046,1514,1024,1024,1024,1514,1514,1514,1514,1514,1514,1514,1514,1514,998,998,43
73.17714881896973,1514,1514,1046,1514,1024,1024,1024,1514,1514,1514,1514,1514,1514,1514,1514,1514,998,998,43
73.2773962020874,1514,1514,1046,1514,1024,1024,1024,1514,1514,1514,1514,1514,1514,1514,1514,1514,998,998,43
73.37535214424133,1514,1514,1046,1514,1024,1024,1024,1514,1514,1514,1514,1514,1514,1514,1514,1514,998,998,43
73.47704672813416,1514,1514,1046,1514,1024,1024,1024,1514,1514,1514,1514,1514,1514,1514,1514,1514,998,998,43
73.5758101940155,1514,1514,1046,1514,1024,1024,1024,1514,1514,1514,1514,1514,1514,1514,1514,1514,998,998,43
73.67508101463318,1514,1514,1046,1514,1024,1024,1024,1514,1514,1514,1514,1514,1514,1514,1514,1514,998,998,43
73.7744472026825,1514,1514,1046,1514,1024,1024,1024,1514,1514,1514,1514,1514,1514,1514,1514,1514,998,998,43
73.87552332878113,1514,1514,1046,1514,1024,1024,1024,1514,1514,1514,1514,1514,1514,1514,1514,1514,998,998,43
73.97522068023682,1514,1514,1046,1514,1024,1024,1024,1514,1514,1514,1514,1514,1514,1514,1514,1514,998,998,43
74.07373547554016,1514,1514,1046,1514,1024,1024,1024,1514,1514,1514,1514,1514,1514,1514,1514,1514,998,998,43
74.17516756057739,1514,1514,1046,1514,1024,1024,1024,1514,1514,1514,1514,1514,1514,1514,1514,1514,998,998,43
74.27404236793518,1514,1514,1046,1514,1024,1024,1024,1514,1514,1514,1514,1514,1514,1514,1514,1514,998,998,43
74.37369585037231,1514,1514,1046,1514,1024,1024,1024,1514,1514,1514,1514,1514,1514,1514,1514,1514,998,998,43
74.47468590736389,1514,1514,1046,1514,1024,1024,1024,1514,1514,1514,1514,1514,1514,1514,1514,1514,998,998,43
74.57388734817505,1514,1514,1045,1514,1024,1024,1024,1514,1514,1514,1514,1514,1514,1514,1514,1514,998,998,43
74.6743094921112,1514,1514,1046,1514,1024,1024,1024,1514,1514,1514,1514,1514,1514,1514,1514,1514,998,998,43
74.7726399898529,1514,1514,1046,1514,1024,1024,1024,1514,1514,1514,1514,1514,1514,1514,1514,1514,998,998,43
74.87572526931763,1514,1514,1046,1514,1024,1024,1024,1514,1514,1514,1514,1514,1514,1514,1514,1514,998,998,43
74.9731993675232,1514,1514,1046,1514,1024,1024,1024,1514,1514,1514,1514,1514,1514,1514,1514,1514,998,998,43
75.07282781600952,1514,1514,1046,1514,1024,1024,1024,1514,1514,1514,1514,1514,1514,1514,1514,1514,998,998,43
75.17707252502441,1514,1514,1046,1514,1024,1024,1024,1514,1514,1514,1514,1514,1514,1514,1514,1514,998,998,43
75.27317905426025,1514,1514,1046,1514,1024,1024,1024,1514,1514,1514,1514,1514,1514,1514,1514,1514,998,998,43
75.3724274635315,1514,1514,1046,1514,1024,1024,1024,1514,1514,1514,1514,1514,1514,1514,1514,1514,998,998,43
75.47167348861694,1514,1514,1046,1514,1024,1024,1024,1514,1514,1514,1514,1514,1514,1514,1514,1514,998,998,43
75.57939100265503,1514,1514,1046,1514,1024,1024,1024,1514,1514,1514,1514,1514,1514,1514,1514,1514,998,998,43
75.67275929450989,1514,1514,1046,1514,1024,1024,1024,1514,1514,1514,1514,1514,1514,1514,1514,1514,998,998,43
75.7719292640686,1514,1514,1046,1514,1024,1024,1024,1514,1514,1514,1514,1514,1514,1514,1514,1514,998,998,43
75.87279534339905,1514,1514,1046,1514,1024,1024,1024,1514,1514,1514,1514,1514,1514,1514,1514,1514,998,998,43
75.9722740650177,1514,1514,1046,1514,1024,1024,1024,1514,1514,1514,1514,1514,1514,1514,1514,1514,998,998,43
76.07128357887268,1514,1514,1046,1514,1024,1024,1024,1514,1514,1514,1514,1514,1514,1514,1514,1514,998,998,43
76.17163062095642,1514,1514,1046,1514,1024,1024,1024,1514,1514,1514,1514,1514,1514,1514,1514,1514,998,998,43
76.2704689502716,1514,1514,1046,1514,1024,1024,1024,1514,1514,1514,1514,1514,1514,1514,1514,1514,998,998,43
76.37143397331238,1514,1514,1046,1514,1024,1024,1024,1514,1514,1514,1514,1514,1514,1514,1514,1514,998,998,43
76.47571516036987,1514,1514,1046,1514,1024,1024,1024,1514,1514,1514,1514,1514,1514,1514,1514,1514,998,998,43
76.57022666931152,1514,1514,1046,1514,1024,1024,1024,1514,1514,1514,1514,1514,1514,1514,1514,1514,998,998,43
76.67260670661926,1514,1514,1046,1514,1024,1024,1024,1514,1514,1514,1514,1514,1514,1514,1514,1514,998,998,43
76.76867198944092,1514,1514,1046,1514,1024,1024,1024,1514,1514,1514,1514,1514,1514,1514,1514,1514,998,998,43
76.87036848068237,1514,1514,1046,1514,1024,1024,1024,1514,1514,1514,1514,1514,1514,1514,1514,1514,998,998,43
76.97005367279053,1514,1514,1046,1514,1024,1024,1024,1514,1514,1514,1514,1514,1514,1514,1514,1514,998,998,43
77.07040929794312,1514,1514,1046,1514,1024,1024,1024,1514,1514,1514,1514,1514,1514,1514,1514,1514,998,998,43
77.17026472091675,1514,1514,1046,1514,1024,1024,1024,1514,1514,1514,1514,1514,1514,1514,1514,1514,998,998,43
77.26942348480225,1514,1514,1046,1514,1024,1024,1024,1514,1514,1514,1514,1514,1514,1514,1514,1514,998,998,43
77.36847853660583,1514,1514,1046,1514,1024,1024,1024,1514,1514,1514,1514,1514,1514,1514,1514,1514,998,998,43
77.46994113922119,1514,1514,1046,1514,1024,1024,1024,1514,1514,1514,1514,1514,1514,1514,1514,1514,998,998,43
77.56896018981934,1514,1514,1046,1514,1024,1024,1024,1514,1514,1514,1514,1514,1514,1514,1514,1514,998,998,43
77.66892385482788,1514,1514,1046,1514,1024,1024,1024,1514,1514,1514,1514,1514,1514,1514,1514,1514,998,998,43
77.76809167861938,1514,1514,1046,1514,1024,1024,1024,1514,1514,1514,1514,1514,1514,1514,1514,1514,998,998,43
77.86905646324158,1514,1514,1046,1514,1024,1024,1024,1514,1514,1514,1514,1514,1514,1514,1514,1514,998,998,43
77.96842813491821,1514,1514,1046,1514,1024,1024,1024,1514,1514,1514,1514,1514,1514,1514,1514,1514,998,998,43
78.0678653717041,1514,1514,1046,1514,1024,1024,1024,1514,1514,1514,1514,1514,1514,1514,1514,1514,998,998,43
78.16770100593567,1514,1514,1046,1514,1024,1024,1024,1514,1514,1514,1514,1514,1514,1514,1514,1514,998,998,43
78.26893663406372,1514,1514,1046,1514,1024,1024,1024,1514,1514,1514,1514,1514,1514,1514,1514,1514,998,998,43
78.3681263923645,1514,1514,1046,1514,1024,1024,1024,1514,1514,1514,1514,1514,1514,1514,1514,1514,998,998,43
78.4670820236206,1514,1514,1046,1514,1024,1024,1024,1514,1514,1514,1514,1514,1514,1514,1514,1514,998,998,43
78.56818294525146,1514,1514,1046,1514,1024,1024,1024,1514,1514,1514,1514,1514,1514,1514,1514,1514,998,998,43
78.66697072982788,1514,1514,1046,1514,1024,1024,1024,1514,1514,1514,1514,1514,1514,1514,1514,1514,998,998,43
78.76799845695496,1514,1514,1046,1514,1024,1024,1024,1514,1514,1514,1514,1514,1514,1514,1514,1514,998,998,43
78.86687707901001,1514,1514,1046,1514,1024,1024,1024,1514,1514,1514,1514,1514,1514,1514,1514,1514,998,998,43
78.96703457832336,1514,1514,1046,1514,1024,1024,1024,1514,1514,1514,1514,1514,1514,1514,1514,1514,998,998,43
79.06732130050659,1514,1514,1053,1514,1024,1024,1024,1514,1514,1514,1514,1514,1514,1514,1514,1514,998,998,43
79.16690683364868,1514,1514,1055,1514,1024,1024,1024,1514,1514,1514,1514,1514,1514,1514,1514,1514,998,998,43
79.26574611663818,1514,1514,1053,1514,1024,1024,1024,1514,1514,1514,1514,1514,1514,1514,1514,1514,998,998,43
79.3672513961792,1514,1514,1055,1514,1024,1024,1024,1514,1514,1514,1514,1514,1514,1514,1514,1514,998,998,43
79.46595549583435,1514,1514,1052,1514,1024,1024,1024,1514,1514,1514,1514,1514,1514,1514,1514,1514,998,998,43
79.5651478767395,1514,1514,1052,1514,1024,1024,1024,1514,1514,1514,1514,1514,1514,1514,1514,1514,998,998,43
79.66646909713745,1514,1514,1052,1514,1024,1024,1024,1514,1514,1514,1514,1514,1514,1514,1514,1514,998,998,43
79.76632499694824,1514,1514,1052,1514,1024,1024,1024,1514,1514,1514,1514,1514,1514,1514,1514,1514,998,998,43
79.86566662788391,1514,1514,1052,1514,1024,1024,1024,1514,1514,1514,1514,1514,1514,1514,1514,1514,998,998,43
79.96449899673462,1514,1514,1052,1514,1024,1024,1024,1514,1514,1514,1514,1514,1514,1514,1514,1514,998,998,43
80.06597352027893,1514,1514,1052,1514,1024,1024,1024,1514,1514,1514,1514,1514,1514,1514,1514,1514,998,998,43
80.16592407226562,1514,1514,1052,1514,1024,1024,1024,1514,1514,1514,1514,1514,1514,1514,1514,1514,998,998,43
80.26512455940247,1514,1514,1052,1514,1024,1024,1024,1514,1514,1514,1514,1514,1514,1514,1514,1514,998,998,43
80.36488151550293,1514,1514,1052,1514,1024,1024,1024,1514,1514,1514,1514,1514,1514,1514,1514,1514,998,998,43
80.46547269821167,1514,1514,1052,1514,1024,1024,1024,1514,1514,1514,1514,1514,1514,1514,1514,1514,998,998,43
80.56471538543701,1514,1514,1052,1514,1024,1024,1024,1514,1514,1514,1514,1514,1514,1514,1514,1514,998,998,43
80.66756653785706,1514,1514,1052,1514,1024,1024,1024,1514,1514,1514,1514,1514,1514,1514,1514,1514,998,998,43
80.76330852508545,1514,1514,1052,1514,1024,1024,1024,1514,1514,1514,1514,1514,1514,1514,1514,1514,998,998,43
80.86769580841064,1514,1514,1052,1514,1024,1024,1024,1514,1514,1514,1514,1514,1514,1514,1514,1514,998,998,43
80.96397638320923,1514,1514,1052,1514,1024,1024,1024,1514,1514,1514,1514,1514,1514,1514,1514,1514,998,998,43
81.06264758110046,1514,1514,1052,1514,1024,1024,1024,1514,1514,1514,1514,1514,1514,1514,1514,1514,998,998,43
81.16477966308594,1514,1514,1052,1514,1024,1024,1024,1514,1514,1514,1514,1514,1514,1514,1514,1514,998,998,43
81.26420021057129,1514,1514,1052,1514,1024,1024,1024,1514,1514,1514,1514,1514,1514,1514,1514,1514,998,998,43
81.36324548721313,1514,1514,1052,1514,1024,1024,1024,1514,1514,1514,1514,1514,1514,1514,1514,1514,998,998,43
81.46453261375427,1514,1514,1052,1514,1024,1024,1024,1514,1514,1514,1514,1514,1514,1514,1514,1514,998,998,43
81.56386470794678,1514,1514,1052,1514,1024,1024,1024,1514,1514,1514,1514,1514,1514,1514,1514,1514,998,998,43
81.66277360916138,1514,1514,1052,1514,1024,1024,1024,1514,1514,1514,1514,1514,1514,1514,1514,1514,998,998,43
81.76355504989624,1514,1514,1052,1514,1024,1024,1024,1514,1514,1514,1514,1514,1514,1514,1514,1514,998,998,43
81.86207008361816,1514,1514,1052,1514,1024,1024,1024,1514,1514,1514,1514,1514,1514,1514,1514,1514,998,998,43
81.96344089508057,1514,1514,1052,1514,1024,1024,1024,1514,1514,1514,1514,1514,1514,1514,1514,1514,998,998,43
82.06409573554993,1514,1514,1052,1514,1024,1024,1024,1514,1514,1514,1514,1514,1514,1514,1514,1514,998,998,43
82.16151332855225,1514,1514,1052,1514,1024,1024,1024,1514,1514,1514,1514,1514,1514,1514,1514,1514,998,998,43
82.26210141181946,1514,1514,1052,1514,1024,1024,1024,1514,1514,1514,1514,1514,1514,1514,1514,1514,998,998,43
82.3613293170929,1514,1514,1052,1514,1024,1024,1024,1514,1514,1514,1514,1514,1514,1514,1514,1514,998,998,43
82.46759581565857,1514,1514,1052,1514,1024,1024,1024,1514,1514,1514,1514,1514,1514,1514,1514,1514,998,998,43
82.56142950057983,1514,1514,1052,1514,1024,1024,1024,1514,1514,1514,1514,1514,1514,1514,1514,1514,998,998,43
82.66051769256592,1514,1514,1052,1514,1024,1024,1024,1514,1514,1514,1514,1514,1514,1514,1514,1514,998,998,43
82.76236414909363,1514,1514,1052,1514,1024,1024,1024,1514,1514,1514,1514,1514,1514,1514,1514,1514,998,998,43
82.86218309402466,1514,1514,1052,1514,1024,1024,1024,1514,1514,1514,1514,1514,1514,1514,1514,1514,998,998,43
82.96047282218933,1514,1514,1052,1514,1024,1024,1024,1514,1514,1514,1514,1514,1514,1514,1514,1514,998,998,43
83.06619668006897,1514,1514,1052,1514,1024,1024,1024,1514,1514,1514,1514,1514,1514,1514,1514,1514,998,998,43
83.160804271698,1514,1514,1052,1514,1024,1024,1024,1514,1514,1514,1514,1514,1514,1514,1514,1514,998,998,43
83.261385679245,1514,1514,1052,1514,1024,1024,1024,1514,1514,1514,1514,1514,1514,1514,1514,1514,998,998,43
83.36019158363342,1514,1514,1052,1514,1024,1024,1024,1514,1514,1514,1514,1514,1514,1514,1514,1514,998,998,43
83.46135711669922,1514,1514,1052,1514,1024,1024,1024,1514,1514,1514,1514,1514,1514,1514,1514,1514,998,998,43
83.56028819084167,1514,1514,1052,1514,1024,1024,1024,1514,1514,1514,1514,1514,1514,1514,1514,1514,998,998,43
83.66162109375,1514,1514,1052,1514,1024,1024,1024,1514,1514,1514,1514,1514,1514,1514,1514,1514,998,998,43
83.76722812652588,1514,1514,1052,1514,1024,1024,1024,1514,1514,1514,1514,1514,1514,1514,1514,1514,998,998,43
83.85910296440125,1514,1514,1052,1514,1024,1024,1024,1514,1514,1514,1514,1514,1514,1514,1514,1514,998,998,43
83.96063828468323,1514,1514,1052,1514,1024,1024,1024,1514,1514,1514,1514,1514,1514,1514,1514,1514,998,998,43
84.06011390686035,1514,1514,1052,1514,1024,1024,1024,1514,1514,1514,1514,1514,1514,1514,1514,1514,998,998,43
84.15860486030579,1514,1514,1052,1514,1024,1024,1024,1514,1514,1514,1514,1514,1514,1514,1514,1514,998,998,43
84.26043176651001,1514,1514,1052,1514,1024,1024,1024,1514,1514,1514,1514,1514,1514,1514,1514,1514,998,998,43
84.35921692848206,1514,1514,1052,1514,1024,1024,1024,1514,1514,1514,1514,1514,1514,1514,1514,1514,998,998,43
84.45994329452515,1514,1514,1052,1514,1024,1024,1024,1514,1514,1514,1514,1514,1514,1514,1514,1514,998,998,43
84.55988621711731,1514,1514,1052,1514,1024,1024,1024,1514,1514,1514,1514,1514,1514,1514,1514,1514,998,998,43
84.65878081321716,1514,1514,1052,1514,1024,1024,1024,1514,1514,1514,1514,1514,1514,1514,1514,1514,998,998,43
84.75923657417297,1514,1514,1052,1514,1024,1024,1024,1514,1514,1514,1514,1514,1514,1514,1514,1514,998,998,43
84.85855317115784,1514,1514,1052,1514,1024,1024,1024,1514,1514,1514,1514,1514,1514,1514,1514,1514,998,998,43
84.95748329162598,1514,1514,1052,1514,1024,1024,1024,1514,1514,1514,1514,1514,1514,1514,1514,1514,998,998,43
85.05898451805115,1514,1514,1052,1514,1024,1024,1024,1514,1514,1514,1514,1514,1514,1514,1514,1514,998,998,43
85.15932989120483,1514,1514,1052,1514,1024,1024,1024,1514,1514,1514,1514,1514,1514,1514,1514,1514,998,998,43
85.2574360370636,1514,1514,1052,1514,1024,1024,1024,1514,1514,1514,1514,1514,1514,1514,1514,1514,998,998,43
85.35989761352539,1514,1514,1052,1514,1024,1024,1024,1514,1514,1514,1514,1514,1514,1514,1514,1514,998,998,43
85.45849561691284,1514,1514,1052,1514,1024,1024,1024,1514,1514,1514,1514,1514,1514,1514,1514,1514,998,998,43
85.55772471427917,1514,1514,1052,1514,1024,1024,1024,1514,1514,1514,1514,1514,1514,1514,1514,1514,998,998,43
85.65660738945007,1514,1514,1052,1514,1024,1024,1024,1514,1514,1514,1514,1514,1514,1514,1514,1514,998,998,43
85.7584011554718,1514,1514,1052,1514,1024,1024,1024,1514,1514,1514,1514,1514,1514,1514,1514,1514,998,998,43
85.86216068267822,1514,1514,1052,1514,1024,1024,1024,1514,1514,1514,1514,1514,1514,1514,1514,1514,998,998,43
85.95752882957458,1514,1514,1052,1514,1024,1024,1024,1514,1514,1514,1514,1514,1514,1514,1514,1514,998,998,43
86.0560953617096,1514,1514,1052,1514,1024,1024,1024,1514,1514,1514,1514,1514,1514,1514,1514,1514,998,998,43
86.1573977470398,1514,1514,1052,1514,1024,1024,1024,1514,1514,1514,1514,1514,1514,1514,1514,1514,998,998,43
86.25584745407104,1514,1514,1052,1514,1024,1024,1024,1514,1514,1514,1514,1514,1514,1514,1514,1514,998,998,43
86.35669136047363,1514,1514,1052,1514,1024,1024,1024,1514,1514,1514,1514,1514,1514,1514,1514,1514,998,998,43
86.455646276474,1514,1514,1052,1514,1024,1024,1024,1514,1514,1514,1514,1514,1514,1514,1514,1514,998,998,43
86.55707812309265,1514,1514,1052,1514,1024,1024,1024,1514,1514,1514,1514,1514,1514,1514,1514,1514,998,998,43
86.65701222419739,1514,1514,1052,1514,1024,1024,1024,1514,1514,1514,1514,1514,1514,1514,1514,1514,998,998,43
86.75546789169312,1514,1514,1052,1514,1024,1024,1024,1514,1514,1514,1514,1514,1514,1514,1514,1514,998,998,43
86.85677289962769,1514,1514,1052,1514,1024,1024,1024,1514,1514,1514,1514,1514,1514,1514,1514,1514,998,998,43
86.95589303970337,1514,1514,1052,1514,1024,1024,1024,1514,1514,1514,1514,1514,1514,1514,1514,1514,998,998,43
87.05497241020203,1514,1514,1052,1514,1024,1024,1024,1514,1514,1514,1514,1514,1514,1514,1514,1514,998,998,43
87.15649127960205,1514,1514,1052,1514,1024,1024,1024,1514,1514,1514,1514,1514,1514,1514,1514,1514,998,998,43
87.25555205345154,1514,1514,1052,1514,1024,1024,1024,1514,1514,1514,1514,1514,1514,1514,1514,1514,998,998,43
87.35563850402832,1514,1514,1052,1514,1024,1024,1024,1514,1514,1514,1514,1514,1514,1514,1514,1514,998,998,43
87.45448684692383,1514,1514,1052,1514,1024,1024,1024,1514,1514,1514,1514,1514,1514,1514,1514,1514,998,998,43
87.55439686775208,1514,1514,1052,1514,1024,1024,1024,1514,1514,1514,1514,1514,1514,1514,1514,1514,998,998,43
87.65776014328003,1514,1514,1052,1514,1024,1024,1024,1514,1514,1514,1514,1514,1514,1514,1514,1514,998,998,43
87.75408577919006,1514,1514,1052,1514,1024,1024,1024,1514,1514,1514,1514,1514,1514,1514,1514,1514,998,998,43
87.85411238670349,1514,1514,1052,1514,1024,1024,1024,1514,1514,1514,1514,1514,1514,1514,1514,1514,998,998,43
87.95556974411011,1514,1514,1052,1514,1024,1024,1024,1514,1514,1514,1514,1514,1514,1514,1514,1514,998,998,43
88.05472421646118,1514,1514,1052,1514,1024,1024,1024,1514,1514,1514,1514,1514,1514,1514,1514,1514,998,998,43
88.15378737449646,1514,1514,1052,1514,1024,1024,1024,1514,1514,1514,1514,1514,1514,1514,1514,1514,998,998,43
88.25694394111633,1514,1514,1052,1514,1024,1024,1024,1514,1514,1514,1514,1514,1514,1514,1514,1514,998,998,43
88.35639882087708,1514,1514,1052,1514,1024,1024,1024,1514,1514,1514,1514,1514,1514,1514,1514,1514,998,998,43
88.45488595962524,1514,1514,1052,1514,1024,1024,1024,1514,1514,1514,1514,1514,1514,1514,1514,1514,998,998,43
88.55460977554321,1514,1514,1052,1514,1024,1024,1024,1514,1514,1514,1514,1514,1514,1514,1514,1514,998,998,43
88.65288233757019,1514,1514,1052,1514,1024,1024,1024,1514,1514,1514,1514,1514,1514,1514,1514,1514,998,998,43
88.76374053955078,1514,1514,1052,1514,1024,1024,1024,1514,1514,1514,1514,1514,1514,1514,1514,1514,998,998,43
88.85458159446716,1514,1514,1052,1514,1024,1024,1024,1514,1514,1514,1514,1514,1514,1514,1514,1514,998,998,43
88.95267248153687,1514,1514,1052,1514,1024,1024,1024,1514,1514,1514,1514,1514,1514,1514,1514,1514,998,998,43
89.05416822433472,1514,1514,1052,1514,1024,1024,1024,1514,1514,1514,1514,1514,1514,1514,1514,1514,998,998,43
89.15411281585693,1514,1514,1052,1514,1024,1024,1024,1514,1514,1514,1514,1514,1514,1514,1514,1514,998,998,43
89.25230383872986,1514,1514,1052,1514,1024,1024,1024,1514,1514,1514,1514,1514,1514,1514,1514,1514,998,998,43
89.35320496559143,1514,1514,1052,1514,1024,1024,1024,1514,1514,1514,1514,1514,1514,1514,1514,1514,998,998,43
89.45229578018188,1514,1514,1052,1514,1024,1024,1024,1514,1514,1514,1514,1514,1514,1514,1514,1514,998,998,43
89.55360245704651,1514,1514,1052,1514,1024,1024,1024,1514,1514,1514,1514,1514,1514,1514,1514,1514,998,998,43
89.65283250808716,1514,1514,1052,1514,1024,1024,1024,1514,1514,1514,1514,1514,1514,1514,1514,1514,998,998,43
89.75165867805481,1514,1514,1052,1514,1024,1024,1024,1514,1514,1514,1514,1514,1514,1514,1514,1514,998,998,43
89.85274028778076,1514,1514,1052,1514,1024,1024,1024,1514,1514,1514,1514,1514,1514,1514,1514,1514,998,998,43
89.95141434669495,1514,1514,1052,1514,1024,1024,1024,1514,1514,1514,1514,1514,1514,1514,1514,1514,998,998,43
90.05366516113281,1514,1514,1052,1514,1024,1024,1024,1514,1514,1514,1514,1514,1514,1514,1514,1514,998,998,43
90.15348029136658,1514,1514,1052,1514,1024,1024,1024,1514,1514,1514,1514,1514,1514,1514,1514,1514,998,998,43
90.25239539146423,1514,1514,1052,1514,1024,1024,1024,1514,1514,1514,1514,1514,1514,1514,1514,1514,998,998,43
90.35287427902222,1514,1514,1052,1514,1024,1024,1024,1514,1514,1514,1514,1514,1514,1514,1514,1514,998,998,43
90.45169353485107,1514,1514,1052,1514,1024,1024,1024,1514,1514,1514,1514,1514,1514,1514,1514,1514,998,998,43
90.55267906188965,1514,1514,1052,1514,1024,1024,1024,1514,1514,1514,1514,1514,1514,1514,1514,1514,998,998,43
90.65158438682556,1514,1514,1052,1514,1024,1024,1024,1514,1514,1514,1514,1514,1514,1514,1514,1514,998,998,43
90.750896692276,1514,1514,1052,1514,1024,1024,1024,1514,1514,1514,1514,1514,1514,1514,1514,1514,998,998,43
90.85219025611877,1514,1514,1052,1514,1024,1024,1024,1514,1514,1514,1514,1514,1514,1514,1514,1514,998,998,43
90.9514102935791,1514,1514,1052,1514,1024,1024,1024,1514,1514,1514,1514,1514,1514,1514,1514,1514,998,998,43
91.0503363609314,1514,1514,1052,1514,1024,1024,1024,1514,1514,1514,1514,1514,1514,1514,1514,1514,998,998,43
91.15249061584473,1514,1514,1052,1514,1024,1024,1024,1514,1514,1514,1514,1514,1514,1514,1514,1514,998,998,43
91.25131273269653,1514,1514,1052,1514,1024,1024,1024,1514,1514,1514,1514,1514,1514,1514,1514,1514,998,998,43
91.35284423828125,1514,1514,1052,1514,1024,1024,1024,1514,1514,1514,1514,1514,1514,1514,1514,1514,998,998,43
91.44993782043457,1514,1514,1052,1514,1024,1024,1024,1514,1514,1514,1514,1514,1514,1514,1514,1514,998,998,43
91.5519027709961,1514,1514,1052,1514,1024,1024,1024,1514,1514,1514,1514,1514,1514,1514,1514,1514,998,998,43
91.65147757530212,1514,1514,1052,1514,1024,1024,1024,1514,1514,1514,1514,1514,1514,1514,1514,1514,998,998,43
91.74969148635864,1514,1514,1052,1514,1024,1024,1024,1514,1514,1514,1514,1514,1514,1514,1514,1514,998,998,43
91.85118556022644,1514,1514,1050,1514,1024,1024,1024,1514,1514,1514,1514,1514,1514,1514,1514,1514,998,998,43
91.9505786895752,1514,1514,1052,1514,1024,1024,1024,1514,1514,1514,1514,1514,1514,1514,1514,1514,998,998,43
92.04911088943481,1514,1514,1052,1514,1024,1024,1024,1514,1514,1514,1514,1514,1514,1514,1514,1514,998,998,43
92.15093612670898,1514,1514,1052,1514,1024,1024,1024,1514,1514,1514,1514,1514,1514,1514,1514,1514,998,998,43
92.25052976608276,1514,1514,1052,1514,1024,1024,1024,1514,1514,1514,1514,1514,1514,1514,1514,1514,998,998,43
92.34980082511902,1514,1514,1052,1514,1024,1024,1024,1514,1514,1514,1514,1514,1514,1514,1514,1514,998,998,43
92.44883275032043,1514,1514,1052,1514,1024,1024,1024,1514,1514,1514,1514,1514,1514,1514,1514,1514,998,998,43
92.55025267601013,1514,1514,1052,1514,1024,1024,1024,1514,1514,1514,1514,1514,1514,1514,1514,1514,998,998,43
92.64963960647583,1514,1514,1052,1514,1024,1024,1024,1514,1514,1514,1514,1514,1514,1514,1514,1514,998,998,43
92.74883508682251,1514,1514,1052,1514,1024,1024,1024,1514,1514,1514,1514,1514,1514,1514,1514,1514,998,998,43
92.8502242565155,1514,1514,1052,1514,1024,1024,1024,1514,1514,1514,1514,1514,1514,1514,1514,1514,998,998,43
92.94978022575378,1514,1514,1052,1514,1024,1024,1024,1514,1514,1514,1514,1514,1514,1514,1514,1514,998,998,43
93.04857754707336,1514,1514,1052,1514,1024,1024,1024,1514,1514,1514,1514,1514,1514,1514,1514,1514,998,998,43
93.14989376068115,1514,1514,1052,1514,1024,1024,1024,1514,1514,1514,1514,1514,1514,1514,1514,1514,998,998,43
93.24916172027588,1514,1514,1052,1514,1024,1024,1024,1514,1514,1514,1514,1514,1514,1514,1514,1514,998,998,43
93.34911346435547,1514,1514,1052,1514,1024,1024,1024,1514,1514,1514,1514,1514,1514,1514,1514,1514,998,998,43
93.44896459579468,1514,1514,1052,1514,1024,1024,1024,1514,1514,1514,1514,1514,1514,1514,1514,1514,998,998,43
93.5479257106781,1514,1514,1052,1514,1024,1024,1024,1514,1514,1514,1514,1514,1514,1514,1514,1514,998,998,43
93.6491105556488,1514,1514,1052,1514,1024,1024,1024,1514,1514,1514,1514,1514,1514,1514,1514,1514,998,998,43
93.74980139732361,1514,1514,1052,1514,1024,1024,1024,1514,1514,1514,1514,1514,1514,1514,1514,1514,998,998,43
93.8475022315979,1514,1514,1052,1514,1024,1024,1024,1514,1514,1514,1514,1514,1514,1514,1514,1514,998,998,43
93.94733881950378,1514,1514,1052,1514,1024,1024,1024,1514,1514,1514,1514,1514,1514,1514,1514,1514,998,998,43
94.04879260063171,1514,1514,1052,1514,1024,1024,1024,1514,1514,1514,1514,1514,1514,1514,1514,1514,998,998,43
94.147944688797,1514,1514,1052,1514,1024,1024,1024,1514,1514,1514,1514,1514,1514,1514,1514,1514,998,998,43
94.24734783172607,1514,1514,1052,1514,1024,1024,1024,1514,1514,1514,1514,1514,1514,1514,1514,1514,998,998,43
94.34967017173767,1514,1514,1052,1514,1024,1024,1024,1514,1514,1514,1514,1514,1514,1514,1514,1514,998,998,43
94.44840693473816,1514,1514,1052,1514,1024,1024,1024,1514,1514,1514,1514,1514,1514,1514,1514,1514,998,998,43
94.54799032211304,1514,1514,1052,1514,1024,1024,1024,1514,1514,1514,1514,1514,1514,1514,1514,1514,998,998,43
94.64688372612,1514,1514,1052,1514,1024,1024,1024,1514,1514,1514,1514,1514,1514,1514,1514,1514,998,998,43
94.7501494884491,1514,1514,1052,1514,1024,1024,1024,1514,1514,1514,1514,1514,1514,1514,1514,1514,998,998,43
94.84794235229492,1514,1514,1052,1514,1024,1024,1024,1514,1514,1514,1514,1514,1514,1514,1514,1514,998,998,43
94.94717478752136,1514,1514,1052,1514,1024,1024,1024,1514,1514,1514,1514,1514,1514,1514,1514,1514,998,998,43
95.04624533653259,1514,1514,1052,1514,1024,1024,1024,1514,1514,1514,1514,1514,1514,1514,1514,1514,998,998,43
95.14766025543213,1514,1514,1052,1514,1024,1024,1024,1514,1514,1514,1514,1514,1514,1514,1514,1514,998,998,43
95.25457835197449,1514,1514,1052,1514,1024,1024,1024,1514,1514,1514,1514,1514,1514,1514,1514,1514,998,998,43
95.34630942344666,1514,1514,1052,1514,1024,1024,1024,1514,1514,1514,1514,1514,1514,1514,1514,1514,998,998,43
95.44587206840515,1514,1514,1052,1514,1024,1024,1024,1514,1514,1514,1514,1514,1514,1514,1514,1514,998,998,43
95.54740381240845,1514,1514,1052,1514,1024,1024,1024,1514,1514,1514,1514,1514,1514,1514,1514,1514,998,998,43
95.64727234840393,1514,1514,1052,1514,1024,1024,1024,1514,1514,1514,1514,1514,1514,1514,1514,1514,998,998,43
95.74537229537964,1514,1514,1052,1514,1024,1024,1024,1514,1514,1514,1514,1514,1514,1514,1514,1514,998,998,43
95.84705328941345,1514,1514,1052,1514,1024,1024,1024,1514,1514,1514,1514,1514,1514,1514,1514,1514,998,998,43
95.94707489013672,1514,1514,1052,1514,1024,1024,1024,1514,1514,1514,1514,1514,1514,1514,1514,1514,998,998,43
96.0466148853302,1514,1514,1052,1514,1024,1024,1024,1514,1514,1514,1514,1514,1514,1514,1514,1514,998,998,43
96.14567112922668,1514,1514,1052,1514,1024,1024,1024,1514,1514,1514,1514,1514,1514,1514,1514,1514,998,998,43
96.24662137031555,1514,1514,1052,1514,1024,1024,1024,1514,1514,1514,1514,1514,1514,1514,1514,1514,998,998,43
96.34618163108826,1514,1514,1050,1514,1024,1024,1024,1514,1514,1514,1514,1514,1514,1514,1514,1514,998,998,43
96.44642925262451,1514,1514,1052,1514,1024,1024,1024,1514,1514,1514,1514,1514,1514,1514,1514,1514,998,998,43
96.54564023017883,1514,1514,1052,1514,1024,1024,1024,1514,1514,1514,1514,1514,1514,1514,1514,1514,998,998,43
96.64575004577637,1514,1514,1052,1514,1024,1024,1024,1514,1514,1514,1514,1514,1514,1514,1514,1514,998,998,43
96.74485874176025,1514,1514,1052,1514,1024,1024,1024,1514,1514,1514,1514,1514,1514,1514,1514,1514,998,998,43
96.84595537185669,1514,1514,1052,1514,1024,1024,1024,1514,1514,1514,1514,1514,1514,1514,1514,1514,998,998,43
96.94444441795349,1514,1514,1052,1514,1024,1024,1024,1514,1514,1514,1514,1514,1514,1514,1514,1514,998,998,43
97.0458128452301,1514,1514,1052,1514,1024,1024,1024,1514,1514,1514,1514,1514,1514,1514,1514,1514,998,998,43
97.14504504203796,1514,1514,1052,1514,1024,1024,1024,1514,1514,1514,1514,1514,1514,1514,1514,1514,998,998,43
97.24443578720093,1514,1514,1052,1514,1024,1024,1024,1514,1514,1514,1514,1514,1514,1514,1514,1514,998,998,43
97.34558010101318,1514,1514,1050,1514,1024,1024,1024,1514,1514,1514,1514,1514,1514,1514,1514,1514,998,998,43
97.44572830200195,1514,1514,1050,1514,1024,1024,1024,1514,1514,1514,1514,1514,1514,1514,1514,1514,998,998,43
97.54584312438965,1514,1514,1052,1514,1024,1024,1024,1514,1514,1514,1514,1514,1514,1514,1514,1514,998,998,43
97.6442403793335,1514,1514,1052,1514,1024,1024,1024,1514,1514,1514,1514,1514,1514,1514,1514,1514,998,998,43
97.74521589279175,1514,1514,1052,1514,1024,1024,1024,1514,1514,1514,1514,1514,1514,1514,1514,1514,998,998,43
97.84504389762878,1514,1514,1052,1514,1024,1024,1024,1514,1514,1514,1514,1514,1514,1514,1514,1514,998,998,43
97.94501090049744,1514,1514,1050,1514,1024,1024,1024,1514,1514,1514,1514,1514,1514,1514,1514,1514,998,998,43
98.04341053962708,1514,1514,1052,1514,1024,1024,1024,1514,1514,1514,1514,1514,1514,1514,1514,1514,998,998,43
98.14555859565735,1514,1514,1052,1514,1024,1024,1024,1514,1514,1514,1514,1514,1514,1514,1514,1514,998,998,43
98.24555134773254,1514,1514,1052,1514,1024,1024,1024,1514,1514,1514,1514,1514,1514,1514,1514,1514,998,998,43
98.34483766555786,1514,1514,1052,1514,1024,1024,1024,1514,1514,1514,1514,1514,1514,1514,1514,1514,998,998,43
98.44292116165161,1514,1514,1052,1514,1024,1024,1024,1514,1514,1514,1514,1514,1514,1514,1514,1514,998,998,43
98.54515266418457,1514,1514,1052,1514,1024,1024,1024,1514,1514,1514,1514,1514,1514,1514,1514,1514,998,998,43
98.6435112953186,1514,1514,1052,1514,1024,1024,1024,1514,1514,1514,1514,1514,1514,1514,1514,1514,998,998,43
98.74462151527405,1514,1514,1052,1514,1024,1024,1024,1514,1514,1514,1514,1514,1514,1514,1514,1514,998,998,43
98.84456038475037,1514,1514,1052,1514,1024,1024,1024,1514,1514,1514,1514,1514,1514,1514,1514,1514,998,998,43
98.94450354576111,1514,1514,1052,1514,1024,1024,1024,1514,1514,1514,1514,1514,1514,1514,1514,1514,998,998,43
99.04368257522583,1514,1514,1052,1514,1024,1024,1024,1514,1514,1514,1514,1514,1514,1514,1514,1514,998,998,43
99.14267897605896,1514,1514,1052,1514,1024,1024,1024,1514,1514,1514,1514,1514,1514,1514,1514,1514,998,998,43
99.24500489234924,1514,1514,1052,1514,1024,1024,1024,1514,1514,1514,1514,1514,1514,1514,1514,1514,998,998,43
99.34349703788757,1514,1514,1050,1514,1024,1024,1024,1514,1514,1514,1514,1514,1514,1514,1514,1514,998,998,43
99.44417333602905,1514,1514,1052,1514,1024,1024,1024,1514,1514,1514,1514,1514,1514,1514,1514,1514,998,998,43
99.54425811767578,1514,1514,1052,1514,1024,1024,1024,1514,1514,1514,1514,1514,1514,1514,1514,1514,998,998,43
99.64249229431152,1514,1514,1052,1514,1024,1024,1024,1514,1514,1514,1514,1514,1514,1514,1514,1514,998,998,43
99.74401950836182,1514,1514,1052,1514,1024,1024,1024,1514,1514,1514,1514,1514,1514,1514,1514,1514,998,998,43
99.84536385536194,1514,1514,1052,1514,1024,1024,1024,1514,1514,1514,1514,1514,1514,1514,1514,1514,998,998,43
99.94183993339539,1514,1514,1052,1514,1024,1024,1024,1514,1514,1514,1514,1514,1514,1514,1514,1514,998,998,43
100.04149508476257,1514,1514,1052,1514,1024,1024,1024,1514,1514,1514,1514,1514,1514,1514,1514,1514,998,998,43
100.14319825172424,1514,1514,1052,1514,1024,1024,1024,1514,1514,1514,1514,1514,1514,1514,1514,1514,998,998,43
100.24260520935059,1514,1514,1050,1514,1024,1024,1024,1514,1514,1514,1514,1514,1514,1514,1514,1514,998,998,43
100.3424460887909,1514,1514,1052,1514,1024,1024,1024,1514,1514,1514,1514,1514,1514,1514,1514,1514,998,998,43
100.4434449672699,1514,1514,1050,1514,1024,1024,1024,1514,1514,1514,1514,1514,1514,1514,1514,1514,998,998,43
100.54214191436768,1514,1514,1052,1514,1024,1024,1024,1514,1514,1514,1514,1514,1514,1514,1514,1514,998,998,43
100.64091634750366,1514,1514,1052,1514,1024,1024,1024,1514,1514,1514,1514,1514,1514,1514,1514,1514,998,998,43
100.74253010749817,1514,1514,1052,1514,1024,1024,1024,1514,1514,1514,1514,1514,1514,1514,1514,1514,998,998,43
100.84202003479004,1514,1514,1052,1514,1024,1024,1024,1514,1514,1514,1514,1514,1514,1514,1514,1514,998,998,43
100.94074630737305,1514,1514,1052,1514,1024,1024,1024,1514,1514,1514,1514,1514,1514,1514,1514,1514,998,998,43
101.04154300689697,1514,1514,1052,1514,1024,1024,1024,1514,1514,1514,1514,1514,1514,1514,1514,1514,998,998,43
101.14069032669067,1514,1514,1052,1514,1024,1024,1024,1514,1514,1514,1514,1514,1514,1514,1514,1514,998,998,43
101.24254488945007,1514,1514,1052,1514,1024,1024,1024,1514,1514,1514,1514,1514,1514,1514,1514,1514,998,998,43
101.3429102897644,1514,1514,1052,1514,1024,1024,1024,1514,1514,1514,1514,1514,1514,1514,1514,1514,998,998,43
101.44057893753052,1514,1514,1052,1514,1024,1024,1024,1514,1514,1514,1514,1514,1514,1514,1514,1514,998,998,43
101.54005861282349,1514,1514,1052,1514,1024,1024,1024,1514,1514,1514,1514,1514,1514,1514,1514,1514,998,998,43
101.64164161682129,1514,1514,1052,1514,1024,1024,1024,1514,1514,1514,1514,1514,1514,1514,1514,1514,998,998,43
101.74103260040283,1514,1514,1052,1514,1024,1024,1024,1514,1514,1514,1514,1514,1514,1514,1514,1514,998,998,43
101.84040570259094,1514,1514,1052,1514,1024,1024,1024,1514,1514,1514,1514,1514,1514,1514,1514,1514,998,998,43
101.94132041931152,1514,1514,1050,1514,1024,1024,1024,1514,1514,1514,1514,1514,1514,1514,1514,1514,998,998,43
102.04041647911072,1514,1514,1052,1514,1024,1024,1024,1514,1514,1514,1514,1514,1514,1514,1514,1514,998,998,43
102.13975095748901,1514,1514,1052,1514,1024,1024,1024,1514,1514,1514,1514,1514,1514,1514,1514,1514,998,998,43
102.24131608009338,1514,1514,1052,1514,1024,1024,1024,1514,1514,1514,1514,1514,1514,1514,1514,1514,998,998,43
102.34056258201599,1514,1514,1052,1514,1024,1024,1024,1514,1514,1514,1514,1514,1514,1514,1514,1514,998,998,43
102.43921113014221,1514,1514,1052,1514,1024,1024,1024,1514,1514,1514,1514,1514,1514,1514,1514,1514,998,998,43
102.54177832603455,1514,1514,1052,1514,1024,1024,1024,1514,1514,1514,1514,1514,1514,1514,1514,1514,998,998,43
102.63912963867188,1514,1514,1052,1514,1024,1024,1024,1514,1514,1514,1514,1514,1514,1514,1514,1514,998,998,43
102.74155330657959,1514,1514,1052,1514,1024,1024,1024,1514,1514,1514,1514,1514,1514,1514,1514,1514,998,998,43
102.84145951271057,1514,1514,1052,1514,1024,1024,1024,1514,1514,1514,1514,1514,1514,1514,1514,1514,998,998,43
102.93906664848328,1514,1514,1052,1514,1024,1024,1024,1514,1514,1514,1514,1514,1514,1514,1514,1514,998,998,43
103.04061079025269,1514,1514,1052,1514,1024,1024,1024,1514,1514,1514,1514,1514,1514,1514,1514,1514,998,998,43
103.13972544670105,1514,1514,1052,1514,1024,1024,1024,1514,1514,1514,1514,1514,1514,1514,1514,1514,998,998,43
103.23875856399536,1514,1514,1052,1514,1024,1024,1024,1514,1514,1514,1514,1514,1514,1514,1514,1514,998,998,43
103.34016251564026,1514,1514,1050,1514,1024,1024,1024,1514,1514,1514,1514,1514,1514,1514,1514,1514,998,998,43
103.439213514328,1514,1514,1052,1514,1024,1024,1024,1514,1514,1514,1514,1514,1514,1514,1514,1514,998,998,43
103.53986859321594,1514,1514,1050,1514,1024,1024,1024,1514,1514,1514,1514,1514,1514,1514,1514,1514,998,998,43
103.63834547996521,1514,1514,1052,1514,1024,1024,1024,1514,1514,1514,1514,1514,1514,1514,1514,1514,998,998,43
103.73903107643127,1514,1514,1052,1514,1024,1024,1024,1514,1514,1514,1514,1514,1514,1514,1514,1514,998,998,43
103.83993434906006,1514,1514,1052,1514,1024,1024,1024,1514,1514,1514,1514,1514,1514,1514,1514,1514,998,998,43
103.93894863128662,1514,1514,1052,1514,1024,1024,1024,1514,1514,1514,1514,1514,1514,1514,1514,1514,998,998,43
104.0383141040802,1514,1514,1052,1514,1024,1024,1024,1514,1514,1514,1514,1514,1514,1514,1514,1514,998,998,43
104.13957715034485,1514,1514,1052,1514,1024,1024,1024,1514,1514,1514,1514,1514,1514,1514,1514,1514,998,998,43
104.23862862586975,1514,1514,1052,1514,1024,1024,1024,1514,1514,1514,1514,1514,1514,1514,1514,1514,998,998,43
104.33802318572998,1514,1514,1052,1514,1024,1024,1024,1514,1514,1514,1514,1514,1514,1514,1514,1514,998,998,43
104.43932032585144,1514,1514,1052,1514,1024,1024,1024,1514,1514,1514,1514,1514,1514,1514,1514,1514,998,998,43
104.53890657424927,1514,1514,1050,1514,1024,1024,1024,1514,1514,1514,1514,1514,1514,1514,1514,1514,998,998,43
104.63825631141663,1514,1514,1052,1514,1024,1024,1024,1514,1514,1514,1514,1514,1514,1514,1514,1514,998,998,43
104.7381820678711,1514,1514,1052,1514,1024,1024,1024,1514,1514,1514,1514,1514,1514,1514,1514,1514,998,998,43
104.83902192115784,1514,1514,1052,1514,1024,1024,1024,1514,1514,1514,1514,1514,1514,1514,1514,1514,998,998,43
104.93827748298645,1514,1514,1052,1514,1024,1024,1024,1514,1514,1514,1514,1514,1514,1514,1514,1514,998,998,43
105.03767585754395,1514,1514,1052,1514,1024,1024,1024,1514,1514,1514,1514,1514,1514,1514,1514,1514,998,998,43
105.13696479797363,1514,1514,1050,1514,1024,1024,1024,1514,1514,1514,1514,1514,1514,1514,1514,1514,998,998,43
105.23862957954407,1514,1514,1050,1514,1024,1024,1024,1514,1514,1514,1514,1514,1514,1514,1514,1514,998,998,43
105.33825063705444,1514,1514,1050,1514,1024,1024,1024,1514,1514,1514,1514,1514,1514,1514,1514,1514,998,998,43
105.43678402900696,1514,1514,1050,1514,1024,1024,1024,1514,1514,1514,1514,1514,1514,1514,1514,1514,998,998,43
105.53861570358276,1514,1514,1050,1514,1024,1024,1024,1514,1514,1514,1514,1514,1514,1514,1514,1514,998,998,43
105.63828206062317,1514,1514,1052,1514,1024,1024,1024,1514,1514,1514,1514,1514,1514,1514,1514,1514,998,998,43
105.73825931549072,1514,1514,1052,1514,1024,1024,1024,1514,1514,1514,1514,1514,1514,1514,1514,1514,998,998,43
105.83751654624939,1514,1514,1050,1514,1024,1024,1024,1514,1514,1514,1514,1514,1514,1514,1514,1514,998,998,43
105.9365553855896,1514,1514,1052,1514,1024,1024,1024,1514,1514,1514,1514,1514,1514,1514,1514,1514,998,998,43
106.03798294067383,1514,1514,1050,1514,1024,1024,1024,1514,1514,1514,1514,1514,1514,1514,1514,1514,998,998,43
106.13735556602478,1514,1514,1052,1514,1024,1024,1024,1514,1514,1514,1514,1514,1514,1514,1514,1514,998,998,43
106.23626184463501,1514,1514,1052,1514,1024,1024,1024,1514,1514,1514,1514,1514,1514,1514,1514,1514,998,998,43
106.33779120445251,1514,1514,1052,1514,1024,1024,1024,1514,1514,1514,1514,1514,1514,1514,1514,1514,998,998,43
106.43705892562866,1514,1514,1052,1514,1024,1024,1024,1514,1514,1514,1514,1514,1514,1514,1514,1514,998,998,43
106.53696370124817,1514,1514,1052,1514,1024,1024,1024,1514,1514,1514,1514,1514,1514,1514,1514,1514,998,998,43
106.6360023021698,1514,1514,1050,1514,1024,1024,1024,1514,1514,1514,1514,1514,1514,1514,1514,1514,998,998,43
106.73788928985596,1514,1514,1052,1514,1024,1024,1024,1514,1514,1514,1514,1514,1514,1514,1514,1514,998,998,43
106.83738303184509,1514,1514,1052,1514,1024,1024,1024,1514,1514,1514,1514,1514,1514,1514,1514,1514,998,998,43
106.93570375442505,1514,1514,1050,1514,1024,1024,1024,1514,1514,1514,1514,1514,1514,1514,1514,1514,998,998,43
107.03724002838135,1514,1514,1052,1514,1024,1024,1024,1514,1514,1514,1514,1514,1514,1514,1514,1514,998,998,43
107.13564157485962,1514,1514,1052,1514,1024,1024,1024,1514,1514,1514,1514,1514,1514,1514,1514,1514,998,998,43
107.23711633682251,1514,1514,1052,1514,1024,1024,1024,1514,1514,1514,1514,1514,1514,1514,1514,1514,998,998,43
107.33738875389099,1514,1514,1050,1514,1024,1024,1024,1514,1514,1514,1514,1514,1514,1514,1514,1514,998,998,43
107.43541693687439,1514,1514,1052,1514,1024,1024,1024,1514,1514,1514,1514,1514,1514,1514,1514,1514,998,998,43
107.53684592247009,1514,1514,1052,1514,1024,1024,1024,1514,1514,1514,1514,1514,1514,1514,1514,1514,998,998,43
107.63585257530212,1514,1514,1050,1514,1024,1024,1024,1514,1514,1514,1514,1514,1514,1514,1514,1514,998,998,43
107.73633146286011,1514,1514,1050,1514,1024,1024,1024,1514,1514,1514,1514,1514,1514,1514,1514,1514,998,998,43
107.83660459518433,1514,1514,1050,1514,1024,1024,1024,1514,1514,1514,1514,1514,1514,1514,1514,1514,998,998,43
107.93572950363159,1514,1514,1050,1514,1024,1024,1024,1514,1514,1514,1514,1514,1514,1514,1514,1514,998,998,43
108.03497624397278,1514,1514,1050,1514,1024,1024,1024,1514,1514,1514,1514,1514,1514,1514,1514,1514,998,998,43
108.13502812385559,1514,1514,1050,1514,1024,1024,1024,1514,1514,1514,1514,1514,1514,1514,1514,1514,998,998,43
108.23632860183716,1514,1514,1052,1514,1024,1024,1024,1514,1514,1514,1514,1514,1514,1514,1514,1514,998,998,43
108.33561158180237,1514,1514,1052,1514,1024,1024,1024,1514,1514,1514,1514,1514,1514,1514,1514,1514,998,998,43
108.43699383735657,1514,1514,1050,1514,1024,1024,1024,1514,1514,1514,1514,1514,1514,1514,1514,1514,998,998,43
108.53630685806274,1514,1514,1050,1514,1024,1024,1024,1514,1514,1514,1514,1514,1514,1514,1514,1514,998,998,43
108.63741874694824,1514,1514,1050,1514,1024,1024,1024,1514,1514,1514,1514,1514,1514,1514,1514,1514,998,998,43
108.73521685600281,1514,1514,1050,1514,1024,1024,1024,1514,1514,1514,1514,1514,1514,1514,1514,1514,998,998,43
108.83453273773193,1514,1514,1050,1514,1024,1024,1024,1514,1514,1514,1514,1514,1514,1514,1514,1514,998,998,43
108.9379653930664,1514,1514,1050,1514,1024,1024,1024,1514,1514,1514,1514,1514,1514,1514,1514,1514,998,998,43
109.03485536575317,1514,1514,1052,1514,1024,1024,1024,1514,1514,1514,1514,1514,1514,1514,1514,1514,998,998,43
109.1348078250885,1514,1514,1052,1514,1024,1024,1024,1514,1514,1514,1514,1514,1514,1514,1514,1514,998,998,43
109.2340886592865,1514,1514,1050,1514,1024,1024,1024,1514,1514,1514,1514,1514,1514,1514,1514,1514,998,998,43
109.33590030670166,1514,1514,1052,1514,1024,1024,1024,1514,1514,1514,1514,1514,1514,1514,1514,1514,998,998,43
109.43646287918091,1514,1514,1050,1514,1024,1024,1024,1514,1514,1514,1514,1514,1514,1514,1514,1514,998,998,43
109.53401827812195,1514,1514,1052,1514,1024,1024,1024,1514,1514,1514,1514,1514,1514,1514,1514,1514,998,998,43
109.6340184211731,1514,1514,1050,1514,1024,1024,1024,1514,1514,1514,1514,1514,1514,1514,1514,1514,998,998,43
109.73528122901917,1514,1514,1052,1514,1024,1024,1024,1514,1514,1514,1514,1514,1514,1514,1514,1514,998,998,43
109.83594965934753,1514,1514,1050,1514,1024,1024,1024,1514,1514,1514,1514,1514,1514,1514,1514,1514,998,998,43
109.93351554870605,1514,1514,1052,1514,1024,1024,1024,1514,1514,1514,1514,1514,1514,1514,1514,1514,998,998,43
110.03504133224487,1514,1514,1050,1514,1024,1024,1024,1514,1514,1514,1514,1514,1514,1514,1514,1514,998,998,43
110.13597273826599,1514,1514,1050,1514,1024,1024,1024,1514,1514,1514,1514,1514,1514,1514,1514,1514,998,998,43
110.23491621017456,1514,1514,1052,1514,1024,1024,1024,1514,1514,1514,1514,1514,1514,1514,1514,1514,998,998,43
110.33488941192627,1514,1514,1050,1514,1024,1024,1024,1514,1514,1514,1514,1514,1514,1514,1514,1514,998,998,43
110.43413758277893,1514,1514,1052,1514,1024,1024,1024,1514,1514,1514,1514,1514,1514,1514,1514,1514,998,998,43
110.53361678123474,1514,1514,1052,1514,1024,1024,1024,1514,1514,1514,1514,1514,1514,1514,1514,1514,998,998,43
110.63557171821594,1514,1514,1050,1514,1024,1024,1024,1514,1514,1514,1514,1514,1514,1514,1514,1514,998,998,43
110.73445057868958,1514,1514,1050,1514,1024,1024,1024,1514,1514,1514,1514,1514,1514,1514,1514,1514,998,998,43
110.8339295387268,1514,1514,1052,1514,1024,1024,1024,1514,1514,1514,1514,1514,1514,1514,1514,1514,998,998,43
110.9326422214508,1514,1514,1050,1514,1024,1024,1024,1514,1514,1514,1514,1514,1514,1514,1514,1514,998,998,43
111.03427386283875,1514,1514,1050,1514,1024,1024,1024,1514,1514,1514,1514,1514,1514,1514,1514,1514,998,998,43
111.13378238677979,1514,1514,1052,1514,1024,1024,1024,1514,1514,1514,1514,1514,1514,1514,1514,1514,998,998,43
111.2325074672699,1514,1514,1050,1514,1024,1024,1024,1514,1514,1514,1514,1514,1514,1514,1514,1514,998,998,43
111.33556175231934,1514,1514,1050,1514,1024,1024,1024,1514,1514,1514,1514,1514,1514,1514,1514,1514,998,998,43
111.43324851989746,1514,1514,1050,1514,1024,1024,1024,1514,1514,1514,1514,1514,1514,1514,1514,1514,998,998,43
111.53255653381348,1514,1514,1050,1514,1024,1024,1024,1514,1514,1514,1514,1514,1514,1514,1514,1514,998,998,43
111.63387656211853,1514,1514,1050,1514,1024,1024,1024,1514,1514,1514,1514,1514,1514,1514,1514,1514,998,998,43
111.7338478565216,1514,1514,1052,1514,1024,1024,1024,1514,1514,1514,1514,1514,1514,1514,1514,1514,998,998,43
111.83292531967163,1514,1514,1052,1514,1024,1024,1024,1514,1514,1514,1514,1514,1514,1514,1514,1514,998,998,43
111.93267345428467,1514,1514,1050,1514,1024,1024,1024,1514,1514,1514,1514,1514,1514,1514,1514,1514,998,998,43
112.03366279602051,1514,1514,1050,1514,1024,1024,1024,1514,1514,1514,1514,1514,1514,1514,1514,1514,998,998,43
112.13677501678467,1514,1514,1050,1514,1024,1024,1024,1514,1514,1514,1514,1514,1514,1514,1514,1514,998,998,43
112.23263192176819,1514,1514,1050,1514,1024,1024,1024,1514,1514,1514,1514,1514,1514,1514,1514,1514,998,998,43
112.33202958106995,1514,1514,1050,1514,1024,1024,1024,1514,1514,1514,1514,1514,1514,1514,1514,1514,998,998,43
112.43159222602844,1514,1514,1052,1514,1024,1024,1024,1514,1514,1514,1514,1514,1514,1514,1514,1514,998,998,43
112.53325605392456,1514,1514,1050,1514,1024,1024,1024,1514,1514,1514,1514,1514,1514,1514,1514,1514,998,998,43
112.63310170173645,1514,1514,1052,1514,1024,1024,1024,1514,1514,1514,1514,1514,1514,1514,1514,1514,998,998,43
112.731858253479,1514,1514,1050,1514,1024,1024,1024,1514,1514,1514,1514,1514,1514,1514,1514,1514,998,998,43
112.83315706253052,1514,1514,1050,1514,1024,1024,1024,1514,1514,1514,1514,1514,1514,1514,1514,1514,998,998,43
112.93233942985535,1514,1514,1050,1514,1024,1024,1024,1514,1514,1514,1514,1514,1514,1514,1514,1514,998,998,43
113.03175354003906,1514,1514,1052,1514,1024,1024,1024,1514,1514,1514,1514,1514,1514,1514,1514,1514,998,998,43
113.1328604221344,1514,1514,1050,1514,1024,1024,1024,1514,1514,1514,1514,1514,1514,1514,1514,1514,998,998,43
113.2333197593689,1514,1514,1052,1514,1024,1024,1024,1514,1514,1514,1514,1514,1514,1514,1514,1514,998,998,43
113.33328914642334,1514,1514,1050,1514,1024,1024,1024,1514,1514,1514,1514,1514,1514,1514,1514,1514,998,998,43
113.433185338974,1514,1514,1052,1514,1024,1024,1024,1514,1514,1514,1514,1514,1514,1514,1514,1514,998,998,43
113.53101396560669,1514,1514,1052,1514,1024,1024,1024,1514,1514,1514,1514,1514,1514,1514,1514,1514,998,998,43
113.63287734985352,1514,1514,1052,1514,1024,1024,1024,1514,1514,1514,1514,1514,1514,1514,1514,1514,998,998,43
113.73250150680542,1514,1514,1050,1514,1024,1024,1024,1514,1514,1514,1514,1514,1514,1514,1514,1514,998,998,43
113.83179092407227,1514,1514,1052,1514,1024,1024,1024,1514,1514,1514,1514,1514,1514,1514,1514,1514,998,998,43
113.93109273910522,1514,1514,1052,1514,1024,1024,1024,1514,1514,1514,1514,1514,1514,1514,1514,1514,998,998,43
114.03243613243103,1514,1514,1052,1514,1024,1024,1024,1514,1514,1514,1514,1514,1514,1514,1514,1514,998,998,43
114.13198757171631,1514,1514,1052,1514,1024,1024,1024,1514,1514,1514,1514,1514,1514,1514,1514,1514,998,998,43
114.23153305053711,1514,1514,1052,1514,1024,1024,1024,1514,1514,1514,1514,1514,1514,1514,1514,1514,998,998,43
114.33349633216858,1514,1514,1052,1514,1024,1024,1024,1514,1514,1514,1514,1514,1514,1514,1514,1514,998,998,43
114.4319338798523,1514,1514,1050,1514,1024,1024,1024,1514,1514,1514,1514,1514,1514,1514,1514,1514,998,998,43
114.53136014938354,1514,1514,1050,1514,1024,1024,1024,1514,1514,1514,1514,1514,1514,1514,1514,1514,998,998,43
114.63035130500793,1514,1514,1050,1514,1024,1024,1024,1514,1514,1514,1514,1514,1514,1514,1514,1514,998,998,43
114.73054456710815,1514,1514,1050,1514,1024,1024,1024,1514,1514,1514,1514,1514,1514,1514,1514,1514,998,998,43
114.82998013496399,1514,1514,1050,1514,1024,1024,1024,1514,1514,1514,1514,1514,1514,1514,1514,1514,998,998,43
114.93085217475891,1514,1514,1052,1514,1024,1024,1024,1514,1514,1514,1514,1514,1514,1514,1514,1514,998,998,43
115.03020977973938,1514,1514,1050,1514,1024,1024,1024,1514,1514,1514,1514,1514,1514,1514,1514,1514,998,998,43
115.13153314590454,1514,1514,1052,1514,1024,1024,1024,1514,1514,1514,1514,1514,1514,1514,1514,1514,998,998,43
115.23008322715759,1514,1514,1050,1514,1024,1024,1024,1514,1514,1514,1514,1514,1514,1514,1514,1514,998,998,43
115.3314139842987,1514,1514,1050,1514,1024,1024,1024,1514,1514,1514,1514,1514,1514,1514,1514,1514,998,998,43
115.43070840835571,1514,1514,1050,1514,1024,1024,1024,1514,1514,1514,1514,1514,1514,1514,1514,1514,998,998,43
115.52968406677246,1514,1514,1050,1514,1024,1024,1024,1514,1514,1514,1514,1514,1514,1514,1514,1514,998,998,43
115.63387179374695,1514,1514,1050,1514,1024,1024,1024,1514,1514,1514,1514,1514,1514,1514,1514,1514,998,998,43
115.73120069503784,1514,1514,1052,1514,1024,1024,1024,1514,1514,1514,1514,1514,1514,1514,1514,1514,998,998,43
115.83087158203125,1514,1514,1050,1514,1024,1024,1024,1514,1514,1514,1514,1514,1514,1514,1514,1514,998,998,43
115.929527759552,1514,1514,1050,1514,1024,1024,1024,1514,1514,1514,1514,1514,1514,1514,1514,1514,998,998,43
116.03095030784607,1514,1514,1052,1514,1024,1024,1024,1514,1514,1514,1514,1514,1514,1514,1514,1514,998,998,43
116.13013958930969,1514,1514,1050,1514,1024,1024,1024,1514,1514,1514,1514,1514,1514,1514,1514,1514,998,998,43
116.22954630851746,1514,1514,1050,1514,1024,1024,1024,1514,1514,1514,1514,1514,1514,1514,1514,1514,998,998,43
116.33080768585205,1514,1514,1050,1514,1024,1024,1024,1514,1514,1514,1514,1514,1514,1514,1514,1514,998,998,43
116.43030142784119,1514,1514,1050,1514,1024,1024,1024,1514,1514,1514,1514,1514,1514,1514,1514,1514,998,998,43
116.52933144569397,1514,1514,1052,1514,1024,1024,1024,1514,1514,1514,1514,1514,1514,1514,1514,1514,998,998,43
116.63201689720154,1514,1514,1050,1514,1024,1024,1024,1514,1514,1514,1514,1514,1514,1514,1514,1514,998,998,43
116.73068022727966,1514,1514,1052,1514,1024,1024,1024,1514,1514,1514,1514,1514,1514,1514,1514,1514,998,998,43
116.82898187637329,1514,1514,1052,1514,1024,1024,1024,1514,1514,1514,1514,1514,1514,1514,1514,1514,998,998,43
116.93082928657532,1514,1514,1050,1514,1024,1024,1024,1514,1514,1514,1514,1514,1514,1514,1514,1514,998,998,43
117.03284764289856,1514,1514,1052,1514,1024,1024,1024,1514,1514,1514,1514,1514,1514,1514,1514,1514,998,998,43
117.12920308113098,1514,1514,1052,1514,1024,1024,1024,1514,1514,1514,1514,1514,1514,1514,1514,1514,998,998,43
117.22814345359802,1514,1514,1050,1514,1024,1024,1024,1514,1514,1514,1514,1514,1514,1514,1514,1514,998,998,43
117.33025121688843,1514,1514,1052,1514,1024,1024,1024,1514,1514,1514,1514,1514,1514,1514,1514,1514,998,998,43
117.4299566745758,1514,1514,1050,1514,1024,1024,1024,1514,1514,1514,1514,1514,1514,1514,1514,1514,998,998,43
117.52900767326355,1514,1514,1050,1514,1024,1024,1024,1514,1514,1514,1514,1514,1514,1514,1514,1514,998,998,43
117.63011312484741,1514,1514,1052,1514,1024,1024,1024,1514,1514,1514,1514,1514,1514,1514,1514,1514,998,998,43
117.72906374931335,1514,1514,1050,1514,1024,1024,1024,1514,1514,1514,1514,1514,1514,1514,1514,1514,998,998,43
117.829176902771,1514,1514,1050,1514,1024,1024,1024,1514,1514,1514,1514,1514,1514,1514,1514,1514,998,998,43
117.93674349784851,1514,1514,1050,1514,1024,1024,1024,1514,1514,1514,1514,1514,1514,1514,1514,1514,998,998,43
118.03138995170593,1514,1514,1052,1514,1024,1024,1024,1514,1514,1514,1514,1514,1514,1514,1514,1514,998,998,43
118.12946152687073,1514,1514,1050,1514,1024,1024,1024,1514,1514,1514,1514,1514,1514,1514,1514,1514,998,998,43
118.22790122032166,1514,1514,1050,1514,1024,1024,1024,1514,1514,1514,1514,1514,1514,1514,1514,1514,998,998,43
118.32860255241394,1514,1514,1050,1514,1024,1024,1024,1514,1514,1514,1514,1514,1514,1514,1514,1514,998,998,43
118.42947268486023,1514,1514,1050,1514,1024,1024,1024,1514,1514,1514,1514,1514,1514,1514,1514,1514,998,998,43
118.5293493270874,1514,1514,1052,1514,1024,1024,1024,1514,1514,1514,1514,1514,1514,1514,1514,1514,998,998,43
118.62795925140381,1514,1514,1052,1514,1024,1024,1024,1514,1514,1514,1514,1514,1514,1514,1514,1514,998,998,43
118.72938632965088,1514,1514,1050,1514,1024,1024,1024,1514,1514,1514,1514,1514,1514,1514,1514,1514,998,998,43
118.8291540145874,1514,1514,1052,1514,1024,1024,1024,1514,1514,1514,1514,1514,1514,1514,1514,1514,998,998,43
118.92720699310303,1514,1514,1050,1514,1024,1024,1024,1514,1514,1514,1514,1514,1514,1514,1514,1514,998,998,43
119.029212474823,1514,1514,1050,1514,1024,1024,1024,1514,1514,1514,1514,1514,1514,1514,1514,1514,998,998,43
119.12757563591003,1514,1514,1050,1514,1024,1024,1024,1514,1514,1514,1514,1514,1514,1514,1514,1514,998,998,43
119.2289354801178,1514,1514,1052,1514,1024,1024,1024,1514,1514,1514,1514,1514,1514,1514,1514,1514,998,998,43
119.32914185523987,1514,1514,1050,1514,1024,1024,1024,1514,1514,1514,1514,1514,1514,1514,1514,1514,998,998,43
119.42739796638489,1514,1514,1052,1514,1024,1024,1024,1514,1514,1514,1514,1514,1514,1514,1514,1514,998,998,43
119.52906465530396,1514,1514,1050,1514,1024,1024,1024,1514,1514,1514,1514,1514,1514,1514,1514,1514,998,998,43
119.62806606292725,1514,1514,1050,1514,1024,1024,1024,1514,1514,1514,1514,1514,1514,1514,1514,1514,998,998,43
119.72746253013611,1514,1514,1052,1514,1024,1024,1024,1514,1514,1514,1514,1514,1514,1514,1514,1514,998,998,43
119.82726430892944,1514,1514,1052,1514,1024,1024,1024,1514,1514,1514,1514,1514,1514,1514,1514,1514,998,998,43
119.92723846435547,1514,1514,1052,1514,1024,1024,1024,1514,1514,1514,1514,1514,1514,1514,1514,1514,998,998,43
120.0284743309021,1514,1514,1050,1514,1024,1024,1024,1514,1514,1514,1514,1514,1514,1514,1514,1514,998,998,43
120.12794017791748,1514,1514,1052,1514,1024,1024,1024,1514,1514,1514,1514,1514,1514,1514,1514,1514,998,998,43
120.22714519500732,1514,1514,1050,1514,1024,1024,1024,1514,1514,1514,1514,1514,1514,1514,1514,1514,998,998,43
120.32837128639221,1514,1514,1052,1514,1024,1024,1024,1514,1514,1514,1514,1514,1514,1514,1514,1514,998,998,43
120.42735767364502,1514,1514,1050,1514,1024,1024,1024,1514,1514,1514,1514,1514,1514,1514,1514,1514,998,998,43
120.52652168273926,1514,1514,1050,1514,1024,1024,1024,1514,1514,1514,1514,1514,1514,1514,1514,1514,998,998,43
120.62644410133362,1514,1514,1052,1514,1024,1024,1024,1514,1514,1514,1514,1514,1514,1514,1514,1514,998,998,43
120.72851777076721,1514,1514,1050,1514,1024,1024,1024,1514,1514,1514,1514,1514,1514,1514,1514,1514,998,998,43
120.8345775604248,1514,1514,1050,1514,1024,1024,1024,1514,1514,1514,1514,1514,1514,1514,1514,1514,998,998,43
120.92791032791138,1514,1514,1052,1514,1024,1024,1024,1514,1514,1514,1514,1514,1514,1514,1514,1514,998,998,43
121.0270824432373,1514,1514,1052,1514,1024,1024,1024,1514,1514,1514,1514,1514,1514,1514,1514,1514,998,998,43
121.1261785030365,1514,1514,1050,1514,1024,1024,1024,1514,1514,1514,1514,1514,1514,1514,1514,1514,998,998,43
121.22783970832825,1514,1514,1050,1514,1024,1024,1024,1514,1514,1514,1514,1514,1514,1514,1514,1514,998,998,43
121.3265073299408,1514,1514,1050,1514,1024,1024,1024,1514,1514,1514,1514,1514,1514,1514,1514,1514,998,998,43
121.42759847640991,1514,1514,1050,1514,1024,1024,1024,1514,1514,1514,1514,1514,1514,1514,1514,1514,998,998,43
121.52701950073242,1514,1514,1050,1514,1024,1024,1024,1514,1514,1514,1514,1514,1514,1514,1514,1514,998,998,43
121.62653732299805,1514,1514,1052,1514,1024,1024,1024,1514,1514,1514,1514,1514,1514,1514,1514,1514,998,998,43
121.72740721702576,1514,1514,1050,1514,1024,1024,1024,1514,1514,1514,1514,1514,1514,1514,1514,1514,998,998,43
121.82644081115723,1514,1514,1052,1514,1024,1024,1024,1514,1514,1514,1514,1514,1514,1514,1514,1514,998,998,43
121.92600917816162,1514,1514,1050,1514,1024,1024,1024,1514,1514,1514,1514,1514,1514,1514,1514,1514,998,998,43
122.02723526954651,1514,1514,1050,1514,1024,1024,1024,1514,1514,1514,1514,1514,1514,1514,1514,1514,998,998,43
122.12691235542297,1514,1514,1050,1514,1024,1024,1024,1514,1514,1514,1514,1514,1514,1514,1514,1514,998,998,43
122.2265956401825,1514,1514,1052,1514,1024,1024,1024,1514,1514,1514,1514,1514,1514,1514,1514,1514,998,998,43
122.32605218887329,1514,1514,1052,1514,1024,1024,1024,1514,1514,1514,1514,1514,1514,1514,1514,1514,998,998,43
122.42721843719482,1514,1514,1052,1514,1024,1024,1024,1514,1514,1514,1514,1514,1514,1514,1514,1514,998,998,43
122.52614855766296,1514,1514,1052,1514,1024,1024,1024,1514,1514,1514,1514,1514,1514,1514,1514,1514,998,998,43
122.6256275177002,1514,1514,1052,1514,1024,1024,1024,1514,1514,1514,1514,1514,1514,1514,1514,1514,998,998,43
122.72695350646973,1514,1514,1052,1514,1024,1024,1024,1514,1514,1514,1514,1514,1514,1514,1514,1514,998,998,43
122.82685136795044,1514,1514,1052,1514,1024,1024,1024,1514,1514,1514,1514,1514,1514,1514,1514,1514,998,998,43
122.92614793777466,1514,1514,1050,1514,1024,1024,1024,1514,1514,1514,1514,1514,1514,1514,1514,1514,998,998,43
123.02527856826782,1514,1514,1052,1514,1024,1024,1024,1514,1514,1514,1514,1514,1514,1514,1514,1514,998,998,43
123.12679195404053,1514,1514,1050,1514,1024,1024,1024,1514,1514,1514,1514,1514,1514,1514,1514,1514,998,998,43
123.22571468353271,1514,1514,1050,1514,1024,1024,1024,1514,1514,1514,1514,1514,1514,1514,1514,1514,998,998,43
123.32534384727478,1514,1514,1050,1514,1024,1024,1024,1514,1514,1514,1514,1514,1514,1514,1514,1514,998,998,43
123.42486691474915,1514,1514,1050,1514,1024,1024,1024,1514,1514,1514,1514,1514,1514,1514,1514,1514,998,998,43
123.5247585773468,1514,1514,1052,1514,1024,1024,1024,1514,1514,1514,1514,1514,1514,1514,1514,1514,998,998,43
123.62686729431152,1514,1514,1052,1514,1024,1024,1024,1514,1514,1514,1514,1514,1514,1514,1514,1514,998,998,43
123.72742629051208,1514,1514,1050,1514,1024,1024,1024,1514,1514,1514,1514,1514,1514,1514,1514,1514,998,998,43
123.82494711875916,1514,1514,1050,1514,1024,1024,1024,1514,1514,1514,1514,1514,1514,1514,1514,1514,998,998,43
123.92649912834167,1514,1514,1052,1514,1024,1024,1024,1514,1514,1514,1514,1514,1514,1514,1514,1514,998,998,43
124.0253074169159,1514,1514,1052,1514,1024,1024,1024,1514,1514,1514,1514,1514,1514,1514,1514,1514,998,998,43
124.12468910217285,1514,1514,1052,1514,1024,1024,1024,1514,1514,1514,1514,1514,1514,1514,1514,1514,998,998,43
124.22602319717407,1514,1514,1052,1514,1024,1024,1024,1514,1514,1514,1514,1514,1514,1514,1514,1514,998,998,43
124.32581830024719,1514,1514,1050,1514,1024,1024,1024,1514,1514,1514,1514,1514,1514,1514,1514,1514,998,998,43
124.4251344203949,1514,1514,1050,1514,1024,1024,1024,1514,1514,1514,1514,1514,1514,1514,1514,1514,998,998,43
124.52492928504944,1514,1514,1052,1514,1024,1024,1024,1514,1514,1514,1514,1514,1514,1514,1514,1514,998,998,43
124.6257917881012,1514,1514,1052,1514,1024,1024,1024,1514,1514,1514,1514,1514,1514,1514,1514,1514,998,998,43
124.72507381439209,1514,1514,1052,1514,1024,1024,1024,1514,1514,1514,1514,1514,1514,1514,1514,1514,998,998,43
124.8256459236145,1514,1514,1050,1514,1024,1024,1024,1514,1514,1514,1514,1514,1514,1514,1514,1514,998,998,43
124.9245183467865,1514,1514,1050,1514,1024,1024,1024,1514,1514,1514,1514,1514,1514,1514,1514,1514,998,998,43
125.02555584907532,1514,1514,1050,1514,1024,1024,1024,1514,1514,1514,1514,1514,1514,1514,1514,1514,998,998,43
125.1250057220459,1514,1514,1050,1514,1024,1024,1024,1514,1514,1514,1514,1514,1514,1514,1514,1514,998,998,43
125.22430324554443,1514,1514,1052,1514,1024,1024,1024,1514,1514,1514,1514,1514,1514,1514,1514,1514,998,998,43
125.3256585597992,1514,1514,1050,1514,1024,1024,1024,1514,1514,1514,1514,1514,1514,1514,1514,1514,998,998,43
125.42552161216736,1514,1514,1052,1514,1024,1024,1024,1514,1514,1514,1514,1514,1514,1514,1514,1514,998,998,43
125.53204607963562,1514,1514,1050,1514,1024,1024,1024,1514,1514,1514,1514,1514,1514,1514,1514,1514,998,998,43
125.62371230125427,1514,1514,1050,1514,1024,1024,1024,1514,1514,1514,1514,1514,1514,1514,1514,1514,998,998,43
125.72539639472961,1514,1514,1050,1514,1024,1024,1024,1514,1514,1514,1514,1514,1514,1514,1514,1514,998,998,43
125.82763838768005,1514,1514,1050,1514,1024,1024,1024,1514,1514,1514,1514,1514,1514,1514,1514,1514,998,998,43
125.92510437965393,1514,1514,1050,1514,1024,1024,1024,1514,1514,1514,1514,1514,1514,1514,1514,1514,998,998,43
126.02419710159302,1514,1514,1050,1514,1024,1024,1024,1514,1514,1514,1514,1514,1514,1514,1514,1514,998,998,43
126.12371230125427,1514,1514,1050,1514,1024,1024,1024,1514,1514,1514,1514,1514,1514,1514,1514,1514,998,998,43
126.22357296943665,1514,1514,1050,1514,1024,1024,1024,1514,1514,1514,1514,1514,1514,1514,1514,1514,998,998,43
126.32497000694275,1514,1514,1050,1514,1024,1024,1024,1514,1514,1514,1514,1514,1514,1514,1514,1514,998,998,43
126.42339563369751,1514,1514,1050,1514,1024,1024,1024,1514,1514,1514,1514,1514,1514,1514,1514,1514,998,998,43
126.5268657207489,1514,1514,1050,1514,1024,1024,1024,1514,1514,1514,1514,1514,1514,1514,1514,1514,998,998,43
126.62392711639404,1514,1514,1050,1514,1024,1024,1024,1514,1514,1514,1514,1514,1514,1514,1514,1514,998,998,43
126.72335863113403,1514,1514,1050,1514,1024,1024,1024,1514,1514,1514,1514,1514,1514,1514,1514,1514,998,998,43
126.82482290267944,1514,1514,1052,1514,1024,1024,1024,1514,1514,1514,1514,1514,1514,1514,1514,1514,998,998,43
126.92469310760498,1514,1514,1052,1514,1024,1024,1024,1514,1514,1514,1514,1514,1514,1514,1514,1514,998,998,43
127.02387857437134,1514,1514,1052,1514,1024,1024,1024,1514,1514,1514,1514,1514,1514,1514,1514,1514,998,998,43
127.12310028076172,1514,1514,1052,1514,1024,1024,1024,1514,1514,1514,1514,1514,1514,1514,1514,1514,998,998,43
127.22446155548096,1514,1514,1050,1514,1024,1024,1024,1514,1514,1514,1514,1514,1514,1514,1514,1514,998,998,43
127.32379961013794,1514,1514,1052,1514,1024,1024,1024,1514,1514,1514,1514,1514,1514,1514,1514,1514,998,998,43
127.42358684539795,1514,1514,1050,1514,1024,1024,1024,1514,1514,1514,1514,1514,1514,1514,1514,1514,998,998,43
127.52286100387573,1514,1514,1050,1514,1024,1024,1024,1514,1514,1514,1514,1514,1514,1514,1514,1514,998,998,43
127.62211894989014,1514,1514,1052,1514,1024,1024,1024,1514,1514,1514,1514,1514,1514,1514,1514,1514,998,998,43
127.72345018386841,1514,1514,1050,1514,1024,1024,1024,1514,1514,1514,1514,1514,1514,1514,1514,1514,998,998,43
127.82307004928589,1514,1514,1050,1514,1024,1024,1024,1514,1514,1514,1514,1514,1514,1514,1514,1514,998,998,43
127.92303013801575,1514,1514,1050,1514,1024,1024,1024,1514,1514,1514,1514,1514,1514,1514,1514,1514,998,998,43
128.02512741088867,1514,1514,1050,1514,1024,1024,1024,1514,1514,1514,1514,1514,1514,1514,1514,1514,998,998,43
128.12339878082275,1514,1514,1050,1514,1024,1024,1024,1514,1514,1514,1514,1514,1514,1514,1514,1514,998,998,43
128.2224838733673,1514,1514,1050,1514,1024,1024,1024,1514,1514,1514,1514,1514,1514,1514,1514,1514,998,998,43
128.3240921497345,1514,1514,1050,1514,1024,1024,1024,1514,1514,1514,1514,1514,1514,1514,1514,1514,998,998,43
128.42385149002075,1514,1514,1052,1514,1024,1024,1024,1514,1514,1514,1514,1514,1514,1514,1514,1514,998,998,43
128.52320837974548,1514,1514,1050,1514,1024,1024,1024,1514,1514,1514,1514,1514,1514,1514,1514,1514,998,998,43
128.6223020553589,1514,1514,1052,1514,1024,1024,1024,1514,1514,1514,1514,1514,1514,1514,1514,1514,998,998,43
128.73127150535583,1514,1514,1052,1514,1024,1024,1024,1514,1514,1514,1514,1514,1514,1514,1514,1514,998,998,43
128.8238124847412,1514,1514,1050,1514,1024,1024,1024,1514,1514,1514,1514,1514,1514,1514,1514,1514,998,998,43
128.92331171035767,1514,1514,1052,1514,1024,1024,1024,1514,1514,1514,1514,1514,1514,1514,1514,1514,998,998,43
129.02242946624756,1514,1514,1050,1514,1024,1024,1024,1514,1514,1514,1514,1514,1514,1514,1514,1514,998,998,43
129.1234028339386,1514,1514,1050,1514,1024,1024,1024,1514,1514,1514,1514,1514,1514,1514,1514,1514,998,998,43
129.2226095199585,1514,1514,1050,1514,1024,1024,1024,1514,1514,1514,1514,1514,1514,1514,1514,1514,998,998,43
129.32363772392273,1514,1514,1050,1514,1024,1024,1024,1514,1514,1514,1514,1514,1514,1514,1514,1514,998,998,43
129.42241406440735,1514,1514,1050,1514,1024,1024,1024,1514,1514,1514,1514,1514,1514,1514,1514,1514,998,998,43
129.52205634117126,1514,1514,1052,1514,1024,1024,1024,1514,1514,1514,1514,1514,1514,1514,1514,1514,998,998,43
129.62383484840393,1514,1514,1052,1514,1024,1024,1024,1514,1514,1514,1514,1514,1514,1514,1514,1514,998,998,43
129.72304344177246,1514,1514,1050,1514,1024,1024,1024,1514,1514,1514,1514,1514,1514,1514,1514,1514,998,998,43
129.82226276397705,1514,1514,1050,1514,1024,1024,1024,1514,1514,1514,1514,1514,1514,1514,1514,1514,998,998,43
129.92303609848022,1514,1514,1050,1514,1024,1024,1024,1514,1514,1514,1514,1514,1514,1514,1514,1514,998,998,43
130.02207827568054,1514,1514,1050,1514,1024,1024,1024,1514,1514,1514,1514,1514,1514,1514,1514,1514,998,998,43
130.12138438224792,1514,1514,1052,1514,1024,1024,1024,1514,1514,1514,1514,1514,1514,1514,1514,1514,998,998,43
130.22455668449402,1514,1514,1050,1514,1024,1024,1024,1514,1514,1514,1514,1514,1514,1514,1514,1514,998,998,43
130.32362747192383,1514,1514,1050,1514,1024,1024,1024,1514,1514,1514,1514,1514,1514,1514,1514,1514,998,998,43
130.42277431488037,1514,1514,1052,1514,1024,1024,1024,1514,1514,1514,1514,1514,1514,1514,1514,1514,998,998,43
130.52172660827637,1514,1514,1050,1514,1024,1024,1024,1514,1514,1514,1514,1514,1514,1514,1514,1514,998,998,43
130.62276220321655,1514,1514,1050,1514,1024,1024,1024,1514,1514,1514,1514,1514,1514,1514,1514,1514,998,998,43
130.72187113761902,1514,1514,1050,1514,1024,1024,1024,1514,1514,1514,1514,1514,1514,1514,1514,1514,998,998,43
130.82203602790833,1514,1514,1050,1514,1024,1024,1024,1514,1514,1514,1514,1514,1514,1514,1514,1514,998,998,43
130.921124458313,1514,1514,1052,1514,1024,1024,1024,1514,1514,1514,1514,1514,1514,1514,1514,1514,998,998,43
131.02088117599487,1514,1514,1050,1514,1024,1024,1024,1514,1514,1514,1514,1514,1514,1514,1514,1514,998,998,43
131.122487783432,1514,1514,1050,1514,1024,1024,1024,1514,1514,1514,1514,1514,1514,1514,1514,1514,998,998,43
131.22169160842896,1514,1514,1050,1514,1024,1024,1024,1514,1514,1514,1514,1514,1514,1514,1514,1514,998,998,43
131.3213996887207,1514,1514,1050,1514,1024,1024,1024,1514,1514,1514,1514,1514,1514,1514,1514,1514,998,998,43
131.42231607437134,1514,1514,1052,1514,1024,1024,1024,1514,1514,1514,1514,1514,1514,1514,1514,1514,998,998,43
131.52151131629944,1514,1514,1050,1514,1024,1024,1024,1514,1514,1514,1514,1514,1514,1514,1514,1514,998,998,43
131.62060594558716,1514,1514,1050,1514,1024,1024,1024,1514,1514,1514,1514,1514,1514,1514,1514,1514,998,998,43
131.72622632980347,1514,1514,1050,1514,1024,1024,1024,1514,1514,1514,1514,1514,1514,1514,1514,1514,998,998,43
131.82145929336548,1514,1514,1050,1514,1024,1024,1024,1514,1514,1514,1514,1514,1514,1514,1514,1514,998,998,43
131.924968957901,1514,1514,1050,1514,1024,1024,1024,1514,1514,1514,1514,1514,1514,1514,1514,1514,998,998,43
132.02026867866516,1514,1514,1050,1514,1024,1024,1024,1514,1514,1514,1514,1514,1514,1514,1514,1514,998,998,43
132.12203741073608,1514,1514,1050,1514,1024,1024,1024,1514,1514,1514,1514,1514,1514,1514,1514,1514,998,998,43
132.2212462425232,1514,1514,1052,1514,1024,1024,1024,1514,1514,1514,1514,1514,1514,1514,1514,1514,998,998,43
132.32049989700317,1514,1514,1050,1514,1024,1024,1024,1514,1514,1514,1514,1514,1514,1514,1514,1514,998,998,43
132.42016458511353,1514,1514,1050,1514,1024,1024,1024,1514,1514,1514,1514,1514,1514,1514,1514,1514,998,998,43
132.52210211753845,1514,1514,1052,1514,1024,1024,1024,1514,1514,1514,1514,1514,1514,1514,1514,1514,998,998,43
132.6234450340271,1514,1514,1050,1514,1024,1024,1024,1514,1514,1514,1514,1514,1514,1514,1514,1514,998,998,43
132.72035121917725,1514,1514,1050,1514,1024,1024,1024,1514,1514,1514,1514,1514,1514,1514,1514,1514,998,998,43
132.8215889930725,1514,1514,1052,1514,1024,1024,1024,1514,1514,1514,1514,1514,1514,1514,1514,1514,998,998,43
132.92152547836304,1514,1514,1050,1514,1024,1024,1024,1514,1514,1514,1514,1514,1514,1514,1514,1514,998,998,43
133.02070832252502,1514,1514,1050,1514,1024,1024,1024,1514,1514,1514,1514,1514,1514,1514,1514,1514,998,998,43
133.12022638320923,1514,1514,1052,1514,1024,1024,1024,1514,1514,1514,1514,1514,1514,1514,1514,1514,998,998,43
133.2250554561615,1514,1514,1050,1514,1024,1024,1024,1514,1514,1514,1514,1514,1514,1514,1514,1514,998,998,43
133.32119965553284,1514,1514,1052,1514,1024,1024,1024,1514,1514,1514,1514,1514,1514,1514,1514,1514,998,998,43
133.42041969299316,1514,1514,1052,1514,1024,1024,1024,1514,1514,1514,1514,1514,1514,1514,1514,1514,998,998,43
133.51986837387085,1514,1514,1050,1514,1024,1024,1024,1514,1514,1514,1514,1514,1514,1514,1514,1514,998,998,43
133.6212022304535,1514,1514,1050,1514,1024,1024,1024,1514,1514,1514,1514,1514,1514,1514,1514,1514,998,998,43
133.7202661037445,1514,1514,1050,1514,1024,1024,1024,1514,1514,1514,1514,1514,1514,1514,1514,1514,998,998,43
133.82112646102905,1514,1514,1050,1514,1024,1024,1024,1514,1514,1514,1514,1514,1514,1514,1514,1514,998,998,43
133.9235758781433,1514,1514,1050,1514,1024,1024,1024,1514,1514,1514,1514,1514,1514,1514,1514,1514,998,998,43
134.02105951309204,1514,1514,1052,1514,1024,1024,1024,1514,1514,1514,1514,1514,1514,1514,1514,1514,998,998,43
134.12016940116882,1514,1514,1052,1514,1024,1024,1024,1514,1514,1514,1514,1514,1514,1514,1514,1514,998,998,43
134.21940183639526,1514,1514,1050,1514,1024,1024,1024,1514,1514,1514,1514,1514,1514,1514,1514,1514,998,998,43
134.32105350494385,1514,1514,1052,1514,1024,1024,1024,1514,1514,1514,1514,1514,1514,1514,1514,1514,998,998,43
134.42087626457214,1514,1514,1050,1514,1024,1024,1024,1514,1514,1514,1514,1514,1514,1514,1514,1514,998,998,43
134.52045893669128,1514,1514,1052,1514,1024,1024,1024,1514,1514,1514,1514,1514,1514,1514,1514,1514,998,998,43
134.6220507621765,1514,1514,1050,1514,1024,1024,1024,1514,1514,1514,1514,1514,1514,1514,1514,1514,998,998,43
134.72069549560547,1514,1514,1050,1514,1024,1024,1024,1514,1514,1514,1514,1514,1514,1514,1514,1514,998,998,43
134.82086753845215,1514,1514,1050,1514,1024,1024,1024,1514,1514,1514,1514,1514,1514,1514,1514,1514,998,998,43
134.92062902450562,1514,1514,1050,1514,1024,1024,1024,1514,1514,1514,1514,1514,1514,1514,1514,1514,998,998,43
135.02075004577637,1514,1514,1052,1514,1024,1024,1024,1514,1514,1514,1514,1514,1514,1514,1514,1514,998,998,43
135.12070059776306,1514,1514,1052,1514,1024,1024,1024,1514,1514,1514,1514,1514,1514,1514,1514,1514,998,998,43
135.2195646762848,1514,1514,1050,1514,1024,1024,1024,1514,1514,1514,1514,1514,1514,1514,1514,1514,998,998,43
135.31889629364014,1514,1514,1052,1514,1024,1024,1024,1514,1514,1514,1514,1514,1514,1514,1514,1514,998,998,43
135.41899704933167,1514,1514,1050,1514,1024,1024,1024,1514,1514,1514,1514,1514,1514,1514,1514,1514,998,998,43
135.52062940597534,1514,1514,1050,1514,1024,1024,1024,1514,1514,1514,1514,1514,1514,1514,1514,1514,998,998,43
135.61942291259766,1514,1514,1050,1514,1024,1024,1024,1514,1514,1514,1514,1514,1514,1514,1514,1514,998,998,43
135.71871280670166,1514,1514,1050,1514,1024,1024,1024,1514,1514,1514,1514,1514,1514,1514,1514,1514,998,998,43
135.82009506225586,1514,1514,1050,1514,1024,1024,1024,1514,1514,1514,1514,1514,1514,1514,1514,1514,998,998,43
135.92058849334717,1514,1514,1050,1514,1024,1024,1024,1514,1514,1514,1514,1514,1514,1514,1514,1514,998,998,43
136.01944136619568,1514,1514,1050,1514,1024,1024,1024,1514,1514,1514,1514,1514,1514,1514,1514,1514,998,998,43
136.12272214889526,1514,1514,1050,1514,1024,1024,1024,1514,1514,1514,1514,1514,1514,1514,1514,1514,998,998,43
136.22103571891785,1514,1514,1050,1514,1024,1024,1024,1514,1514,1514,1514,1514,1514,1514,1514,1514,998,998,43
136.31944751739502,1514,1514,1050,1514,1024,1024,1024,1514,1514,1514,1514,1514,1514,1514,1514,1514,998,998,43
136.42005825042725,1514,1514,1050,1514,1024,1024,1024,1514,1514,1514,1514,1514,1514,1514,1514,1514,998,998,43
136.51943469047546,1514,1514,1050,1514,1024,1024,1024,1514,1514,1514,1514,1514,1514,1514,1514,1514,998,998,43
136.6182084083557,1514,1514,1050,1514,1024,1024,1024,1514,1514,1514,1514,1514,1514,1514,1514,1514,998,998,43
136.72029066085815,1514,1514,1050,1514,1024,1024,1024,1514,1514,1514,1514,1514,1514,1514,1514,1514,998,998,43
136.81929898262024,1514,1514,1050,1514,1024,1024,1024,1514,1514,1514,1514,1514,1514,1514,1514,1514,998,998,43
136.91889905929565,1514,1514,1050,1514,1024,1024,1024,1514,1514,1514,1514,1514,1514,1514,1514,1514,998,998,43
137.0246925354004,1514,1514,1050,1514,1024,1024,1024,1514,1514,1514,1514,1514,1514,1514,1514,1514,998,998,43
137.11982417106628,1514,1514,1052,1514,1024,1024,1024,1514,1514,1514,1514,1514,1514,1514,1514,1514,998,998,43
137.21878719329834,1514,1514,1050,1514,1024,1024,1024,1514,1514,1514,1514,1514,1514,1514,1514,1514,998,998,43
137.3185260295868,1514,1514,1050,1514,1024,1024,1024,1514,1514,1514,1514,1514,1514,1514,1514,1514,998,998,43
137.41946959495544,1514,1514,1052,1514,1024,1024,1024,1514,1514,1514,1514,1514,1514,1514,1514,1514,998,998,43
137.5184667110443,1514,1514,1050,1514,1024,1024,1024,1514,1514,1514,1514,1514,1514,1514,1514,1514,998,998,43
137.61785221099854,1514,1514,1050,1514,1024,1024,1024,1514,1514,1514,1514,1514,1514,1514,1514,1514,998,998,43
137.71964812278748,1514,1514,1050,1514,1024,1024,1024,1514,1514,1514,1514,1514,1514,1514,1514,1514,998,998,43
137.81873679161072,1514,1514,1050,1514,1024,1024,1024,1514,1514,1514,1514,1514,1514,1514,1514,1514,998,998,43
137.91824293136597,1514,1514,1050,1514,1024,1024,1024,1514,1514,1514,1514,1514,1514,1514,1514,1514,998,998,43
138.0175335407257,1514,1514,1050,1514,1024,1024,1024,1514,1514,1514,1514,1514,1514,1514,1514,1514,998,998,43
138.11946654319763,1514,1514,1050,1514,1024,1024,1024,1514,1514,1514,1514,1514,1514,1514,1514,1514,998,998,43
138.21843075752258,1514,1514,1050,1514,1024,1024,1024,1514,1514,1514,1514,1514,1514,1514,1514,1514,998,998,43
138.31803679466248,1514,1514,1050,1514,1024,1024,1024,1514,1514,1514,1514,1514,1514,1514,1514,1514,998,998,43
138.41896963119507,1514,1514,1050,1514,1024,1024,1024,1514,1514,1514,1514,1514,1514,1514,1514,1514,998,998,43
138.51746892929077,1514,1514,1050,1514,1024,1024,1024,1514,1514,1514,1514,1514,1514,1514,1514,1514,998,998,43
138.61885023117065,1514,1514,1050,1514,1024,1024,1024,1514,1514,1514,1514,1514,1514,1514,1514,1514,998,998,43
138.71717596054077,1514,1514,1050,1514,1024,1024,1024,1514,1514,1514,1514,1514,1514,1514,1514,1514,998,998,43
138.81888055801392,1514,1514,1050,1514,1024,1024,1024,1514,1514,1514,1514,1514,1514,1514,1514,1514,998,998,43
138.9183211326599,1514,1514,1050,1514,1024,1024,1024,1514,1514,1514,1514,1514,1514,1514,1514,1514,998,998,43
139.01704382896423,1514,1514,1050,1514,1024,1024,1024,1514,1514,1514,1514,1514,1514,1514,1514,1514,998,998,43
139.11900067329407,1514,1514,1050,1514,1024,1024,1024,1514,1514,1514,1514,1514,1514,1514,1514,1514,998,998,43
139.21798062324524,1514,1514,1050,1514,1024,1024,1024,1514,1514,1514,1514,1514,1514,1514,1514,1514,998,998,43
139.31871724128723,1514,1514,1050,1514,1024,1024,1024,1514,1514,1514,1514,1514,1514,1514,1514,1514,998,998,43
139.41884589195251,1514,1514,1050,1514,1024,1024,1024,1514,1514,1514,1514,1514,1514,1514,1514,1514,998,998,43
139.5179958343506,1514,1514,1052,1514,1024,1024,1024,1514,1514,1514,1514,1514,1514,1514,1514,1514,998,998,43
139.61682724952698,1514,1514,1050,1514,1024,1024,1024,1514,1514,1514,1514,1514,1514,1514,1514,1514,998,998,43
139.71777939796448,1514,1514,1050,1514,1024,1024,1024,1514,1514,1514,1514,1514,1514,1514,1514,1514,998,998,43
139.81895661354065,1514,1514,1050,1514,1024,1024,1024,1514,1514,1514,1514,1514,1514,1514,1514,1514,998,998,43
139.91875338554382,1514,1514,1050,1514,1024,1024,1024,1514,1514,1514,1514,1514,1514,1514,1514,1514,998,998,43
140.0175359249115,1514,1514,1050,1514,1024,1024,1024,1514,1514,1514,1514,1514,1514,1514,1514,1514,998,998,43
140.1167356967926,1514,1514,1050,1514,1024,1024,1024,1514,1514,1514,1514,1514,1514,1514,1514,1514,998,998,43
140.2187647819519,1514,1514,1050,1514,1024,1024,1024,1514,1514,1514,1514,1514,1514,1514,1514,1514,998,998,43
140.3176634311676,1514,1514,1050,1514,1024,1024,1024,1514,1514,1514,1514,1514,1514,1514,1514,1514,998,998,43
140.41635656356812,1514,1514,1052,1514,1024,1024,1024,1514,1514,1514,1514,1514,1514,1514,1514,1514,998,998,43
140.51828718185425,1514,1514,1050,1514,1024,1024,1024,1514,1514,1514,1514,1514,1514,1514,1514,1514,998,998,43
140.62389612197876,1514,1514,1050,1514,1024,1024,1024,1514,1514,1514,1514,1514,1514,1514,1514,1514,998,998,43
140.71746826171875,1514,1514,1050,1514,1024,1024,1024,1514,1514,1514,1514,1514,1514,1514,1514,1514,998,998,43
140.8163652420044,1514,1514,1050,1514,1024,1024,1024,1514,1514,1514,1514,1514,1514,1514,1514,1514,998,998,43
140.9205687046051,1514,1514,1050,1514,1024,1024,1024,1514,1514,1514,1514,1514,1514,1514,1514,1514,998,998,43
141.01711773872375,1514,1514,1050,1514,1024,1024,1024,1514,1514,1514,1514,1514,1514,1514,1514,1514,998,998,43
141.11611151695251,1514,1514,1050,1514,1024,1024,1024,1514,1514,1514,1514,1514,1514,1514,1514,1514,998,998,43
141.21651792526245,1514,1514,1050,1514,1024,1024,1024,1514,1514,1514,1514,1514,1514,1514,1514,1514,998,998,43
141.316064119339,1514,1514,1050,1514,1024,1024,1024,1514,1514,1514,1514,1514,1514,1514,1514,1514,998,998,43
141.417649269104,1514,1514,1050,1514,1024,1024,1024,1514,1514,1514,1514,1514,1514,1514,1514,1514,998,998,43
141.51683163642883,1514,1514,1050,1514,1024,1024,1024,1514,1514,1514,1514,1514,1514,1514,1514,1514,998,998,43
141.6158676147461,1514,1514,1050,1514,1024,1024,1024,1514,1514,1514,1514,1514,1514,1514,1514,1514,998,998,43
141.7158443927765,1514,1514,1050,1514,1024,1024,1024,1514,1514,1514,1514,1514,1514,1514,1514,1514,998,998,43
141.82176542282104,1514,1514,1050,1514,1024,1024,1024,1514,1514,1514,1514,1514,1514,1514,1514,1514,998,998,43
141.91668033599854,1514,1514,1050,1514,1024,1024,1024,1514,1514,1514,1514,1514,1514,1514,1514,1514,998,998,43
142.01589632034302,1514,1514,1050,1514,1024,1024,1024,1514,1514,1514,1514,1514,1514,1514,1514,1514,998,998,43
142.11756920814514,1514,1514,1050,1514,1024,1024,1024,1514,1514,1514,1514,1514,1514,1514,1514,1514,998,998,43
142.2176547050476,1514,1514,1050,1514,1024,1024,1024,1514,1514,1514,1514,1514,1514,1514,1514,1514,998,998,43
142.3168168067932,1514,1514,1052,1514,1024,1024,1024,1514,1514,1514,1514,1514,1514,1514,1514,1514,998,998,43
142.4154396057129,1514,1514,1050,1514,1024,1024,1024,1514,1514,1514,1514,1514,1514,1514,1514,1514,998,998,43
142.52188110351562,1514,1514,1050,1514,1024,1024,1024,1514,1514,1514,1514,1514,1514,1514,1514,1514,998,998,43
142.61644077301025,1514,1514,1050,1514,1024,1024,1024,1514,1514,1514,1514,1514,1514,1514,1514,1514,998,998,43
142.71651792526245,1514,1514,1050,1514,1024,1024,1024,1514,1514,1514,1514,1514,1514,1514,1514,1514,998,998,43
142.82025742530823,1514,1514,1050,1514,1024,1024,1024,1514,1514,1514,1514,1514,1514,1514,1514,1514,998,998,43
142.91701292991638,1514,1514,1050,1514,1024,1024,1024,1514,1514,1514,1514,1514,1514,1514,1514,1514,998,998,43
143.01615977287292,1514,1514,1052,1514,1024,1024,1024,1514,1514,1514,1514,1514,1514,1514,1514,1514,998,998,43
143.11529350280762,1514,1514,1050,1514,1024,1024,1024,1514,1514,1514,1514,1514,1514,1514,1514,1514,998,998,43
143.215735912323,1514,1514,1050,1514,1024,1024,1024,1514,1514,1514,1514,1514,1514,1514,1514,1514,998,998,43
143.31731748580933,1514,1514,1050,1514,1024,1024,1024,1514,1514,1514,1514,1514,1514,1514,1514,1514,998,998,43
143.4253466129303,1514,1514,1052,1514,1024,1024,1024,1514,1514,1514,1514,1514,1514,1514,1514,1514,998,998,43
143.51531982421875,1514,1514,1050,1514,1024,1024,1024,1514,1514,1514,1514,1514,1514,1514,1514,1514,998,998,43
143.6166431903839,1514,1514,1050,1514,1024,1024,1024,1514,1514,1514,1514,1514,1514,1514,1514,1514,998,998,43
143.71812415122986,1514,1514,1050,1514,1024,1024,1024,1514,1514,1514,1514,1514,1514,1514,1514,1514,998,998,43
143.81583499908447,1514,1514,1050,1514,1024,1024,1024,1514,1514,1514,1514,1514,1514,1514,1514,1514,998,998,43
143.91509819030762,1514,1514,1050,1514,1024,1024,1024,1514,1514,1514,1514,1514,1514,1514,1514,1514,998,998,43
144.01649594306946,1514,1514,1050,1514,1024,1024,1024,1514,1514,1514,1514,1514,1514,1514,1514,1514,998,998,43
144.11573386192322,1514,1514,1050,1514,1024,1024,1024,1514,1514,1514,1514,1514,1514,1514,1514,1514,998,998,43
144.21582102775574,1514,1514,1050,1514,1024,1024,1024,1514,1514,1514,1514,1514,1514,1514,1514,1514,998,998,43
144.3166379928589,1514,1514,1050,1514,1024,1024,1024,1514,1514,1514,1514,1514,1514,1514,1514,1514,998,998,43
144.4157955646515,1514,1514,1050,1514,1024,1024,1024,1514,1514,1514,1514,1514,1514,1514,1514,1514,998,998,43
144.5147168636322,1514,1514,1052,1514,1024,1024,1024,1514,1514,1514,1514,1514,1514,1514,1514,1514,998,998,43
144.6179919242859,1514,1514,1050,1514,1024,1024,1024,1514,1514,1514,1514,1514,1514,1514,1514,1514,998,998,43
144.71546864509583,1514,1514,1050,1514,1024,1024,1024,1514,1514,1514,1514,1514,1514,1514,1514,1514,998,998,43
144.81590032577515,1514,1514,1050,1514,1024,1024,1024,1514,1514,1514,1514,1514,1514,1514,1514,1514,998,998,43
144.91473984718323,1514,1514,1050,1514,1024,1024,1024,1514,1514,1514,1514,1514,1514,1514,1514,1514,998,998,43
145.01608395576477,1514,1514,1050,1514,1024,1024,1024,1514,1514,1514,1514,1514,1514,1514,1514,1514,998,998,43
145.11553764343262,1514,1514,1050,1514,1024,1024,1024,1514,1514,1514,1514,1514,1514,1514,1514,1514,998,998,43
145.2149715423584,1514,1514,1052,1514,1024,1024,1024,1514,1514,1514,1514,1514,1514,1514,1514,1514,998,998,43
145.31501817703247,1514,1514,1050,1514,1024,1024,1024,1514,1514,1514,1514,1514,1514,1514,1514,1514,998,998,43
145.41740894317627,1514,1514,1050,1514,1024,1024,1024,1514,1514,1514,1514,1514,1514,1514,1514,1514,998,998,43
145.51589941978455,1514,1514,1050,1514,1024,1024,1024,1514,1514,1514,1514,1514,1514,1514,1514,1514,998,998,43
145.61540818214417,1514,1514,1050,1514,1024,1024,1024,1514,1514,1514,1514,1514,1514,1514,1514,1514,998,998,43
145.71417140960693,1514,1514,1050,1514,1024,1024,1024,1514,1514,1514,1514,1514,1514,1514,1514,1514,998,998,43
145.81823778152466,1514,1514,1050,1514,1024,1024,1024,1514,1514,1514,1514,1514,1514,1514,1514,1514,998,998,43
145.91561222076416,1514,1514,1050,1514,1024,1024,1024,1514,1514,1514,1514,1514,1514,1514,1514,1514,998,998,43
146.0150773525238,1514,1514,1050,1514,1024,1024,1024,1514,1514,1514,1514,1514,1514,1514,1514,1514,998,998,43
146.1142315864563,1514,1514,1050,1514,1024,1024,1024,1514,1514,1514,1514,1514,1514,1514,1514,1514,998,998,43
146.21658635139465,1514,1514,1052,1514,1024,1024,1024,1514,1514,1514,1514,1514,1514,1514,1514,1514,998,998,43
146.3151707649231,1514,1514,1052,1514,1024,1024,1024,1514,1514,1514,1514,1514,1514,1514,1514,1514,998,998,43
146.41397404670715,1514,1514,1050,1514,1024,1024,1024,1514,1514,1514,1514,1514,1514,1514,1514,1514,998,998,43
146.51542162895203,1514,1514,1050,1514,1024,1024,1024,1514,1514,1514,1514,1514,1514,1514,1514,1514,998,998,43
146.61475229263306,1514,1514,1052,1514,1024,1024,1024,1514,1514,1514,1514,1514,1514,1514,1514,1514,998,998,43
146.714017868042,1514,1514,1050,1514,1024,1024,1024,1514,1514,1514,1514,1514,1514,1514,1514,1514,998,998,43
146.81413340568542,1514,1514,1050,1514,1024,1024,1024,1514,1514,1514,1514,1514,1514,1514,1514,1514,998,998,43
146.91536450386047,1514,1514,1050,1514,1024,1024,1024,1514,1514,1514,1514,1514,1514,1514,1514,1514,998,998,43
147.01462030410767,1514,1514,1050,1514,1024,1024,1024,1514,1514,1514,1514,1514,1514,1514,1514,1514,998,998,43
147.1137192249298,1514,1514,1050,1514,1024,1024,1024,1514,1514,1514,1514,1514,1514,1514,1514,1514,998,998,43
147.2151734828949,1514,1514,1050,1514,1024,1024,1024,1514,1514,1514,1514,1514,1514,1514,1514,1514,998,998,43
147.3138291835785,1514,1514,1050,1514,1024,1024,1024,1514,1514,1514,1514,1514,1514,1514,1514,1514,998,998,43
147.41512656211853,1514,1514,1050,1514,1024,1024,1024,1514,1514,1514,1514,1514,1514,1514,1514,1514,998,998,43
147.5145299434662,1514,1514,1050,1514,1024,1024,1024,1514,1514,1514,1514,1514,1514,1514,1514,1514,998,998,43
147.61723256111145,1514,1514,1052,1514,1024,1024,1024,1514,1514,1514,1514,1514,1514,1514,1514,1514,998,998,43
147.71702480316162,1514,1514,1050,1514,1024,1024,1024,1514,1514,1514,1514,1514,1514,1514,1514,1514,998,998,43
147.81467819213867,1514,1514,1057,1514,1024,1024,1024,1514,1514,1514,1514,1514,1514,1514,1514,1514,998,998,43
147.9142506122589,1514,1514,1048,1514,1024,1024,1024,1514,1514,1514,1514,1514,1514,1514,1514,1514,998,998,43
148.01482701301575,1514,1514,1057,1514,1024,1024,1024,1514,1514,1514,1514,1514,1514,1514,1514,1514,998,998,43
148.11435389518738,1514,1514,1058,1514,1024,1024,1024,1514,1514,1514,1514,1514,1514,1514,1514,1514,998,998,43
148.2132444381714,1514,1514,1057,1514,1024,1024,1024,1514,1514,1514,1514,1514,1514,1514,1514,1514,998,998,43
148.31392574310303,1514,1514,1057,1514,1024,1024,1024,1514,1514,1514,1514,1514,1514,1514,1514,1514,998,998,43
148.41315340995789,1514,1514,1058,1514,1024,1024,1024,1514,1514,1514,1514,1514,1514,1514,1514,1514,998,998,43
148.51806616783142,1514,1514,1058,1514,1024,1024,1024,1514,1514,1514,1514,1514,1514,1514,1514,1514,998,998,43
148.61382174491882,1514,1514,1058,1514,1024,1024,1024,1514,1514,1514,1514,1514,1514,1514,1514,1514,998,998,43
148.71325278282166,1514,1514,1058,1514,1024,1024,1024,1514,1514,1514,1514,1514,1514,1514,1514,1514,998,998,43
148.81307554244995,1514,1514,1058,1514,1024,1024,1024,1514,1514,1514,1514,1514,1514,1514,1514,1514,998,998,43
148.91460180282593,1514,1514,1058,1514,1024,1024,1024,1514,1514,1514,1514,1514,1514,1514,1514,1514,998,998,43
149.0137813091278,1514,1514,1050,1514,1024,1024,1024,1514,1514,1514,1514,1514,1514,1514,1514,1514,998,998,43
149.11628460884094,1514,1514,1048,1514,1024,1024,1024,1514,1514,1514,1514,1514,1514,1514,1514,1514,998,998,43
149.21808409690857,1514,1514,1055,1514,1024,1024,1024,1514,1514,1514,1514,1514,1514,1514,1514,1514,998,998,43
149.3139407634735,1514,1514,1050,1514,1024,1024,1024,1514,1514,1514,1514,1514,1514,1514,1514,1514,998,998,43
149.4128773212433,1514,1514,1050,1514,1024,1024,1024,1514,1514,1514,1514,1514,1514,1514,1514,1514,998,998,43
149.51244568824768,1514,1514,1048,1514,1024,1024,1024,1514,1514,1514,1514,1514,1514,1514,1514,1514,998,998,43
149.613436460495,1514,1514,1050,1514,1024,1024,1024,1514,1514,1514,1514,1514,1514,1514,1514,1514,998,998,43
149.71269702911377,1514,1514,1048,1514,1024,1024,1024,1514,1514,1514,1514,1514,1514,1514,1514,1514,998,998,43
149.81295204162598,1514,1514,1048,1514,1024,1024,1024,1514,1514,1514,1514,1514,1514,1514,1514,1514,998,998,43
149.9145724773407,1514,1514,1048,1514,1024,1024,1024,1514,1514,1514,1514,1514,1514,1514,1514,1514,998,998,43
150.01355290412903,1514,1514,1048,1514,1024,1024,1024,1514,1514,1514,1514,1514,1514,1514,1514,1514,998,998,43
150.11275720596313,1514,1514,1048,1514,1024,1024,1024,1514,1514,1514,1514,1514,1514,1514,1514,1514,998,998,43
150.21395826339722,1514,1514,1048,1514,1024,1024,1024,1514,1514,1514,1514,1514,1514,1514,1514,1514,998,998,43
150.31288361549377,1514,1514,1048,1514,1024,1024,1024,1514,1514,1514,1514,1514,1514,1514,1514,1514,998,998,43
150.41400027275085,1514,1514,1048,1514,1024,1024,1024,1514,1514,1514,1514,1514,1514,1514,1514,1514,998,998,43
150.5131492614746,1514,1514,1048,1514,1024,1024,1024,1514,1514,1514,1514,1514,1514,1514,1514,1514,998,998,43
150.62136912345886,1514,1514,1048,1514,1024,1024,1024,1514,1514,1514,1514,1514,1514,1514,1514,1514,998,998,43
150.71408247947693,1514,1514,1048,1514,1024,1024,1024,1514,1514,1514,1514,1514,1514,1514,1514,1514,998,998,43
150.81297636032104,1514,1514,1048,1514,1024,1024,1024,1514,1514,1514,1514,1514,1514,1514,1514,1514,998,998,43
150.91310620307922,1514,1514,1048,1514,1024,1024,1024,1514,1514,1514,1514,1514,1514,1514,1514,1514,998,998,43
151.012216091156,1514,1514,1048,1514,1024,1024,1024,1514,1514,1514,1514,1514,1514,1514,1514,1514,998,998,43
151.11370539665222,1514,1514,1048,1514,1024,1024,1024,1514,1514,1514,1514,1514,1514,1514,1514,1514,998,998,43
151.2129271030426,1514,1514,1048,1514,1024,1024,1024,1514,1514,1514,1514,1514,1514,1514,1514,1514,998,998,43
151.3170027732849,1514,1514,1048,1514,1024,1024,1024,1514,1514,1514,1514,1514,1514,1514,1514,1514,998,998,43
151.41200423240662,1514,1514,1048,1514,1024,1024,1024,1514,1514,1514,1514,1514,1514,1514,1514,1514,998,998,43
151.5135419368744,1514,1514,1048,1514,1024,1024,1024,1514,1514,1514,1514,1514,1514,1514,1514,1514,998,998,43
151.6130199432373,1514,1514,1048,1514,1024,1024,1024,1514,1514,1514,1514,1514,1514,1514,1514,1514,998,998,43
151.71240329742432,1514,1514,1048,1514,1024,1024,1024,1514,1514,1514,1514,1514,1514,1514,1514,1514,998,998,43
151.81367802619934,1514,1514,1048,1514,1024,1024,1024,1514,1514,1514,1514,1514,1514,1514,1514,1514,998,998,43
151.9134132862091,1514,1514,1048,1514,1024,1024,1024,1514,1514,1514,1514,1514,1514,1514,1514,1514,998,998,43
152.0125880241394,1514,1514,1048,1514,1024,1024,1024,1514,1514,1514,1514,1514,1514,1514,1514,1514,998,998,43
152.11166143417358,1514,1514,1048,1514,1024,1024,1024,1514,1514,1514,1514,1514,1514,1514,1514,1514,998,998,43
152.21334624290466,1514,1514,1048,1514,1024,1024,1024,1514,1514,1514,1514,1514,1514,1514,1514,1514,998,998,43
152.31267738342285,1514,1514,1048,1514,1024,1024,1024,1514,1514,1514,1514,1514,1514,1514,1514,1514,998,998,43
152.41233158111572,1514,1514,1048,1514,1024,1024,1024,1514,1514,1514,1514,1514,1514,1514,1514,1514,998,998,43
152.51179194450378,1514,1514,1048,1514,1024,1024,1024,1514,1514,1514,1514,1514,1514,1514,1514,1514,998,998,43
152.61345863342285,1514,1514,1048,1514,1024,1024,1024,1514,1514,1514,1514,1514,1514,1514,1514,1514,998,998,43
152.71965980529785,1514,1514,1048,1514,1024,1024,1024,1514,1514,1514,1514,1514,1514,1514,1514,1514,998,998,43
152.8119833469391,1514,1514,1048,1514,1024,1024,1024,1514,1514,1514,1514,1514,1514,1514,1514,1514,998,998,43
152.91176176071167,1514,1514,1048,1514,1024,1024,1024,1514,1514,1514,1514,1514,1514,1514,1514,1514,998,998,43
153.0129554271698,1514,1514,1048,1514,1024,1024,1024,1514,1514,1514,1514,1514,1514,1514,1514,1514,998,998,43
153.12176895141602,1514,1514,1048,1514,1024,1024,1024,1514,1514,1514,1514,1514,1514,1514,1514,1514,998,998,43
153.21135807037354,1514,1514,1048,1514,1024,1024,1024,1514,1514,1514,1514,1514,1514,1514,1514,1514,998,998,43
153.31295037269592,1514,1514,1048,1514,1024,1024,1024,1514,1514,1514,1514,1514,1514,1514,1514,1514,998,998,43
153.41280007362366,1514,1514,1048,1514,1024,1024,1024,1514,1514,1514,1514,1514,1514,1514,1514,1514,998,998,43
153.5120885372162,1514,1514,1048,1514,1024,1024,1024,1514,1514,1514,1514,1514,1514,1514,1514,1514,998,998,43
153.6124722957611,1514,1514,1048,1514,1024,1024,1024,1514,1514,1514,1514,1514,1514,1514,1514,1514,998,998,43
153.71262407302856,1514,1514,1048,1514,1024,1024,1024,1514,1514,1514,1514,1514,1514,1514,1514,1514,998,998,43
153.81262803077698,1514,1514,1048,1514,1024,1024,1024,1514,1514,1514,1514,1514,1514,1514,1514,1514,998,998,43
153.91190814971924,1514,1514,1048,1514,1024,1024,1024,1514,1514,1514,1514,1514,1514,1514,1514,1514,998,998,43
154.01314735412598,1514,1514,1048,1514,1024,1024,1024,1514,1514,1514,1514,1514,1514,1514,1514,1514,998,998,43
154.11259007453918,1514,1514,1048,1514,1024,1024,1024,1514,1514,1514,1514,1514,1514,1514,1514,1514,998,998,43
154.21173548698425,1514,1514,1048,1514,1024,1024,1024,1514,1514,1514,1514,1514,1514,1514,1514,1514,998,998,43
154.31667566299438,1514,1514,1048,1514,1024,1024,1024,1514,1514,1514,1514,1514,1514,1514,1514,1514,998,998,43
154.4118206501007,1514,1514,1048,1514,1024,1024,1024,1514,1514,1514,1514,1514,1514,1514,1514,1514,998,998,43
154.514878988266,1514,1514,1048,1514,1024,1024,1024,1514,1514,1514,1514,1514,1514,1514,1514,1514,998,998,43
154.6200692653656,1514,1514,1048,1514,1024,1024,1024,1514,1514,1514,1514,1514,1514,1514,1514,1514,998,998,43
154.71185994148254,1514,1514,1048,1514,1024,1024,1024,1514,1514,1514,1514,1514,1514,1514,1514,1514,998,998,43
154.81176114082336,1514,1514,1048,1514,1024,1024,1024,1514,1514,1514,1514,1514,1514,1514,1514,1514,998,998,43
154.91098546981812,1514,1514,1048,1514,1024,1024,1024,1514,1514,1514,1514,1514,1514,1514,1514,1514,998,998,43
155.01214599609375,1514,1514,1048,1514,1024,1024,1024,1514,1514,1514,1514,1514,1514,1514,1514,1514,998,998,43
155.1111810207367,1514,1514,1048,1514,1024,1024,1024,1514,1514,1514,1514,1514,1514,1514,1514,1514,998,998,43
155.21083688735962,1514,1514,1048,1514,1024,1024,1024,1514,1514,1514,1514,1514,1514,1514,1514,1514,998,998,43
155.31212449073792,1514,1514,1047,1514,1024,1024,1024,1514,1514,1514,1514,1514,1514,1514,1514,1514,998,998,43
155.41136860847473,1514,1514,1048,1514,1024,1024,1024,1514,1514,1514,1514,1514,1514,1514,1514,1514,998,998,43
155.5107810497284,1514,1514,1048,1514,1024,1024,1024,1514,1514,1514,1514,1514,1514,1514,1514,1514,998,998,43
155.6121745109558,1514,1514,1046,1514,1024,1024,1024,1514,1514,1514,1514,1514,1514,1514,1514,1514,998,998,43
155.7148265838623,1514,1514,1048,1514,1024,1024,1024,1514,1514,1514,1514,1514,1514,1514,1514,1514,998,998,43
155.82023429870605,1514,1514,1048,1514,1024,1024,1024,1514,1514,1514,1514,1514,1514,1514,1514,1514,998,998,43
155.910471200943,1514,1514,1048,1514,1024,1024,1024,1514,1514,1514,1514,1514,1514,1514,1514,1514,998,998,43
156.01190614700317,1514,1514,1048,1514,1024,1024,1024,1514,1514,1514,1514,1514,1514,1514,1514,1514,998,998,43
156.11143851280212,1514,1514,1048,1514,1024,1024,1024,1514,1514,1514,1514,1514,1514,1514,1514,1514,998,998,43
156.21234035491943,1514,1514,1047,1514,1024,1024,1024,1514,1514,1514,1514,1514,1514,1514,1514,1514,998,998,43
156.31183385849,1514,1514,1048,1514,1024,1024,1024,1514,1514,1514,1514,1514,1514,1514,1514,1514,998,998,43
156.4117112159729,1514,1514,1048,1514,1024,1024,1024,1514,1514,1514,1514,1514,1514,1514,1514,1514,998,998,43
156.51189732551575,1514,1514,1047,1514,1024,1024,1024,1514,1514,1514,1514,1514,1514,1514,1514,1514,998,998,43
156.61021971702576,1514,1514,1048,1514,1024,1024,1024,1514,1514,1514,1514,1514,1514,1514,1514,1514,998,998,43
156.71163368225098,1514,1514,1048,1514,1024,1024,1024,1514,1514,1514,1514,1514,1514,1514,1514,1514,998,998,43
156.81112122535706,1514,1514,1048,1514,1024,1024,1024,1514,1514,1514,1514,1514,1514,1514,1514,1514,998,998,43
156.91041827201843,1514,1514,1048,1514,1024,1024,1024,1514,1514,1514,1514,1514,1514,1514,1514,1514,998,998,43
157.01034665107727,1514,1514,1047,1514,1024,1024,1024,1514,1514,1514,1514,1514,1514,1514,1514,1514,998,998,43
157.11686992645264,1514,1514,1047,1514,1024,1024,1024,1514,1514,1514,1514,1514,1514,1514,1514,1514,998,998,43
157.21152901649475,1514,1514,1047,1514,1024,1024,1024,1514,1514,1514,1514,1514,1514,1514,1514,1514,998,998,43
157.3115816116333,1514,1514,1047,1514,1024,1024,1024,1514,1514,1514,1514,1514,1514,1514,1514,1514,998,998,43
157.41153287887573,1514,1514,1047,1514,1024,1024,1024,1514,1514,1514,1514,1514,1514,1514,1514,1514,998,998,43
157.51142501831055,1514,1514,1047,1514,1024,1024,1024,1514,1514,1514,1514,1514,1514,1514,1514,1514,998,998,43
157.6108729839325,1514,1514,1047,1514,1024,1024,1024,1514,1514,1514,1514,1514,1514,1514,1514,1514,998,998,43
157.70980858802795,1514,1514,1047,1514,1024,1024,1024,1514,1514,1514,1514,1514,1514,1514,1514,1514,998,998,43
157.81114840507507,1514,1514,1047,1514,1024,1024,1024,1514,1514,1514,1514,1514,1514,1514,1514,1514,998,998,43
157.91076755523682,1514,1514,1047,1514,1024,1024,1024,1514,1514,1514,1514,1514,1514,1514,1514,1514,998,998,43
158.01128482818604,1514,1514,1047,1514,1024,1024,1024,1514,1514,1514,1514,1514,1514,1514,1514,1514,998,998,43
158.10955953598022,1514,1514,1047,1514,1024,1024,1024,1514,1514,1514,1514,1514,1514,1514,1514,1514,998,998,43
158.21107864379883,1514,1514,1047,1514,1024,1024,1024,1514,1514,1514,1514,1514,1514,1514,1514,1514,998,998,43
158.3113739490509,1514,1514,1047,1514,1024,1024,1024,1514,1514,1514,1514,1514,1514,1514,1514,1514,998,998,43
158.410338640213,1514,1514,1047,1514,1024,1024,1024,1514,1514,1514,1514,1514,1514,1514,1514,1514,998,998,43
158.51102209091187,1514,1514,1047,1514,1024,1024,1024,1514,1514,1514,1514,1514,1514,1514,1514,1514,998,998,43
158.61101508140564,1514,1514,1047,1514,1024,1024,1024,1514,1514,1514,1514,1514,1514,1514,1514,1514,998,998,43
158.71126890182495,1514,1514,1047,1514,1024,1024,1024,1514,1514,1514,1514,1514,1514,1514,1514,1514,998,998,43
158.81056141853333,1514,1514,1047,1514,1024,1024,1024,1514,1514,1514,1514,1514,1514,1514,1514,1514,998,998,43
158.91075658798218,1514,1514,1047,1514,1024,1024,1024,1514,1514,1514,1514,1514,1514,1514,1514,1514,998,998,43
159.0108699798584,1514,1514,1047,1514,1024,1024,1024,1514,1514,1514,1514,1514,1514,1514,1514,1514,998,998,43
159.11025142669678,1514,1514,1047,1514,1024,1024,1024,1514,1514,1514,1514,1514,1514,1514,1514,1514,998,998,43
159.20937252044678,1514,1514,1048,1514,1024,1024,1024,1514,1514,1514,1514,1514,1514,1514,1514,1514,998,998,43
159.31465649604797,1514,1514,1047,1514,1024,1024,1024,1514,1514,1514,1514,1514,1514,1514,1514,1514,998,998,43
159.4098391532898,1514,1514,1047,1514,1024,1024,1024,1514,1514,1514,1514,1514,1514,1514,1514,1514,998,998,43
159.51138138771057,1514,1514,1047,1514,1024,1024,1024,1514,1514,1514,1514,1514,1514,1514,1514,1514,998,998,43
159.61009192466736,1514,1514,1047,1514,1024,1024,1024,1514,1514,1514,1514,1514,1514,1514,1514,1514,998,998,43
159.70878839492798,1514,1514,1047,1514,1024,1024,1024,1514,1514,1514,1514,1514,1514,1514,1514,1514,998,998,43
159.81082725524902,1514,1514,1047,1514,1024,1024,1024,1514,1514,1514,1514,1514,1514,1514,1514,1514,998,998,43
159.91069293022156,1514,1514,1047,1514,1024,1024,1024,1514,1514,1514,1514,1514,1514,1514,1514,1514,998,998,43
160.0095853805542,1514,1514,1047,1514,1024,1024,1024,1514,1514,1514,1514,1514,1514,1514,1514,1514,998,998,43
160.10884737968445,1514,1514,1047,1514,1024,1024,1024,1514,1514,1514,1514,1514,1514,1514,1514,1514,998,998,43
160.21028184890747,1514,1514,1047,1514,1024,1024,1024,1514,1514,1514,1514,1514,1514,1514,1514,1514,998,998,43
160.31050872802734,1514,1514,1047,1514,1024,1024,1024,1514,1514,1514,1514,1514,1514,1514,1514,1514,998,998,43
160.40879321098328,1514,1514,1047,1514,1024,1024,1024,1514,1514,1514,1514,1514,1514,1514,1514,1514,998,998,43
160.50857400894165,1514,1514,1047,1514,1024,1024,1024,1514,1514,1514,1514,1514,1514,1514,1514,1514,998,998,43
160.61035919189453,1514,1514,1047,1514,1024,1024,1024,1514,1514,1514,1514,1514,1514,1514,1514,1514,998,998,43
160.70960402488708,1514,1514,1047,1514,1024,1024,1024,1514,1514,1514,1514,1514,1514,1514,1514,1514,998,998,43
160.80877947807312,1514,1514,1047,1514,1024,1024,1024,1514,1514,1514,1514,1514,1514,1514,1514,1514,998,998,43
160.90801453590393,1514,1514,1047,1514,1024,1024,1024,1514,1514,1514,1514,1514,1514,1514,1514,1514,998,998,43
161.01029658317566,1514,1514,1047,1514,1024,1024,1024,1514,1514,1514,1514,1514,1514,1514,1514,1514,998,998,43
161.10944890975952,1514,1514,1047,1514,1024,1024,1024,1514,1514,1514,1514,1514,1514,1514,1514,1514,998,998,43
161.20879888534546,1514,1514,1047,1514,1024,1024,1024,1514,1514,1514,1514,1514,1514,1514,1514,1514,998,998,43
161.31366348266602,1514,1514,1047,1514,1024,1024,1024,1514,1514,1514,1514,1514,1514,1514,1514,1514,998,998,43
161.40928316116333,1514,1514,1047,1514,1024,1024,1024,1514,1514,1514,1514,1514,1514,1514,1514,1514,998,998,43
161.5093982219696,1514,1514,1047,1514,1024,1024,1024,1514,1514,1514,1514,1514,1514,1514,1514,1514,998,998,43
161.60881519317627,1514,1514,1047,1514,1024,1024,1024,1514,1514,1514,1514,1514,1514,1514,1514,1514,998,998,43
161.7098503112793,1514,1514,1047,1514,1024,1024,1024,1514,1514,1514,1514,1514,1514,1514,1514,1514,998,998,43
161.8091812133789,1514,1514,1047,1514,1024,1024,1024,1514,1514,1514,1514,1514,1514,1514,1514,1514,998,998,43
161.9080982208252,1514,1514,1047,1514,1024,1024,1024,1514,1514,1514,1514,1514,1514,1514,1514,1514,998,998,43
162.00835394859314,1514,1514,1047,1514,1024,1024,1024,1514,1514,1514,1514,1514,1514,1514,1514,1514,998,998,43
162.1096498966217,1514,1514,1047,1514,1024,1024,1024,1514,1514,1514,1514,1514,1514,1514,1514,1514,998,998,43
162.21250176429749,1514,1514,1047,1514,1024,1024,1024,1514,1514,1514,1514,1514,1514,1514,1514,1514,998,998,43
162.3087935447693,1514,1514,1047,1514,1024,1024,1024,1514,1514,1514,1514,1514,1514,1514,1514,1514,998,998,43
162.40863752365112,1514,1514,1047,1514,1024,1024,1024,1514,1514,1514,1514,1514,1514,1514,1514,1514,998,998,43
162.5081434249878,1514,1514,1047,1514,1024,1024,1024,1514,1514,1514,1514,1514,1514,1514,1514,1514,998,998,43
162.60966110229492,1514,1514,1047,1514,1024,1024,1024,1514,1514,1514,1514,1514,1514,1514,1514,1514,998,998,43
162.70893335342407,1514,1514,1047,1514,1024,1024,1024,1514,1514,1514,1514,1514,1514,1514,1514,1514,998,998,43
162.8080928325653,1514,1514,1047,1514,1024,1024,1024,1514,1514,1514,1514,1514,1514,1514,1514,1514,998,998,43
162.90941071510315,1514,1514,1047,1514,1024,1024,1024,1514,1514,1514,1514,1514,1514,1514,1514,1514,998,998,43
163.00986576080322,1514,1514,1047,1514,1024,1024,1024,1514,1514,1514,1514,1514,1514,1514,1514,1514,998,998,43
163.10907864570618,1514,1514,1047,1514,1024,1024,1024,1514,1514,1514,1514,1514,1514,1514,1514,1514,998,998,43
163.21107578277588,1514,1514,1047,1514,1024,1024,1024,1514,1514,1514,1514,1514,1514,1514,1514,1514,998,998,43
163.30917930603027,1514,1514,1047,1514,1024,1024,1024,1514,1514,1514,1514,1514,1514,1514,1514,1514,998,998,43
163.40836763381958,1514,1514,1047,1514,1024,1024,1024,1514,1514,1514,1514,1514,1514,1514,1514,1514,998,998,43
163.50754523277283,1514,1514,1047,1514,1024,1024,1024,1514,1514,1514,1514,1514,1514,1514,1514,1514,998,998,43
163.60776042938232,1514,1514,1047,1514,1024,1024,1024,1514,1514,1514,1514,1514,1514,1514,1514,1514,998,998,43
163.706960439682,1514,1514,1047,1514,1024,1024,1024,1514,1514,1514,1514,1514,1514,1514,1514,1514,998,998,43
163.81318283081055,1514,1514,1047,1514,1024,1024,1024,1514,1514,1514,1514,1514,1514,1514,1514,1514,998,998,43
163.90768194198608,1514,1514,1047,1514,1024,1024,1024,1514,1514,1514,1514,1514,1514,1514,1514,1514,998,998,43
164.00907969474792,1514,1514,1047,1514,1024,1024,1024,1514,1514,1514,1514,1514,1514,1514,1514,1514,998,998,43
164.10897088050842,1514,1514,1047,1514,1024,1024,1024,1514,1514,1514,1514,1514,1514,1514,1514,1514,998,998,43
164.21053791046143,1514,1514,1047,1514,1024,1024,1024,1514,1514,1514,1514,1514,1514,1514,1514,1514,998,998,43
164.308358669281,1514,1514,1047,1514,1024,1024,1024,1514,1514,1514,1514,1514,1514,1514,1514,1514,998,998,43
164.40897274017334,1514,1514,1047,1514,1024,1024,1024,1514,1514,1514,1514,1514,1514,1514,1514,1514,998,998,43
164.50821042060852,1514,1514,1047,1514,1024,1024,1024,1514,1514,1514,1514,1514,1514,1514,1514,1514,998,998,43
164.61457705497742,1514,1514,1047,1514,1024,1024,1024,1514,1514,1514,1514,1514,1514,1514,1514,1514,998,998,43
164.70887160301208,1514,1514,1047,1514,1024,1024,1024,1514,1514,1514,1514,1514,1514,1514,1514,1514,998,998,43
164.8079183101654,1514,1514,1047,1514,1024,1024,1024,1514,1514,1514,1514,1514,1514,1514,1514,1514,998,998,43
164.9074671268463,1514,1514,1047,1514,1024,1024,1024,1514,1514,1514,1514,1514,1514,1514,1514,1514,998,998,43
165.00861167907715,1514,1514,1047,1514,1024,1024,1024,1514,1514,1514,1514,1514,1514,1514,1514,1514,998,998,43
165.10865902900696,1514,1514,1047,1514,1024,1024,1024,1514,1514,1514,1514,1514,1514,1514,1514,1514,998,998,43
165.20796537399292,1514,1514,1047,1514,1024,1024,1024,1514,1514,1514,1514,1514,1514,1514,1514,1514,998,998,43
165.30762457847595,1514,1514,1047,1514,1024,1024,1024,1514,1514,1514,1514,1514,1514,1514,1514,1514,998,998,43
165.40691304206848,1514,1514,1047,1514,1024,1024,1024,1514,1514,1514,1514,1514,1514,1514,1514,1514,998,998,43
165.50867772102356,1514,1514,1047,1514,1024,1024,1024,1514,1514,1514,1514,1514,1514,1514,1514,1514,998,998,43
165.6079306602478,1514,1514,1047,1514,1024,1024,1024,1514,1514,1514,1514,1514,1514,1514,1514,1514,998,998,43
165.70839047431946,1514,1514,1047,1514,1024,1024,1024,1514,1514,1514,1514,1514,1514,1514,1514,1514,998,998,43
165.8068380355835,1514,1514,1047,1514,1024,1024,1024,1514,1514,1514,1514,1514,1514,1514,1514,1514,998,998,43
165.9115695953369,1514,1514,1047,1514,1024,1024,1024,1514,1514,1514,1514,1514,1514,1514,1514,1514,998,998,43
166.00775384902954,1514,1514,1047,1514,1024,1024,1024,1514,1514,1514,1514,1514,1514,1514,1514,1514,998,998,43
166.1065809726715,1514,1514,1047,1514,1024,1024,1024,1514,1514,1514,1514,1514,1514,1514,1514,1514,998,998,43
166.208256483078,1514,1514,1047,1514,1024,1024,1024,1514,1514,1514,1514,1514,1514,1514,1514,1514,998,998,43
166.30803966522217,1514,1514,1047,1514,1024,1024,1024,1514,1514,1514,1514,1514,1514,1514,1514,1514,998,998,43
166.40967512130737,1514,1514,1047,1514,1024,1024,1024,1514,1514,1514,1514,1514,1514,1514,1514,1514,998,998,43
166.50846886634827,1514,1514,1047,1514,1024,1024,1024,1514,1514,1514,1514,1514,1514,1514,1514,1514,998,998,43
166.6065878868103,1514,1514,1047,1514,1024,1024,1024,1514,1514,1514,1514,1514,1514,1514,1514,1514,998,998,43
166.7080283164978,1514,1514,1047,1514,1024,1024,1024,1514,1514,1514,1514,1514,1514,1514,1514,1514,998,998,43
166.80714964866638,1514,1514,1047,1514,1024,1024,1024,1514,1514,1514,1514,1514,1514,1514,1514,1514,998,998,43
166.918071269989,1514,1514,1047,1514,1024,1024,1024,1514,1514,1514,1514,1514,1514,1514,1514,1514,998,998,43
167.00807857513428,1514,1514,1047,1514,1024,1024,1024,1514,1514,1514,1514,1514,1514,1514,1514,1514,998,998,43
167.10791516304016,1514,1514,1047,1514,1024,1024,1024,1514,1514,1514,1514,1514,1514,1514,1514,1514,998,998,43
167.2073609828949,1514,1514,1047,1514,1024,1024,1024,1514,1514,1514,1514,1514,1514,1514,1514,1514,998,998,43
167.30655360221863,1514,1514,1047,1514,1024,1024,1024,1514,1514,1514,1514,1514,1514,1514,1514,1514,998,998,43
167.40775227546692,1514,1514,1047,1514,1024,1024,1024,1514,1514,1514,1514,1514,1514,1514,1514,1514,998,998,43
167.50838112831116,1514,1514,1047,1514,1024,1024,1024,1514,1514,1514,1514,1514,1514,1514,1514,1514,998,998,43
167.6063675880432,1514,1514,1047,1514,1024,1024,1024,1514,1514,1514,1514,1514,1514,1514,1514,1514,998,998,43
167.70762634277344,1514,1514,1047,1514,1024,1024,1024,1514,1514,1514,1514,1514,1514,1514,1514,1514,998,998,43
167.81027340888977,1514,1514,1047,1514,1024,1024,1024,1514,1514,1514,1514,1514,1514,1514,1514,1514,998,998,43
167.90609049797058,1514,1514,1047,1514,1024,1024,1024,1514,1514,1514,1514,1514,1514,1514,1514,1514,998,998,43
168.01319670677185,1514,1514,1047,1514,1024,1024,1024,1514,1514,1514,1514,1514,1514,1514,1514,1514,998,998,43
168.10763692855835,1514,1514,1047,1514,1024,1024,1024,1514,1514,1514,1514,1514,1514,1514,1514,1514,998,998,43
168.2090709209442,1514,1514,1047,1514,1024,1024,1024,1514,1514,1514,1514,1514,1514,1514,1514,1514,998,998,43
168.30659532546997,1514,1514,1047,1514,1024,1024,1024,1514,1514,1514,1514,1514,1514,1514,1514,1514,998,998,43
168.40789484977722,1514,1514,1047,1514,1024,1024,1024,1514,1514,1514,1514,1514,1514,1514,1514,1514,998,998,43
168.5072145462036,1514,1514,1047,1514,1024,1024,1024,1514,1514,1514,1514,1514,1514,1514,1514,1514,998,998,43
168.60742735862732,1514,1514,1047,1514,1024,1024,1024,1514,1514,1514,1514,1514,1514,1514,1514,1514,998,998,43
168.70704650878906,1514,1514,1047,1514,1024,1024,1024,1514,1514,1514,1514,1514,1514,1514,1514,1514,998,998,43
168.80599784851074,1514,1514,1047,1514,1024,1024,1024,1514,1514,1514,1514,1514,1514,1514,1514,1514,998,998,43
168.90756344795227,1514,1514,1047,1514,1024,1024,1024,1514,1514,1514,1514,1514,1514,1514,1514,1514,998,998,43
169.0072066783905,1514,1514,1047,1514,1024,1024,1024,1514,1514,1514,1514,1514,1514,1514,1514,1514,998,998,43
169.10594534873962,1514,1514,1047,1514,1024,1024,1024,1514,1514,1514,1514,1514,1514,1514,1514,1514,998,998,43
169.20777297019958,1514,1514,1047,1514,1024,1024,1024,1514,1514,1514,1514,1514,1514,1514,1514,1514,998,998,43
169.30741238594055,1514,1514,1047,1514,1024,1024,1024,1514,1514,1514,1514,1514,1514,1514,1514,1514,998,998,43
169.40681648254395,1514,1514,1047,1514,1024,1024,1024,1514,1514,1514,1514,1514,1514,1514,1514,1514,998,998,43
169.5091621875763,1514,1514,1047,1514,1024,1024,1024,1514,1514,1514,1514,1514,1514,1514,1514,1514,998,998,43
169.6096694469452,1514,1514,1047,1514,1024,1024,1024,1514,1514,1514,1514,1514,1514,1514,1514,1514,998,998,43
169.70887637138367,1514,1514,1047,1514,1024,1024,1024,1514,1514,1514,1514,1514,1514,1514,1514,1514,998,998,43
169.8094084262848,1514,1514,1047,1514,1024,1024,1024,1514,1514,1514,1514,1514,1514,1514,1514,1514,998,998,43
169.9115035533905,1514,1514,1047,1514,1024,1024,1024,1514,1514,1514,1514,1514,1514,1514,1514,1514,998,998,43
170.011474609375,1514,1514,1047,1514,1024,1024,1024,1514,1514,1514,1514,1514,1514,1514,1514,1514,998,998,43
170.1114058494568,1514,1514,1047,1514,1024,1024,1024,1514,1514,1514,1514,1514,1514,1514,1514,1514,998,998,43
170.21212148666382,1514,1514,1047,1514,1024,1024,1024,1514,1514,1514,1514,1514,1514,1514,1514,1514,998,998,43
170.31269693374634,1514,1514,1047,1514,1024,1024,1024,1514,1514,1514,1514,1514,1514,1514,1514,1514,998,998,43
170.41231656074524,1514,1514,1047,1514,1024,1024,1024,1514,1514,1514,1514,1514,1514,1514,1514,1514,998,998,43
170.51259660720825,1514,1514,1047,1514,1024,1024,1024,1514,1514,1514,1514,1514,1514,1514,1514,1514,998,998,43
170.61238074302673,1514,1514,1047,1514,1024,1024,1024,1514,1514,1514,1514,1514,1514,1514,1514,1514,998,998,43
170.7141900062561,1514,1514,1047,1514,1024,1024,1024,1514,1514,1514,1514,1514,1514,1514,1514,1514,998,998,43
170.8141005039215,1514,1514,1047,1514,1024,1024,1024,1514,1514,1514,1514,1514,1514,1514,1514,1514,998,998,43
170.91379642486572,1514,1514,1047,1514,1024,1024,1024,1514,1514,1514,1514,1514,1514,1514,1514,1514,998,998,43
171.0158085823059,1514,1514,1047,1514,1024,1024,1024,1514,1514,1514,1514,1514,1514,1514,1514,1514,998,998,43
171.1152331829071,1514,1514,1047,1514,1024,1024,1024,1514,1514,1514,1514,1514,1514,1514,1514,1514,998,998,43
171.218097448349,1514,1514,1047,1514,1024,1024,1024,1514,1514,1514,1514,1514,1514,1514,1514,1514,998,998,43
171.31667304039001,1514,1514,1047,1514,1024,1024,1024,1514,1514,1514,1514,1514,1514,1514,1514,1514,998,998,43
171.4187068939209,1514,1514,1047,1514,1024,1024,1024,1514,1514,1514,1514,1514,1514,1514,1514,1514,998,998,43
171.5161817073822,1514,1514,1047,1514,1024,1024,1024,1514,1514,1514,1514,1514,1514,1514,1514,1514,998,998,43
171.61823272705078,1514,1514,1047,1514,1024,1024,1024,1514,1514,1514,1514,1514,1514,1514,1514,1514,998,998,43
171.71764850616455,1514,1514,1047,1514,1024,1024,1024,1514,1514,1514,1514,1514,1514,1514,1514,1514,998,998,43
171.8249351978302,1514,1514,1047,1514,1024,1024,1024,1514,1514,1514,1514,1514,1514,1514,1514,1514,998,998,43
171.9213423728943,1514,1514,1047,1514,1024,1024,1024,1514,1514,1514,1514,1514,1514,1514,1514,1514,998,998,43
172.01971912384033,1514,1514,1047,1514,1024,1024,1024,1514,1514,1514,1514,1514,1514,1514,1514,1514,998,998,43
172.11920928955078,1514,1514,1047,1514,1024,1024,1024,1514,1514,1514,1514,1514,1514,1514,1514,1514,998,998,43
172.2188663482666,1514,1514,1047,1514,1024,1024,1024,1514,1514,1514,1514,1514,1514,1514,1514,1514,998,998,43
172.32113933563232,1514,1514,1047,1514,1024,1024,1024,1514,1514,1514,1514,1514,1514,1514,1514,1514,998,998,43
172.42069959640503,1514,1514,1047,1514,1024,1024,1024,1514,1514,1514,1514,1514,1514,1514,1514,1514,998,998,43
172.5205147266388,1514,1514,1047,1514,1024,1024,1024,1514,1514,1514,1514,1514,1514,1514,1514,1514,998,998,43
172.62228965759277,1514,1514,1047,1514,1024,1024,1024,1514,1514,1514,1514,1514,1514,1514,1514,1514,998,998,43
172.72295570373535,1514,1514,1047,1514,1024,1024,1024,1514,1514,1514,1514,1514,1514,1514,1514,1514,998,998,43
172.82259607315063,1514,1514,1047,1514,1024,1024,1024,1514,1514,1514,1514,1514,1514,1514,1514,1514,998,998,43
172.92185378074646,1514,1514,1047,1514,1024,1024,1024,1514,1514,1514,1514,1514,1514,1514,1514,1514,998,998,43
173.0285985469818,1514,1514,1047,1514,1024,1024,1024,1514,1514,1514,1514,1514,1514,1514,1514,1514,998,998,43
173.12362575531006,1514,1514,1047,1514,1024,1024,1024,1514,1514,1514,1514,1514,1514,1514,1514,1514,998,998,43
173.2240698337555,1514,1514,1047,1514,1024,1024,1024,1514,1514,1514,1514,1514,1514,1514,1514,1514,998,998,43
173.3242425918579,1514,1514,1047,1514,1024,1024,1024,1514,1514,1514,1514,1514,1514,1514,1514,1514,998,998,43
173.42373299598694,1514,1514,1047,1514,1024,1024,1024,1514,1514,1514,1514,1514,1514,1514,1514,1514,998,998,43
173.52518367767334,1514,1514,1047,1514,1024,1024,1024,1514,1514,1514,1514,1514,1514,1514,1514,1514,998,998,43
173.62537336349487,1514,1514,1047,1514,1024,1024,1024,1514,1514,1514,1514,1514,1514,1514,1514,1514,998,998,43
173.72550702095032,1514,1514,1047,1514,1024,1024,1024,1514,1514,1514,1514,1514,1514,1514,1514,1514,998,998,43
173.82724118232727,1514,1514,1047,1514,1024,1024,1024,1514,1514,1514,1514,1514,1514,1514,1514,1514,998,998,43
173.92704319953918,1514,1514,1047,1514,1024,1024,1024,1514,1514,1514,1514,1514,1514,1514,1514,1514,998,998,43
174.0265815258026,1514,1514,1047,1514,1024,1024,1024,1514,1514,1514,1514,1514,1514,1514,1514,1514,998,998,43
174.12814688682556,1514,1514,1047,1514,1024,1024,1024,1514,1514,1514,1514,1514,1514,1514,1514,1514,998,998,43
174.22853589057922,1514,1514,1047,1514,1024,1024,1024,1514,1514,1514,1514,1514,1514,1514,1514,1514,998,998,43
174.32908034324646,1514,1514,1047,1514,1024,1024,1024,1514,1514,1514,1514,1514,1514,1514,1514,1514,998,998,43
174.4290874004364,1514,1514,1047,1514,1024,1024,1024,1514,1514,1514,1514,1514,1514,1514,1514,1514,998,998,43
174.53148126602173,1514,1514,1047,1514,1024,1024,1024,1514,1514,1514,1514,1514,1514,1514,1514,1514,998,998,43
174.63014364242554,1514,1514,1047,1514,1024,1024,1024,1514,1514,1514,1514,1514,1514,1514,1514,1514,998,998,43
174.72996520996094,1514,1514,1047,1514,1024,1024,1024,1514,1514,1514,1514,1514,1514,1514,1514,1514,998,998,43
174.82988595962524,1514,1514,1047,1514,1024,1024,1024,1514,1514,1514,1514,1514,1514,1514,1514,1514,998,998,43
174.93170762062073,1514,1514,1047,1514,1024,1024,1024,1514,1514,1514,1514,1514,1514,1514,1514,1514,998,998,43
175.0310173034668,1514,1514,1047,1514,1024,1024,1024,1514,1514,1514,1514,1514,1514,1514,1514,1514,998,998,43
175.13065099716187,1514,1514,1047,1514,1024,1024,1024,1514,1514,1514,1514,1514,1514,1514,1514,1514,998,998,43
175.23077964782715,1514,1514,1047,1514,1024,1024,1024,1514,1514,1514,1514,1514,1514,1514,1514,1514,998,998,43
175.33314776420593,1514,1514,1047,1514,1024,1024,1024,1514,1514,1514,1514,1514,1514,1514,1514,1514,998,998,43
175.43275499343872,1514,1514,1047,1514,1024,1024,1024,1514,1514,1514,1514,1514,1514,1514,1514,1514,998,998,43
175.5324215888977,1514,1514,1047,1514,1024,1024,1024,1514,1514,1514,1514,1514,1514,1514,1514,1514,998,998,43
175.63573598861694,1514,1514,1047,1514,1024,1024,1024,1514,1514,1514,1514,1514,1514,1514,1514,1514,998,998,43
175.73572969436646,1514,1514,1047,1514,1024,1024,1024,1514,1514,1514,1514,1514,1514,1514,1514,1514,998,998,43
175.83456659317017,1514,1514,1047,1514,1024,1024,1024,1514,1514,1514,1514,1514,1514,1514,1514,1514,998,998,43
175.93384170532227,1514,1514,1047,1514,1024,1024,1024,1514,1514,1514,1514,1514,1514,1514,1514,1514,998,998,43
176.035395860672,1514,1514,1047,1514,1024,1024,1024,1514,1514,1514,1514,1514,1514,1514,1514,1514,998,998,43
176.13537788391113,1514,1514,1047,1514,1024,1024,1024,1514,1514,1514,1514,1514,1514,1514,1514,1514,998,998,43
176.23467922210693,1514,1514,1047,1514,1024,1024,1024,1514,1514,1514,1514,1514,1514,1514,1514,1514,998,998,43
176.33543944358826,1514,1514,1047,1514,1024,1024,1024,1514,1514,1514,1514,1514,1514,1514,1514,1514,998,998,43
176.4428870677948,1514,1514,1047,1514,1024,1024,1024,1514,1514,1514,1514,1514,1514,1514,1514,1514,998,998,43
176.5366244316101,1514,1514,1047,1514,1024,1024,1024,1514,1514,1514,1514,1514,1514,1514,1514,1514,998,998,43
176.6361403465271,1514,1514,1047,1514,1024,1024,1024,1514,1514,1514,1514,1514,1514,1514,1514,1514,998,998,43
176.73793029785156,1514,1514,1047,1514,1024,1024,1024,1514,1514,1514,1514,1514,1514,1514,1514,1514,998,998,43
176.83852458000183,1514,1514,1047,1514,1024,1024,1024,1514,1514,1514,1514,1514,1514,1514,1514,1514,998,998,43
176.9380943775177,1514,1514,1047,1514,1024,1024,1024,1514,1514,1514,1514,1514,1514,1514,1514,1514,998,998,43
177.03759384155273,1514,1514,1047,1514,1024,1024,1024,1514,1514,1514,1514,1514,1514,1514,1514,1514,998,998,43
177.1395604610443,1514,1514,1047,1514,1024,1024,1024,1514,1514,1514,1514,1514,1514,1514,1514,1514,998,998,43
177.25395560264587,1514,1514,1047,1514,1024,1024,1024,1514,1514,1514,1514,1514,1514,1514,1514,1514,998,998,43
177.33937573432922,1514,1514,1047,1514,1024,1024,1024,1514,1514,1514,1514,1514,1514,1514,1514,1514,998,998,43
177.4397792816162,1514,1514,1047,1514,1024,1024,1024,1514,1514,1514,1514,1514,1514,1514,1514,1514,998,998,43
177.5395221710205,1514,1514,1047,1514,1024,1024,1024,1514,1514,1514,1514,1514,1514,1514,1514,1514,998,998,43
177.6422758102417,1514,1514,1047,1514,1024,1024,1024,1514,1514,1514,1514,1514,1514,1514,1514,1514,998,998,43
177.74076676368713,1514,1514,1047,1514,1024,1024,1024,1514,1514,1514,1514,1514,1514,1514,1514,1514,998,998,43
177.84125638008118,1514,1514,1047,1514,1024,1024,1024,1514,1514,1514,1514,1514,1514,1514,1514,1514,998,998,43
177.94728350639343,1514,1514,1047,1514,1024,1024,1024,1514,1514,1514,1514,1514,1514,1514,1514,1514,998,998,43
178.04216599464417,1514,1514,1047,1514,1024,1024,1024,1514,1514,1514,1514,1514,1514,1514,1514,1514,998,998,43
178.14223980903625,1514,1514,1047,1514,1024,1024,1024,1514,1514,1514,1514,1514,1514,1514,1514,1514,998,998,43
178.2439842224121,1514,1514,1047,1514,1024,1024,1024,1514,1514,1514,1514,1514,1514,1514,1514,1514,998,998,43
178.3443853855133,1514,1514,1047,1514,1024,1024,1024,1514,1514,1514,1514,1514,1514,1514,1514,1514,998,998,43
178.44370365142822,1514,1514,1047,1514,1024,1024,1024,1514,1514,1514,1514,1514,1514,1514,1514,1514,998,998,43
178.54454231262207,1514,1514,1047,1514,1024,1024,1024,1514,1514,1514,1514,1514,1514,1514,1514,1514,998,998,43
178.64253163337708,1514,1514,1047,1514,1024,1024,1024,1514,1514,1514,1514,1514,1514,1514,1514,1514,998,998,43
178.74464964866638,1514,1514,1047,1514,1024,1024,1024,1514,1514,1514,1514,1514,1514,1514,1514,1514,998,998,43
178.84552001953125,1514,1514,1047,1514,1024,1024,1024,1514,1514,1514,1514,1514,1514,1514,1514,1514,998,998,43
178.94533729553223,1514,1514,1047,1514,1024,1024,1024,1514,1514,1514,1514,1514,1514,1514,1514,1514,998,998,43
179.04562997817993,1514,1514,1047,1514,1024,1024,1024,1514,1514,1514,1514,1514,1514,1514,1514,1514,998,998,43
179.1464123725891,1514,1514,1047,1514,1024,1024,1024,1514,1514,1514,1514,1514,1514,1514,1514,1514,998,998,43
179.24589037895203,1514,1514,1047,1514,1024,1024,1024,1514,1514,1514,1514,1514,1514,1514,1514,1514,998,998,43
179.34789967536926,1514,1514,1047,1514,1024,1024,1024,1514,1514,1514,1514,1514,1514,1514,1514,1514,998,998,43
179.44692611694336,1514,1514,1047,1514,1024,1024,1024,1514,1514,1514,1514,1514,1514,1514,1514,1514,998,998,43
179.54773688316345,1514,1514,1047,1514,1024,1024,1024,1514,1514,1514,1514,1514,1514,1514,1514,1514,998,998,43
179.64723587036133,1514,1514,1047,1514,1024,1024,1024,1514,1514,1514,1514,1514,1514,1514,1514,1514,998,998,43
179.747563123703,1514,1514,1047,1514,1024,1024,1024,1514,1514,1514,1514,1514,1514,1514,1514,1514,998,998,43
179.84708523750305,1514,1514,1047,1514,1024,1024,1024,1514,1514,1514,1514,1514,1514,1514,1514,1514,998,998,43
179.94904351234436,1514,1514,1047,1514,1024,1024,1024,1514,1514,1514,1514,1514,1514,1514,1514,1514,998,998,43
180.04999685287476,1514,1514,1047,1514,1024,1024,1024,1514,1514,1514,1514,1514,1514,1514,1514,1514,998,998,43
180.1488902568817,1514,1514,1047,1514,1024,1024,1024,1514,1514,1514,1514,1514,1514,1514,1514,1514,998,998,43
180.24996328353882,1514,1514,1047,1514,1024,1024,1024,1514,1514,1514,1514,1514,1514,1514,1514,1514,998,998,43
180.3498978614807,1514,1514,1047,1514,1024,1024,1024,1514,1514,1514,1514,1514,1514,1514,1514,1514,998,998,43
180.45001983642578,1514,1514,1047,1514,1024,1024,1024,1514,1514,1514,1514,1514,1514,1514,1514,1514,998,998,43
180.54935503005981,1514,1514,1047,1514,1024,1024,1024,1514,1514,1514,1514,1514,1514,1514,1514,1514,998,998,43
180.6514711380005,1514,1514,1047,1514,1024,1024,1024,1514,1514,1514,1514,1514,1514,1514,1514,1514,998,998,43
180.75084257125854,1514,1514,1047,1514,1024,1024,1024,1514,1514,1514,1514,1514,1514,1514,1514,1514,998,998,43
180.85051727294922,1514,1514,1047,1514,1024,1024,1024,1514,1514,1514,1514,1514,1514,1514,1514,1514,998,998,43
180.9528489112854,1514,1514,1047,1514,1024,1024,1024,1514,1514,1514,1514,1514,1514,1514,1514,1514,998,998,43
181.0519995689392,1514,1514,1047,1514,1024,1024,1024,1514,1514,1514,1514,1514,1514,1514,1514,1514,998,998,43
181.1514585018158,1514,1514,1047,1514,1024,1024,1024,1514,1514,1514,1514,1514,1514,1514,1514,1514,998,998,43
181.2534339427948,1514,1514,1047,1514,1024,1024,1024,1514,1514,1514,1514,1514,1514,1514,1514,1514,998,998,43
181.35360145568848,1514,1514,1047,1514,1024,1024,1024,1514,1514,1514,1514,1514,1514,1514,1514,1514,998,998,43
181.45374631881714,1514,1514,1047,1514,1024,1024,1024,1514,1514,1514,1514,1514,1514,1514,1514,1514,998,998,43
181.55325317382812,1514,1514,1047,1514,1024,1024,1024,1514,1514,1514,1514,1514,1514,1514,1514,1514,998,998,43
181.6525583267212,1514,1514,1047,1514,1024,1024,1024,1514,1514,1514,1514,1514,1514,1514,1514,1514,998,998,43
181.75407242774963,1514,1514,1047,1514,1024,1024,1024,1514,1514,1514,1514,1514,1514,1514,1514,1514,998,998,43
181.85536408424377,1514,1514,1047,1514,1024,1024,1024,1514,1514,1514,1514,1514,1514,1514,1514,1514,998,998,43
181.95501494407654,1514,1514,1047,1514,1024,1024,1024,1514,1514,1514,1514,1514,1514,1514,1514,1514,998,998,43
182.05419254302979,1514,1514,1047,1514,1024,1024,1024,1514,1514,1514,1514,1514,1514,1514,1514,1514,998,998,43
182.15610647201538,1514,1514,1047,1514,1024,1024,1024,1514,1514,1514,1514,1514,1514,1514,1514,1514,998,998,43
182.25591850280762,1514,1514,1047,1514,1024,1024,1024,1514,1514,1514,1514,1514,1514,1514,1514,1514,998,998,43
182.35620999336243,1514,1514,1047,1514,1024,1024,1024,1514,1514,1514,1514,1514,1514,1514,1514,1514,998,998,43
182.45690250396729,1514,1514,1047,1514,1024,1024,1024,1514,1514,1514,1514,1514,1514,1514,1514,1514,998,998,43
182.5582013130188,1514,1514,1047,1514,1024,1024,1024,1514,1514,1514,1514,1514,1514,1514,1514,1514,998,998,43
182.6567952632904,1514,1514,1047,1514,1024,1024,1024,1514,1514,1514,1514,1514,1514,1514,1514,1514,998,998,43
182.75621962547302,1514,1514,1047,1514,1024,1024,1024,1514,1514,1514,1514,1514,1514,1514,1514,1514,998,998,43
182.8601746559143,1514,1514,1047,1514,1024,1024,1024,1514,1514,1514,1514,1514,1514,1514,1514,1514,998,998,43
182.95791745185852,1514,1514,1047,1514,1024,1024,1024,1514,1514,1514,1514,1514,1514,1514,1514,1514,998,998,43
183.05701804161072,1514,1514,1047,1514,1024,1024,1024,1514,1514,1514,1514,1514,1514,1514,1514,1514,998,998,43
183.15718579292297,1514,1514,1047,1514,1024,1024,1024,1514,1514,1514,1514,1514,1514,1514,1514,1514,998,998,43
183.25897550582886,1514,1514,1047,1514,1024,1024,1024,1514,1514,1514,1514,1514,1514,1514,1514,1514,998,998,43
183.35860085487366,1514,1514,1047,1514,1024,1024,1024,1514,1514,1514,1514,1514,1514,1514,1514,1514,998,998,43
183.45905709266663,1514,1514,1047,1514,1024,1024,1024,1514,1514,1514,1514,1514,1514,1514,1514,1514,998,998,43
183.55984163284302,1514,1514,1047,1514,1024,1024,1024,1514,1514,1514,1514,1514,1514,1514,1514,1514,998,998,43
183.65901446342468,1514,1514,1047,1514,1024,1024,1024,1514,1514,1514,1514,1514,1514,1514,1514,1514,998,998,43
183.75856280326843,1514,1514,1047,1514,1024,1024,1024,1514,1514,1514,1514,1514,1514,1514,1514,1514,998,998,43
183.8690550327301,1514,1514,1047,1514,1024,1024,1024,1514,1514,1514,1514,1514,1514,1514,1514,1514,998,998,43
183.9614384174347,1514,1514,1047,1514,1024,1024,1024,1514,1514,1514,1514,1514,1514,1514,1514,1514,998,998,43
184.06145596504211,1514,1514,1047,1514,1024,1024,1024,1514,1514,1514,1514,1514,1514,1514,1514,1514,998,998,43
184.16105246543884,1514,1514,1047,1514,1024,1024,1024,1514,1514,1514,1514,1514,1514,1514,1514,1514,998,998,43
184.26231265068054,1514,1514,1047,1514,1024,1024,1024,1514,1514,1514,1514,1514,1514,1514,1514,1514,998,998,43
184.36208415031433,1514,1514,1047,1514,1024,1024,1024,1514,1514,1514,1514,1514,1514,1514,1514,1514,998,998,43
184.4629864692688,1514,1514,1047,1514,1024,1024,1024,1514,1514,1514,1514,1514,1514,1514,1514,1514,998,998,43
184.5625023841858,1514,1514,1047,1514,1024,1024,1024,1514,1514,1514,1514,1514,1514,1514,1514,1514,998,998,43
184.66197967529297,1514,1514,1047,1514,1024,1024,1024,1514,1514,1514,1514,1514,1514,1514,1514,1514,998,998,43
184.76161313056946,1514,1514,1047,1514,1024,1024,1024,1514,1514,1514,1514,1514,1514,1514,1514,1514,998,998,43
184.86401629447937,1514,1514,1047,1514,1024,1024,1024,1514,1514,1514,1514,1514,1514,1514,1514,1514,998,998,43
184.9632499217987,1514,1514,1047,1514,1024,1024,1024,1514,1514,1514,1514,1514,1514,1514,1514,1514,998,998,43
185.06262254714966,1514,1514,1047,1514,1024,1024,1024,1514,1514,1514,1514,1514,1514,1514,1514,1514,998,998,43
185.164705991745,1514,1514,1047,1514,1024,1024,1024,1514,1514,1514,1514,1514,1514,1514,1514,1514,998,998,43
185.26337885856628,1514,1514,1047,1514,1024,1024,1024,1514,1514,1514,1514,1514,1514,1514,1514,1514,998,998,43
185.36563277244568,1514,1514,1047,1514,1024,1024,1024,1514,1514,1514,1514,1514,1514,1514,1514,1514,998,998,43
185.46532082557678,1514,1514,1047,1514,1024,1024,1024,1514,1514,1514,1514,1514,1514,1514,1514,1514,998,998,43
185.56562447547913,1514,1514,1047,1514,1024,1024,1024,1514,1514,1514,1514,1514,1514,1514,1514,1514,998,998,43
185.67129564285278,1514,1514,1047,1514,1024,1024,1024,1514,1514,1514,1514,1514,1514,1514,1514,1514,998,998,43
185.76427602767944,1514,1514,1047,1514,1024,1024,1024,1514,1514,1514,1514,1514,1514,1514,1514,1514,998,998,43
185.8677487373352,1514,1514,1047,1514,1024,1024,1024,1514,1514,1514,1514,1514,1514,1514,1514,1514,998,998,43
185.96650791168213,1514,1514,1047,1514,1024,1024,1024,1514,1514,1514,1514,1514,1514,1514,1514,1514,998,998,43
186.0678026676178,1514,1514,1047,1514,1024,1024,1024,1514,1514,1514,1514,1514,1514,1514,1514,1514,998,998,43
186.16683268547058,1514,1514,1047,1514,1024,1024,1024,1514,1514,1514,1514,1514,1514,1514,1514,1514,998,998,43
186.26628184318542,1514,1514,1047,1514,1024,1024,1024,1514,1514,1514,1514,1514,1514,1514,1514,1514,998,998,43
186.3670666217804,1514,1514,1047,1514,1024,1024,1024,1514,1514,1514,1514,1514,1514,1514,1514,1514,998,998,43
186.4686677455902,1514,1514,1047,1514,1024,1024,1024,1514,1514,1514,1514,1514,1514,1514,1514,1514,998,998,43
186.56840062141418,1514,1514,1047,1514,1024,1024,1024,1514,1514,1514,1514,1514,1514,1514,1514,1514,998,998,43
186.667498588562,1514,1514,1047,1514,1024,1024,1024,1514,1514,1514,1514,1514,1514,1514,1514,1514,998,998,43
186.76947045326233,1514,1514,1050,1514,1024,2003,1024,1514,1514,1514,1514,1514,1514,1514,1514,1514,998,998,43
186.87021160125732,1514,1514,1048,1514,1024,2003,1024,1514,1514,1514,1514,1514,1514,1514,1514,1514,998,998,43
186.96905541419983,1514,1514,1048,1514,1024,2003,1024,1514,1514,1514,1514,1514,1514,1514,1514,1514,998,998,43
187.0702064037323,1514,1514,1048,1514,1024,2003,1024,1514,1514,1514,1514,1514,1514,1514,1514,1514,998,998,43
187.16963291168213,1514,1514,1048,1514,1024,2003,1024,1514,1514,1514,1514,1514,1514,1514,1514,1514,998,998,43
187.26903820037842,1514,1514,1048,1514,1024,2003,1024,1514,1514,1514,1514,1514,1514,1514,1514,1514,998,998,43
187.37125992774963,1514,1514,1047,1514,1024,2003,1024,1514,1514,1514,1514,1514,1514,1514,1514,1514,998,998,43
187.4712450504303,1514,1514,1048,1514,1024,2003,1024,1514,1514,1514,1514,1514,1514,1514,1514,1514,998,998,43
187.57087874412537,1514,1514,1047,1514,1024,2003,1024,1514,1514,1514,1514,1514,1514,1514,1514,1514,998,998,43
187.670640707016,1514,1514,1047,1514,1024,2003,1024,1514,1514,1514,1514,1514,1514,1514,1514,1514,998,998,43
187.7721152305603,1514,1514,1047,1514,1024,2003,1024,1514,1514,1514,1514,1514,1514,1514,1514,1514,998,998,43
187.87294268608093,1514,1514,1047,1514,1024,2003,1024,1514,1514,1514,1514,1514,1514,1514,1514,1514,998,998,43
187.97177577018738,1514,1514,1048,1514,1024,2003,1024,1514,1514,1514,1514,1514,1514,1514,1514,1514,998,998,43
188.07123446464539,1514,1514,1048,1514,1024,2003,1024,1514,1514,1514,1514,1514,1514,1514,1514,1514,998,998,43
188.17517924308777,1514,1514,1050,1514,1024,2003,1024,1514,1514,1514,1514,1514,1514,1514,1514,1514,998,998,43
188.27268171310425,1514,1514,1050,1514,1024,2003,1024,1514,1514,1514,1514,1514,1514,1514,1514,1514,998,998,43
188.37218952178955,1514,1514,1048,1514,1024,2003,1024,1514,1514,1514,1514,1514,1514,1514,1514,1514,998,998,43
188.47378015518188,1514,1514,1050,1514,1024,2003,1024,1514,1514,1514,1514,1514,1514,1514,1514,1514,998,998,43
188.57329726219177,1514,1514,1057,1514,1024,2003,1024,1514,1514,1514,1514,1514,1514,1514,1514,1514,998,998,43
188.67299938201904,1514,1514,1058,1514,1024,2003,1024,1514,1514,1514,1514,1514,1514,1514,1514,1514,998,998,43
188.7724781036377,1514,1514,1069,1514,1024,2003,1024,1514,1514,1514,1514,1514,1514,1514,1514,1514,998,998,43
188.8745129108429,1514,1514,1082,1514,1024,2003,1024,1514,1514,1514,1514,1514,1514,1514,1514,1514,998,998,43
188.9738049507141,1514,1514,1097,1514,1024,2003,1024,1514,1514,1514,1514,1514,1514,1514,1514,1514,998,998,43
189.07570385932922,1514,1514,1119,1514,1024,2003,1024,1514,1514,1514,1514,1514,1514,1514,1514,1514,998,998,43
189.17527842521667,1514,1514,1138,1514,1024,2003,1024,1514,1514,1514,1514,1514,1514,1514,1514,1514,998,998,43
189.27561473846436,1514,1514,1167,1514,1024,2003,1024,1514,1514,1514,1514,1514,1514,1514,1514,1514,998,998,43
189.37524127960205,1514,1514,1177,1514,1024,2003,1024,1514,1514,1514,1514,1514,1514,1514,1514,1514,998,998,43
189.4763469696045,1514,1514,1198,1514,1024,2003,1024,1514,1514,1514,1514,1514,1514,1514,1514,1514,998,998,43
189.576030254364,1514,1514,1215,1514,1024,2003,1024,1514,1514,1514,1514,1514,1514,1514,1514,1514,998,998,43
189.67555785179138,1514,1514,1218,1514,1024,2003,1024,1514,1514,1514,1514,1514,1514,1514,1514,1514,998,998,43
189.77808785438538,1514,1514,1222,1514,1024,2003,1024,1514,1514,1514,1514,1514,1514,1514,1514,1514,998,998,43
189.87709307670593,1514,1514,1223,1514,1024,2003,1024,1514,1514,1514,1514,1514,1514,1514,1514,1514,998,998,43
189.97664523124695,1514,1514,1227,1514,1024,2003,1024,1514,1514,1514,1514,1514,1514,1514,1514,1514,998,998,43
190.07647800445557,1514,1514,1235,1514,1024,2003,1024,1514,1514,1514,1514,1514,1514,1514,1514,1514,998,998,43
190.1781289577484,1514,1514,1267,1514,1024,2003,1024,1514,1514,1514,1514,1514,1514,1514,1514,1514,998,998,43
190.28202080726624,1514,1514,1290,1514,1024,2003,1024,1514,1514,1514,1514,1514,1514,1514,1514,1514,998,998,43
190.37809085845947,1514,1514,1307,1514,1024,2003,1024,1514,1514,1514,1514,1514,1514,1514,1514,1514,998,998,43
190.47909879684448,1514,1514,1323,1514,1024,2003,1024,1514,1514,1514,1514,1514,1514,1514,1514,1514,998,998,43
190.57949352264404,1514,1514,1326,1514,1024,2003,1024,1514,1514,1514,1514,1514,1514,1514,1514,1514,998,998,43
190.6784746646881,1514,1514,1326,1514,1024,2003,1024,1514,1514,1514,1514,1514,1514,1514,1514,1514,998,998,43
190.78154277801514,1514,1514,1326,1514,1024,2003,1024,1514,1514,1514,1514,1514,1514,1514,1514,1514,998,998,43
190.88007807731628,1514,1514,1326,1514,1024,2003,1024,1514,1514,1514,1514,1514,1514,1514,1514,1514,998,998,43
190.979905128479,1514,1514,1331,1514,1024,2003,1024,1514,1514,1514,1514,1514,1514,1514,1514,1514,998,998,43
191.07896423339844,1514,1514,1335,1514,1024,2003,1024,1514,1514,1514,1514,1514,1514,1514,1514,1514,998,998,43
191.1788945198059,1514,1514,1337,1514,1024,2003,1024,1514,1514,1514,1514,1514,1514,1514,1514,1514,998,998,43
191.2807970046997,1514,1514,1340,1514,1024,2003,1024,1514,1514,1514,1514,1514,1514,1514,1514,1514,998,998,43
191.38049793243408,1514,1514,1347,1514,1024,2003,1024,1514,1514,1514,1514,1514,1514,1514,1514,1514,998,998,43
191.4818892478943,1514,1514,1356,1514,1024,2003,1024,1514,1514,1514,1514,1514,1514,1514,1514,1514,998,998,43
191.5878415107727,1514,1514,1359,1514,1024,2003,1024,1514,1514,1514,1514,1514,1514,1514,1514,1514,998,998,43
191.68177199363708,1514,1514,1363,1514,1024,2003,1024,1514,1514,1514,1514,1514,1514,1514,1514,1514,998,998,43
191.78121089935303,1514,1514,1373,1514,1024,2003,1024,1514,1514,1514,1514,1514,1514,1514,1514,1514,998,998,43
191.88053727149963,1514,1514,1372,1514,1024,2003,1024,1514,1514,1514,1514,1514,1514,1514,1514,1514,998,998,43
191.9825689792633,1514,1514,1357,1514,1024,2003,1024,1514,1514,1514,1514,1514,1514,1514,1514,1514,998,998,43
192.08335065841675,1514,1514,1356,1514,1024,2003,1024,1514,1514,1514,1514,1514,1514,1514,1514,1514,998,998,43
192.18285274505615,1514,1514,1347,1514,1024,2003,1024,1514,1514,1514,1514,1514,1514,1514,1514,1514,998,998,43
192.28132939338684,1514,1514,1332,1514,1024,2003,1024,1514,1514,1514,1514,1514,1514,1514,1514,1514,998,998,43
192.38205313682556,1514,1514,1278,1514,1024,2003,1024,1514,1514,1514,1514,1514,1514,1514,1514,1514,998,998,43
192.48353910446167,1514,1514,1260,1514,1024,2003,1024,1514,1514,1514,1514,1514,1514,1514,1514,1514,998,998,43
192.5835886001587,1514,1514,1250,1514,1024,2003,1024,1514,1514,1514,1514,1514,1514,1514,1514,1514,998,998,43
192.68215990066528,1514,1514,1242,1514,1024,2003,1024,1514,1514,1514,1514,1514,1514,1514,1514,1514,998,998,43
192.78419280052185,1514,1514,1236,1514,1024,2003,1024,1514,1514,1514,1514,1514,1514,1514,1514,1514,998,998,43
192.8838758468628,1514,1514,1238,1514,1024,2003,1024,1514,1514,1514,1514,1514,1514,1514,1514,1514,998,998,43
192.98311853408813,1505,1514,1253,1514,1024,2003,1024,1514,1514,1514,1514,1514,1514,1514,1514,1514,998,998,43
193.08325672149658,1428,1514,1254,1514,1024,2003,1024,1514,1514,1514,1514,1514,1514,1514,1514,1514,998,998,43
193.18511867523193,1385,1514,1257,1514,1024,2003,1024,1514,1514,1514,1514,1514,1514,1514,1514,1514,998,998,43
193.28453731536865,1383,1514,1257,1514,1024,2003,1024,1514,1514,1514,1514,1514,1514,1514,1514,1514,998,998,43
193.38457775115967,1514,1514,1258,1514,1024,2003,1024,1514,1514,1514,1514,1514,1514,1514,1514,1514,998,998,43
193.48630380630493,1514,1514,1260,1514,1024,2003,1024,1514,1514,1514,1514,1514,1514,1514,1514,1514,998,998,43
193.5855417251587,1514,1514,1287,1514,1024,2003,1024,1514,1514,1514,1514,1514,1514,1514,1514,1514,998,998,43
193.68466091156006,1514,1514,1305,1514,1024,2003,1024,1514,1514,1514,1514,1514,1514,1514,1514,1514,998,998,43
193.78640389442444,1514,1514,1317,1514,1024,2003,1024,1514,1514,1514,1514,1514,1514,1514,1514,1514,998,998,43
193.88575887680054,1514,1514,1328,1514,1024,2003,1024,1514,1514,1514,1514,1514,1514,1514,1514,1514,998,998,43
193.98550701141357,1514,1514,1333,1514,1024,2003,1024,1514,1514,1514,1514,1514,1514,1514,1514,1514,998,998,43
194.08709001541138,1514,1514,1367,1514,1024,2003,1024,1514,1514,1514,1514,1514,1514,1514,1514,1514,998,998,43
194.1888406276703,1514,1514,1380,1514,1024,2003,1024,1514,1514,1514,1514,1514,1514,1514,1514,1514,998,998,43
194.2859947681427,1514,1514,1383,1514,1024,2003,1024,1514,1514,1514,1514,1514,1514,1514,1514,1514,998,998,43
194.3880479335785,1514,1514,1357,1514,1024,2003,1024,1514,1514,1514,1514,1514,1514,1514,1514,1514,998,998,43
194.48747205734253,1514,1514,1298,1514,1024,2003,1024,1514,1514,1514,1514,1514,1514,1514,1514,1514,998,998,43
194.58663868904114,1514,1514,1223,1514,1024,2003,1024,1514,1514,1514,1514,1514,1514,1514,1514,1514,998,998,43
194.6885108947754,1514,1514,1087,1514,1024,2003,1024,1514,1514,1514,1514,1514,1514,1514,1514,1514,998,998,43
194.78793692588806,1514,1514,1065,1514,1024,2003,1024,1514,1514,1514,1514,1514,1514,1514,1514,1514,998,998,43
194.8876371383667,1514,1514,1047,1514,1024,2003,1024,1514,1514,1514,1514,1514,1514,1514,1514,1514,998,998,43
194.98966670036316,1514,1514,1050,1514,1024,2003,1024,1514,1514,1514,1514,1514,1514,1514,1514,1514,998,998,43
195.0887463092804,1514,1514,1048,1514,1024,2003,1024,1514,1514,1514,1514,1514,1514,1514,1514,1514,998,998,43
195.1890742778778,1514,1514,1052,1514,1024,1024,1024,1514,1514,1514,1514,1514,1514,1514,1514,1514,998,998,43
195.2880368232727,1514,1514,1052,1514,1024,1024,1024,1514,1514,1514,1514,1514,1514,1514,1514,1514,998,998,43
195.39003777503967,1514,1514,1050,1514,1024,1024,1024,1514,1514,1514,1514,1514,1514,1514,1514,1514,998,998,43
195.49353742599487,1514,1514,1050,1514,1024,1024,1024,1514,1514,1514,1514,1514,1514,1514,1514,1514,998,998,43
195.58971738815308,1514,1514,1048,1514,1024,1024,1024,1514,1514,1514,1514,1514,1514,1514,1514,1514,998,998,43
195.68896746635437,1514,1514,1046,1514,1024,1024,1024,1514,1514,1514,1514,1514,1514,1514,1514,1514,998,998,43
195.79082012176514,1514,1514,1050,1514,1024,1024,1024,1514,1514,1514,1514,1514,1514,1514,1514,1514,998,998,43
195.89009928703308,1514,1514,1048,1514,1024,1024,1024,1514,1514,1514,1514,1514,1514,1514,1514,1514,998,998,43
195.9896900653839,1514,1514,1048,1514,1024,1024,1024,1514,1514,1514,1514,1514,1514,1514,1514,1514,998,998,43
196.09176421165466,1514,1514,1048,1514,1024,1024,1024,1514,1514,1514,1514,1514,1514,1514,1514,1514,998,998,43
196.19146013259888,1514,1514,1048,1514,1024,1024,1024,1514,1514,1514,1514,1514,1514,1514,1514,1514,998,998,43
196.29008150100708,1514,1514,1048,1514,1024,1024,1024,1514,1514,1514,1514,1514,1514,1514,1514,1514,998,998,43
196.39233875274658,1514,1514,1048,1514,1024,1024,1024,1514,1514,1514,1514,1514,1514,1514,1514,1514,998,998,43
196.49174571037292,1514,1514,1048,1514,1024,1024,1024,1514,1514,1514,1514,1514,1514,1514,1514,1514,998,998,43
196.59106135368347,1514,1514,1048,1514,1024,1024,1024,1514,1514,1514,1514,1514,1514,1514,1514,1514,998,998,43
196.69153881072998,1514,1514,1048,1514,1024,1024,1024,1514,1514,1514,1514,1514,1514,1514,1514,1514,998,998,43
196.7928147315979,1514,1514,1048,1514,1024,1024,1024,1514,1514,1514,1514,1514,1514,1514,1514,1514,998,998,43
196.89232921600342,1514,1514,1048,1514,1024,1024,1024,1514,1514,1514,1514,1514,1514,1514,1514,1514,998,998,43
196.99196887016296,1514,1514,1048,1514,1024,1024,1024,1514,1514,1514,1514,1514,1514,1514,1514,1514,998,998,43
197.09353160858154,1514,1514,1047,1514,1024,1024,1024,1514,1514,1514,1514,1514,1514,1514,1514,1514,998,998,43
197.19473695755005,1514,1514,1047,1514,1024,1024,1024,1514,1514,1514,1514,1514,1514,1514,1514,1514,998,998,43
197.29399752616882,1514,1514,1047,1514,1024,1024,1024,1514,1514,1514,1514,1514,1514,1514,1514,1514,998,998,43
197.39371514320374,1514,1514,1047,1514,1024,1024,1024,1514,1514,1514,1514,1514,1514,1514,1514,1514,998,998,43
197.49260687828064,1514,1514,1048,1514,1024,1024,1024,1514,1514,1514,1514,1514,1514,1514,1514,1514,998,998,43
197.5949363708496,1514,1514,1048,1514,1024,1024,1024,1514,1514,1514,1514,1514,1514,1514,1514,1514,998,998,43
197.6938865184784,1514,1514,1048,1514,1024,1024,1024,1514,1514,1514,1514,1514,1514,1514,1514,1514,998,998,43
197.7946972846985,1514,1514,1047,1514,1024,1024,1024,1514,1514,1514,1514,1514,1514,1514,1514,1514,998,998,43
197.89504170417786,1514,1514,1047,1514,1024,1024,1024,1514,1514,1514,1514,1514,1514,1514,1514,1514,998,998,43
197.99481987953186,1514,1514,1048,1514,1024,1024,1024,1514,1514,1514,1514,1514,1514,1514,1514,1514,998,998,43
198.09403324127197,1514,1514,1048,1514,1024,1024,1024,1514,1514,1514,1514,1514,1514,1514,1514,1514,998,998,43
198.19562363624573,1514,1514,1048,1514,1024,1024,1024,1514,1514,1514,1514,1514,1514,1514,1514,1514,998,998,43
198.29585933685303,1514,1514,1048,1514,1024,1024,1024,1514,1514,1514,1514,1514,1514,1514,1514,1514,998,998,43
198.39524865150452,1514,1514,1048,1514,1024,1024,1024,1514,1514,1514,1514,1514,1514,1514,1514,1514,998,998,43
198.49468111991882,1514,1514,1048,1514,1024,1024,1024,1514,1514,1514,1514,1514,1514,1514,1514,1514,998,998,43
198.60140442848206,1514,1514,1048,1514,1024,1024,1024,1514,1514,1514,1514,1514,1514,1514,1514,1514,998,998,43
198.69593954086304,1514,1514,1048,1514,1024,1024,1024,1514,1514,1514,1514,1514,1514,1514,1514,1514,998,998,43
198.79709911346436,1514,1514,1048,1514,1024,1024,1024,1514,1514,1514,1514,1514,1514,1514,1514,1514,998,998,43
198.89634132385254,1514,1514,1048,1514,1024,1024,1024,1514,1514,1514,1514,1514,1514,1514,1514,1514,998,998,43
198.9957036972046,1514,1514,1048,1514,1024,1024,1024,1514,1514,1514,1514,1514,1514,1514,1514,1514,998,998,43
199.09944939613342,1514,1514,1048,1514,1024,1024,1024,1514,1514,1514,1514,1514,1514,1514,1514,1514,998,998,43
199.19687724113464,1514,1514,1048,1514,1024,1024,1024,1514,1514,1514,1514,1514,1514,1514,1514,1514,998,998,43
199.296226978302,1514,1514,1048,1514,1024,1024,1024,1514,1514,1514,1514,1514,1514,1514,1514,1514,998,998,43
199.39793229103088,1514,1514,1048,1514,1024,1024,1024,1514,1514,1514,1514,1514,1514,1514,1514,1514,998,998,43
199.4973487854004,1514,1514,1058,1514,1024,1024,1024,1514,1514,1514,1514,1514,1514,1514,1514,1514,998,998,43
199.5967538356781,1514,1514,1053,1514,1024,1024,1024,1514,1514,1514,1514,1514,1514,1514,1514,1514,998,998,43
199.70502948760986,1514,1514,1055,1514,1024,1024,1024,1514,1514,1514,1514,1514,1514,1514,1514,1514,998,998,43
199.7973792552948,1514,1514,1057,1514,1024,1024,1024,1514,1514,1514,1514,1514,1514,1514,1514,1514,998,998,43
199.89906215667725,1514,1514,1053,1514,1024,1024,1024,1514,1514,1514,1514,1514,1514,1514,1514,1514,998,998,43
199.99921369552612,1514,1514,1053,1514,1024,1024,1024,1514,1514,1514,1514,1514,1514,1514,1514,1514,998,998,43
200.09762334823608,1514,1514,1053,1514,1024,1024,1024,1514,1514,1514,1514,1514,1514,1514,1514,1514,998,998,43
200.19990634918213,1514,1514,1053,1514,1024,1024,1024,1514,1514,1514,1514,1514,1514,1514,1514,1514,998,998,43
200.29882645606995,1514,1514,1053,1514,1024,1024,1024,1514,1514,1514,1514,1514,1514,1514,1514,1514,998,998,43
200.39841270446777,1514,1514,1053,1514,1024,1024,1024,1514,1514,1514,1514,1514,1514,1514,1514,1514,998,998,43
200.50009393692017,1514,1514,1053,1514,1024,1024,1024,1514,1514,1514,1514,1514,1514,1514,1514,1514,998,998,43
200.5994040966034,1514,1514,1053,1514,1024,1024,1024,1514,1514,1514,1514,1514,1514,1514,1514,1514,998,998,43
200.6986939907074,1514,1514,1053,1514,1024,1024,1024,1514,1514,1514,1514,1514,1514,1514,1514,1514,998,998,43
200.79981398582458,1514,1514,1053,1514,1024,1024,1024,1514,1514,1514,1514,1514,1514,1514,1514,1514,998,998,43
200.90078973770142,1514,1514,1053,1514,1024,1024,1024,1514,1514,1514,1514,1514,1514,1514,1514,1514,998,998,43
201.00056862831116,1514,1514,1053,1514,1024,1024,1024,1514,1514,1514,1514,1514,1514,1514,1514,1514,998,998,43
201.10059142112732,1514,1514,1053,1514,1024,1024,1024,1514,1514,1514,1514,1514,1514,1514,1514,1514,998,998,43
201.2013223171234,1514,1514,1053,1514,1024,1024,1024,1514,1514,1514,1514,1514,1514,1514,1514,1514,998,998,43
201.30220794677734,1514,1514,1053,1514,1024,1024,1024,1514,1514,1514,1514,1514,1514,1514,1514,1514,998,998,43
201.40095448493958,1514,1514,1053,1514,1024,1024,1024,1514,1514,1514,1514,1514,1514,1514,1514,1514,998,998,43
201.5003719329834,1514,1514,1053,1514,1024,1024,1024,1514,1514,1514,1514,1514,1514,1514,1514,1514,998,998,43
201.60216665267944,1514,1514,1053,1514,1024,1024,1024,1514,1514,1514,1514,1514,1514,1514,1514,1514,998,998,43
201.70138502120972,1514,1514,1053,1514,1024,1024,1024,1514,1514,1514,1514,1514,1514,1514,1514,1514,998,998,43
201.80089902877808,1514,1514,1053,1514,1024,1024,1024,1514,1514,1514,1514,1514,1514,1514,1514,1514,998,998,43
201.90259528160095,1514,1514,1053,1514,1024,1024,1024,1514,1514,1514,1514,1514,1514,1514,1514,1514,998,998,43
202.00295424461365,1514,1514,1053,1514,1024,1024,1024,1514,1514,1514,1514,1514,1514,1514,1514,1514,998,998,43
202.10226368904114,1514,1514,1053,1514,1024,1024,1024,1514,1514,1514,1514,1514,1514,1514,1514,1514,998,998,43
202.2014708518982,1514,1514,1053,1514,1024,1024,1024,1514,1514,1514,1514,1514,1514,1514,1514,1514,998,998,43
202.3031713962555,1514,1514,1053,1514,1024,1024,1024,1514,1514,1514,1514,1514,1514,1514,1514,1514,998,998,43
202.40268182754517,1514,1514,1053,1514,1024,1024,1024,1514,1514,1514,1514,1514,1514,1514,1514,1514,998,998,43
202.50302052497864,1514,1514,1053,1514,1024,1024,1024,1514,1514,1514,1514,1514,1514,1514,1514,1514,998,998,43
202.60250568389893,1514,1514,1053,1514,1024,1024,1024,1514,1514,1514,1514,1514,1514,1514,1514,1514,998,998,43
202.70396375656128,1514,1514,1053,1514,1024,1024,1024,1514,1514,1514,1514,1514,1514,1514,1514,1514,998,998,43
202.8034086227417,1514,1514,1053,1514,1024,1024,1024,1514,1514,1514,1514,1514,1514,1514,1514,1514,998,998,43
202.90320754051208,1514,1514,1053,1514,1024,1024,1024,1514,1514,1514,1514,1514,1514,1514,1514,1514,998,998,43
203.0047287940979,1514,1514,1053,1514,1024,1024,1024,1514,1514,1514,1514,1514,1514,1514,1514,1514,998,998,43
203.1039481163025,1514,1514,1053,1514,1024,1024,1024,1514,1514,1514,1514,1514,1514,1514,1514,1514,998,998,43
203.20423340797424,1514,1514,1053,1514,1024,1024,1024,1514,1514,1514,1514,1514,1514,1514,1514,1514,998,998,43
203.30334067344666,1514,1514,1053,1514,1024,1024,1024,1514,1514,1514,1514,1514,1514,1514,1514,1514,998,998,43
203.40541195869446,1514,1514,1053,1514,1024,1024,1024,1514,1514,1514,1514,1514,1514,1514,1514,1514,998,998,43
203.50594329833984,1514,1514,1053,1514,1024,1024,1024,1514,1514,1514,1514,1514,1514,1514,1514,1514,998,998,43
203.6039047241211,1514,1514,1053,1514,1024,1024,1024,1514,1514,1514,1514,1514,1514,1514,1514,1514,998,998,43
203.7067358493805,1514,1514,1053,1514,1024,1024,1024,1514,1514,1514,1514,1514,1514,1514,1514,1514,998,998,43
203.8054130077362,1514,1514,1053,1514,1024,1024,1024,1514,1514,1514,1514,1514,1514,1514,1514,1514,998,998,43
203.90516591072083,1514,1514,1053,1514,1024,1024,1024,1514,1514,1514,1514,1514,1514,1514,1514,1514,998,998,43
204.00483465194702,1514,1514,1053,1514,1024,1024,1024,1514,1514,1514,1514,1514,1514,1514,1514,1514,998,998,43
204.10638666152954,1514,1514,1053,1514,1024,1024,1024,1514,1514,1514,1514,1514,1514,1514,1514,1514,998,998,43
204.20596981048584,1514,1514,1053,1514,1024,1024,1024,1514,1514,1514,1514,1514,1514,1514,1514,1514,998,998,43
204.3050398826599,1514,1514,1053,1514,1024,1024,1024,1514,1514,1514,1514,1514,1514,1514,1514,1514,998,998,43
204.40682411193848,1514,1514,1053,1514,1024,1024,1024,1514,1514,1514,1514,1514,1514,1514,1514,1514,998,998,43
204.50623202323914,1514,1514,1053,1514,1024,1024,1024,1514,1514,1514,1514,1514,1514,1514,1514,1514,998,998,43
204.6058475971222,1514,1514,1053,1514,1024,1024,1024,1514,1514,1514,1514,1514,1514,1514,1514,1514,998,998,43
204.7073941230774,1514,1514,1053,1514,1024,1024,1024,1514,1514,1514,1514,1514,1514,1514,1514,1514,998,998,43
204.8070559501648,1514,1514,1053,1514,1024,1024,1024,1514,1514,1514,1514,1514,1514,1514,1514,1514,998,998,43
204.9069309234619,1514,1514,1053,1514,1024,1024,1024,1514,1514,1514,1514,1514,1514,1514,1514,1514,998,998,43
205.00623536109924,1514,1514,1053,1514,1024,1024,1024,1514,1514,1514,1514,1514,1514,1514,1514,1514,998,998,43
205.10812282562256,1514,1514,1053,1514,1024,1024,1024,1514,1514,1514,1514,1514,1514,1514,1514,1514,998,998,43
205.20984935760498,1514,1514,1053,1514,1024,1024,1024,1514,1514,1514,1514,1514,1514,1514,1514,1514,998,998,43
205.30732607841492,1514,1514,1053,1514,1024,1024,1024,1514,1514,1514,1514,1514,1514,1514,1514,1514,998,998,43
205.40758061408997,1514,1514,1053,1514,1024,1024,1024,1514,1514,1514,1514,1514,1514,1514,1514,1514,998,998,43
205.50882816314697,1514,1514,1053,1514,1024,1024,1024,1514,1514,1514,1514,1514,1514,1514,1514,1514,998,998,43
205.60801005363464,1514,1514,1053,1514,1024,1024,1024,1514,1514,1514,1514,1514,1514,1514,1514,1514,998,998,43
205.70727109909058,1514,1514,1053,1514,1024,1024,1024,1514,1514,1514,1514,1514,1514,1514,1514,1514,998,998,43
205.80968284606934,1514,1514,1053,1514,1024,1024,1024,1514,1514,1514,1514,1514,1514,1514,1514,1514,998,998,43
205.90952920913696,1514,1514,1053,1514,1024,1024,1024,1514,1514,1514,1514,1514,1514,1514,1514,1514,998,998,43
206.00907373428345,1514,1514,1053,1514,1024,1024,1024,1514,1514,1514,1514,1514,1514,1514,1514,1514,998,998,43
206.10786938667297,1514,1514,1053,1514,1024,1024,1024,1514,1514,1514,1514,1514,1514,1514,1514,1514,998,998,43
206.20998096466064,1514,1514,1053,1514,1024,1024,1024,1514,1514,1514,1514,1514,1514,1514,1514,1514,998,998,43
206.3093762397766,1514,1514,1053,1514,1024,1024,1024,1514,1514,1514,1514,1514,1514,1514,1514,1514,998,998,43
206.40992522239685,1514,1514,1053,1514,1024,1024,1024,1514,1514,1514,1514,1514,1514,1514,1514,1514,998,998,43
206.50933480262756,1514,1514,1053,1514,1024,1024,1024,1514,1514,1514,1514,1514,1514,1514,1514,1514,998,998,43
206.60900449752808,1514,1514,1053,1514,1024,1024,1024,1514,1514,1514,1514,1514,1514,1514,1514,1514,998,998,43
206.71199893951416,1514,1514,1053,1514,1024,1024,1024,1514,1514,1514,1514,1514,1514,1514,1514,1514,998,998,43
206.81065845489502,1514,1514,1053,1514,1024,1024,1024,1514,1514,1514,1514,1514,1514,1514,1514,1514,998,998,43
206.9113712310791,1514,1514,1053,1514,1024,1024,1024,1514,1514,1514,1514,1514,1514,1514,1514,1514,998,998,43
207.01053500175476,1514,1514,1053,1514,1024,1024,1024,1514,1514,1514,1514,1514,1514,1514,1514,1514,998,998,43
207.10944890975952,1514,1514,1053,1514,1024,1024,1024,1514,1514,1514,1514,1514,1514,1514,1514,1514,998,998,43
207.21143651008606,1514,1514,1053,1514,1024,1024,1024,1514,1514,1514,1514,1514,1514,1514,1514,1514,998,998,43
207.3126413822174,1514,1514,1053,1514,1024,1024,1024,1514,1514,1514,1514,1514,1514,1514,1514,1514,998,998,43
207.41167426109314,1514,1514,1053,1514,1024,1024,1024,1514,1514,1514,1514,1514,1514,1514,1514,1514,998,998,43
207.51114320755005,1514,1514,1053,1514,1024,1024,1024,1514,1514,1514,1514,1514,1514,1514,1514,1514,998,998,43
207.61191296577454,1514,1514,1053,1514,1024,1024,1024,1514,1514,1514,1514,1514,1514,1514,1514,1514,998,998,43
207.7115957736969,1514,1514,1053,1514,1024,1024,1024,1514,1514,1514,1514,1514,1514,1514,1514,1514,998,998,43
207.81094431877136,1514,1514,1053,1514,1024,1024,1024,1514,1514,1514,1514,1514,1514,1514,1514,1514,998,998,43
207.91314101219177,1514,1514,1053,1514,1024,1024,1024,1514,1514,1514,1514,1514,1514,1514,1514,1514,998,998,43
208.01719498634338,1514,1514,1053,1514,1024,1024,1024,1514,1514,1514,1514,1514,1514,1514,1514,1514,998,998,43
208.1118655204773,1514,1514,1053,1514,1024,1024,1024,1514,1514,1514,1514,1514,1514,1514,1514,1514,998,998,43
208.21182942390442,1514,1514,1053,1514,1024,1024,1024,1514,1514,1514,1514,1514,1514,1514,1514,1514,998,998,43
208.31338953971863,1514,1514,1053,1514,1024,1024,1024,1514,1514,1514,1514,1514,1514,1514,1514,1514,998,998,43
208.41325402259827,1514,1514,1053,1514,1024,1024,1024,1514,1514,1514,1514,1514,1514,1514,1514,1514,998,998,43
208.51248049736023,1514,1514,1053,1514,1024,1024,1024,1514,1514,1514,1514,1514,1514,1514,1514,1514,998,998,43
208.6120307445526,1514,1514,1053,1514,1024,1024,1024,1514,1514,1514,1514,1514,1514,1514,1514,1514,998,998,43
208.71358370780945,1514,1514,1053,1514,1024,1024,1024,1514,1514,1514,1514,1514,1514,1514,1514,1514,998,998,43
208.81321620941162,1514,1514,1053,1514,1024,1024,1024,1514,1514,1514,1514,1514,1514,1514,1514,1514,998,998,43
208.91387248039246,1514,1514,1053,1514,1024,1024,1024,1514,1514,1514,1514,1514,1514,1514,1514,1514,998,998,43
209.01443696022034,1514,1514,1053,1514,1024,1024,1024,1514,1514,1514,1514,1514,1514,1514,1514,1514,998,998,43
209.112548828125,1514,1514,1053,1514,1024,1024,1024,1514,1514,1514,1514,1514,1514,1514,1514,1514,998,998,43
209.21516942977905,1514,1514,1053,1514,1024,1024,1024,1514,1514,1514,1514,1514,1514,1514,1514,1514,998,998,43
209.31492614746094,1514,1514,1053,1514,1024,1024,1024,1514,1514,1514,1514,1514,1514,1514,1514,1514,998,998,43
209.4136199951172,1514,1514,1053,1514,1024,1024,1024,1514,1514,1514,1514,1514,1514,1514,1514,1514,998,998,43
209.5134494304657,1514,1514,1053,1514,1024,1024,1024,1514,1514,1514,1514,1514,1514,1514,1514,1514,998,998,43
209.6148898601532,1514,1514,1053,1514,1024,1024,1024,1514,1514,1514,1514,1514,1514,1514,1514,1514,998,998,43
209.71449828147888,1514,1514,1053,1514,1024,1024,1024,1514,1514,1514,1514,1514,1514,1514,1514,1514,998,998,43
209.8136818408966,1514,1514,1053,1514,1024,1024,1024,1514,1514,1514,1514,1514,1514,1514,1514,1514,998,998,43
209.91374135017395,1514,1514,1053,1514,1024,1024,1024,1514,1514,1514,1514,1514,1514,1514,1514,1514,998,998,43
210.015549659729,1514,1514,1053,1514,1024,1024,1024,1514,1514,1514,1514,1514,1514,1514,1514,1514,998,998,43
210.11466479301453,1514,1514,1053,1514,1024,1024,1024,1514,1514,1514,1514,1514,1514,1514,1514,1514,998,998,43
210.21416687965393,1514,1514,1053,1514,1024,1024,1024,1514,1514,1514,1514,1514,1514,1514,1514,1514,998,998,43
210.31598663330078,1514,1514,1053,1514,1024,1024,1024,1514,1514,1514,1514,1514,1514,1514,1514,1514,998,998,43
210.4160099029541,1514,1514,1053,1514,1024,1024,1024,1514,1514,1514,1514,1514,1514,1514,1514,1514,998,998,43
210.51496505737305,1514,1514,1053,1514,1024,1024,1024,1514,1514,1514,1514,1514,1514,1514,1514,1514,998,998,43
210.61635875701904,1514,1514,1053,1514,1024,1024,1024,1514,1514,1514,1514,1514,1514,1514,1514,1514,998,998,43
210.7158534526825,1514,1514,1053,1514,1024,1024,1024,1514,1514,1514,1514,1514,1514,1514,1514,1514,998,998,43
210.81517457962036,1514,1514,1053,1514,1024,1024,1024,1514,1514,1514,1514,1514,1514,1514,1514,1514,998,998,43
210.9180920124054,1514,1514,1053,1514,1024,1024,1024,1514,1514,1514,1514,1514,1514,1514,1514,1514,998,998,43
211.01637053489685,1514,1514,1053,1514,1024,1024,1024,1514,1514,1514,1514,1514,1514,1514,1514,1514,998,998,43
211.11535215377808,1514,1514,1053,1514,1024,1024,1024,1514,1514,1514,1514,1514,1514,1514,1514,1514,998,998,43
211.21721816062927,1514,1514,1053,1514,1024,1024,1024,1514,1514,1514,1514,1514,1514,1514,1514,1514,998,998,43
211.31643176078796,1514,1514,1053,1514,1024,1024,1024,1514,1514,1514,1514,1514,1514,1514,1514,1514,998,998,43
211.41779780387878,1514,1514,1053,1514,1024,1024,1024,1514,1514,1514,1514,1514,1514,1514,1514,1514,998,998,43
211.5169460773468,1514,1514,1053,1514,1024,1024,1024,1514,1514,1514,1514,1514,1514,1514,1514,1514,998,998,43
211.61618614196777,1514,1514,1053,1514,1024,1024,1024,1514,1514,1514,1514,1514,1514,1514,1514,1514,998,998,43
211.72369813919067,1514,1514,1053,1514,1024,1024,1024,1514,1514,1514,1514,1514,1514,1514,1514,1514,998,998,43
211.81855058670044,1514,1514,1053,1514,1024,1024,1024,1514,1514,1514,1514,1514,1514,1514,1514,1514,998,998,43
211.91671466827393,1514,1514,1053,1514,1024,1024,1024,1514,1514,1514,1514,1514,1514,1514,1514,1514,998,998,43
212.01831579208374,1514,1514,1053,1514,1024,1024,1024,1514,1514,1514,1514,1514,1514,1514,1514,1514,998,998,43
212.11758375167847,1514,1514,1053,1514,1024,1024,1024,1514,1514,1514,1514,1514,1514,1514,1514,1514,998,998,43
212.2175087928772,1514,1514,1053,1514,1024,1024,1024,1514,1514,1514,1514,1514,1514,1514,1514,1514,998,998,43
212.31886672973633,1514,1514,1053,1514,1024,1024,1024,1514,1514,1514,1514,1514,1514,1514,1514,1514,998,998,43
212.4256420135498,1514,1514,1053,1514,1024,1024,1024,1514,1514,1514,1514,1514,1514,1514,1514,1514,998,998,43
212.51818299293518,1514,1514,1053,1514,1024,1024,1024,1514,1514,1514,1514,1514,1514,1514,1514,1514,998,998,43
212.617431640625,1514,1514,1053,1514,1024,1024,1024,1514,1514,1514,1514,1514,1514,1514,1514,1514,998,998,43
212.7194628715515,1514,1514,1053,1514,1024,1024,1024,1514,1514,1514,1514,1514,1514,1514,1514,1514,998,998,43
212.81911420822144,1514,1514,1053,1514,1024,1024,1024,1514,1514,1514,1514,1514,1514,1514,1514,1514,998,998,43
212.91810369491577,1514,1514,1053,1514,1024,1024,1024,1514,1514,1514,1514,1514,1514,1514,1514,1514,998,998,43
213.01800799369812,1514,1514,1053,1514,1024,1024,1024,1514,1514,1514,1514,1514,1514,1514,1514,1514,998,998,43
213.11972975730896,1514,1514,1053,1514,1024,1024,1024,1514,1514,1514,1514,1514,1514,1514,1514,1514,998,998,43
213.22029829025269,1514,1514,1053,1514,1024,1024,1024,1514,1514,1514,1514,1514,1514,1514,1514,1514,998,998,43
213.3263852596283,1514,1514,1053,1514,1024,1024,1024,1514,1514,1514,1514,1514,1514,1514,1514,1514,998,998,43
213.42918872833252,1514,1514,1053,1514,1024,1024,1024,1514,1514,1514,1514,1514,1514,1514,1514,1514,998,998,43
213.52029490470886,1514,1514,1053,1514,1024,1024,1024,1514,1514,1514,1514,1514,1514,1514,1514,1514,998,998,43
213.61998629570007,1514,1514,1053,1514,1024,1024,1024,1514,1514,1514,1514,1514,1514,1514,1514,1514,998,998,43
213.71935033798218,1514,1514,1053,1514,1024,1024,1024,1514,1514,1514,1514,1514,1514,1514,1514,1514,998,998,43
213.8207151889801,1514,1514,1053,1514,1024,1024,1024,1514,1514,1514,1514,1514,1514,1514,1514,1514,998,998,43
213.92033290863037,1514,1514,1053,1514,1024,1024,1024,1514,1514,1514,1514,1514,1514,1514,1514,1514,998,998,43
214.0213978290558,1514,1514,1053,1514,1024,1024,1024,1514,1514,1514,1514,1514,1514,1514,1514,1514,998,998,43
214.1207218170166,1514,1514,1055,1514,1024,1024,1024,1514,1514,1514,1514,1514,1514,1514,1514,1514,998,998,43
214.21972107887268,1514,1514,1053,1514,1024,1024,1024,1514,1514,1514,1514,1514,1514,1514,1514,1514,998,998,43
214.32173418998718,1514,1514,1055,1514,1024,1024,1024,1514,1514,1514,1514,1514,1514,1514,1514,1514,998,998,43
214.42165350914001,1514,1514,1053,1514,1024,1024,1024,1514,1514,1514,1514,1514,1514,1514,1514,1514,998,998,43
214.5197937488556,1514,1514,1055,1514,1024,1024,1024,1514,1514,1514,1514,1514,1514,1514,1514,1514,998,998,43
214.6217246055603,1514,1514,1055,1514,1024,1024,1024,1514,1514,1514,1514,1514,1514,1514,1514,1514,998,998,43
214.721529006958,1514,1514,1053,1514,1024,1024,1024,1514,1514,1514,1514,1514,1514,1514,1514,1514,998,998,43
214.820729970932,1514,1514,1053,1514,1024,1024,1024,1514,1514,1514,1514,1514,1514,1514,1514,1514,998,998,43
214.92220377922058,1514,1514,1053,1514,1024,1024,1024,1514,1514,1514,1514,1514,1514,1514,1514,1514,998,998,43
215.0206332206726,1514,1514,1055,1514,1024,1024,1024,1514,1514,1514,1514,1514,1514,1514,1514,1514,998,998,43
215.12282800674438,1514,1514,1055,1514,1024,1024,1024,1514,1514,1514,1514,1514,1514,1514,1514,1514,998,998,43
215.22125148773193,1514,1514,1057,1514,1024,2003,1024,1514,1514,1514,1514,1514,1514,1514,1514,1514,998,998,43
215.32202100753784,1514,1514,1057,1514,1024,2003,1024,1514,1514,1514,1514,1514,1514,1514,1514,1514,998,998,43
215.42148399353027,1514,1514,1057,1514,1024,2003,1024,1514,1514,1514,1514,1514,1514,1514,1514,1514,998,998,43
215.52146410942078,1514,1514,1057,1514,1024,2003,1024,1514,1514,1514,1514,1514,1514,1514,1514,1514,998,998,43
215.62322354316711,1514,1514,1057,1514,1024,2003,1024,1514,1514,1514,1514,1514,1514,1514,1514,1514,998,998,43
215.72240233421326,1514,1514,1057,1514,1024,2003,1024,1514,1514,1514,1514,1514,1514,1514,1514,1514,998,998,43
215.82156658172607,1514,1514,1048,1514,1024,2003,1024,1514,1514,1514,1514,1514,1514,1514,1514,1514,998,998,43
215.92326188087463,1514,1514,1048,1514,1024,2003,1024,1514,1514,1514,1514,1514,1514,1514,1514,1514,998,998,43
216.02288436889648,1514,1514,1048,1514,1024,2003,1024,1514,1514,1514,1514,1514,1514,1514,1514,1514,998,998,43
216.12294912338257,1514,1514,1047,1514,1024,2003,1024,1514,1514,1514,1514,1514,1514,1514,1514,1514,998,998,43
216.22225046157837,1514,1514,1053,1514,1024,2003,1024,1514,1514,1514,1514,1514,1514,1514,1514,1514,998,998,43
216.3238730430603,1514,1514,1055,1514,1024,2003,1024,1514,1514,1514,1514,1514,1514,1514,1514,1514,998,998,43
216.42325949668884,1514,1514,1055,1514,1024,2003,1024,1514,1514,1514,1514,1514,1514,1514,1514,1514,998,998,43
216.52237939834595,1514,1514,1055,1514,1024,2003,1024,1514,1514,1514,1514,1514,1514,1514,1514,1514,998,998,43
216.62439060211182,1514,1514,1055,1514,1024,2003,1024,1514,1514,1514,1514,1514,1514,1514,1514,1514,998,998,43
216.7235734462738,1514,1514,1055,1514,1024,2003,1024,1514,1514,1514,1514,1514,1514,1514,1514,1514,998,998,43
216.8242049217224,1514,1514,1055,1514,1024,2003,1024,1514,1514,1514,1514,1514,1514,1514,1514,1514,998,998,43
216.92454743385315,1514,1514,1055,1514,1024,2003,1024,1514,1514,1514,1514,1514,1514,1514,1514,1514,998,998,43
217.02391457557678,1514,1514,1055,1514,1024,2003,1024,1514,1514,1514,1514,1514,1514,1514,1514,1514,998,998,43
217.1233627796173,1514,1514,1057,1514,1024,2003,1024,1514,1514,1514,1514,1514,1514,1514,1514,1514,998,998,43
217.22491097450256,1514,1514,1055,1514,1024,2003,1024,1514,1514,1514,1514,1514,1514,1514,1514,1514,998,998,43
217.3309290409088,1514,1514,1055,1514,1024,2003,1024,1514,1514,1514,1514,1514,1514,1514,1514,1514,998,998,43
217.4243986606598,1514,1514,1057,1514,1024,2003,1024,1514,1514,1514,1514,1514,1514,1514,1514,1514,998,998,43
217.5251545906067,1514,1514,1057,1514,1024,2003,1024,1514,1514,1514,1514,1514,1514,1514,1514,1514,998,998,43
217.62476348876953,1514,1514,1055,1514,1024,2003,1024,1514,1514,1514,1514,1514,1514,1514,1514,1514,998,998,43
217.72678518295288,1514,1514,1055,1514,1024,2003,1024,1514,1514,1514,1514,1514,1514,1514,1514,1514,998,998,43
217.82554364204407,1514,1514,1055,1514,1024,2003,1024,1514,1514,1514,1514,1514,1514,1514,1514,1514,998,998,43
217.92503261566162,1514,1514,1055,1514,1024,2003,1024,1514,1514,1514,1514,1514,1514,1514,1514,1514,998,998,43
218.02409386634827,1514,1514,1048,1514,1024,2003,1024,1514,1514,1514,1514,1514,1514,1514,1514,1514,998,998,43
218.12638068199158,1514,1514,1052,1514,1024,2003,1024,1514,1514,1514,1514,1514,1514,1514,1514,1514,998,998,43
218.22543287277222,1514,1514,1050,1514,1024,2003,1024,1514,1514,1514,1514,1514,1514,1514,1514,1514,998,998,43
218.32451248168945,1514,1514,1050,1514,1024,2003,1024,1514,1514,1514,1514,1514,1514,1514,1514,1514,998,998,43
218.42638444900513,1514,1514,1050,1514,1024,2003,1024,1514,1514,1514,1514,1514,1514,1514,1514,1514,998,998,43
218.52668380737305,1514,1514,1050,1514,1024,2003,1024,1514,1514,1514,1514,1514,1514,1514,1514,1514,998,998,43
218.6274917125702,1514,1514,1050,1514,1024,2003,1024,1514,1514,1514,1514,1514,1514,1514,1514,1514,998,998,43
218.72653532028198,1514,1514,1048,1514,1024,2003,1024,1514,1514,1514,1514,1514,1514,1514,1514,1514,998,998,43
218.82624864578247,1514,1514,1053,1514,1024,2003,1024,1514,1514,1514,1514,1514,1514,1514,1514,1514,998,998,43
218.92580890655518,1514,1514,1058,1514,1024,2003,1024,1514,1514,1514,1514,1514,1514,1514,1514,1514,998,998,43
219.0250403881073,1514,1514,1114,1514,1024,2003,1024,1514,1514,1514,1514,1514,1514,1514,1514,1514,998,998,43
219.12702822685242,1514,1514,1134,1514,1024,2003,1024,1514,1514,1514,1514,1514,1514,1514,1514,1514,998,998,43
219.2268521785736,1514,1514,1164,1514,1024,2003,1024,1514,1514,1514,1514,1514,1514,1514,1514,1514,998,998,43
219.32573652267456,1514,1514,1174,1514,1024,2003,1024,1514,1514,1514,1514,1514,1514,1514,1514,1514,998,998,43
219.42824387550354,1514,1514,1171,1514,1024,2003,1024,1514,1514,1514,1514,1514,1514,1514,1514,1514,998,998,43
219.52692914009094,1514,1514,1179,1514,1024,2003,1024,1514,1514,1514,1514,1514,1514,1514,1514,1514,998,998,43
219.6260211467743,1514,1514,1193,1514,1024,2003,1024,1514,1514,1514,1514,1514,1514,1514,1514,1514,998,998,43
219.72787141799927,1510,1514,1212,1514,1024,2003,1024,1514,1514,1514,1514,1514,1514,1514,1514,1514,998,998,43
219.82762718200684,1514,1514,1221,1514,1024,2003,1024,1514,1514,1514,1514,1514,1514,1514,1514,1514,998,998,43
219.92653918266296,1514,1514,1208,1514,1024,2003,1024,1514,1514,1514,1514,1514,1514,1514,1514,1514,998,998,43
220.0280830860138,1514,1514,1221,1514,1024,2003,1024,1514,1514,1514,1514,1514,1514,1514,1514,1514,998,998,43
220.12767505645752,1514,1514,1220,1514,1024,2003,1024,1514,1514,1514,1514,1514,1514,1514,1514,1514,998,998,43
220.22704076766968,1514,1514,1222,1514,1024,2003,1024,1514,1514,1514,1514,1514,1514,1514,1514,1514,998,998,43
220.32839632034302,1514,1514,1227,1514,1024,2003,1024,1514,1514,1514,1514,1514,1514,1514,1514,1514,998,998,43
220.42814588546753,1514,1514,1228,1514,1024,2003,1024,1514,1514,1514,1514,1514,1514,1514,1514,1514,998,998,43
220.5268313884735,1514,1514,1229,1514,1024,2003,1024,1514,1514,1514,1514,1514,1514,1514,1514,1514,998,998,43
220.62870907783508,1514,1514,1227,1514,1024,2003,1024,1514,1514,1514,1514,1514,1514,1514,1514,1514,998,998,43
220.72815084457397,1514,1514,1229,1514,1024,2003,1024,1514,1514,1514,1514,1514,1514,1514,1514,1514,998,998,43
220.82743096351624,1514,1514,1238,1514,1024,2003,1024,1514,1514,1514,1514,1514,1514,1514,1514,1514,998,998,43
220.9289891719818,1514,1514,1266,1514,1024,2003,1024,1514,1514,1514,1514,1514,1514,1514,1514,1514,998,998,43
221.0283350944519,1514,1514,1269,1514,1024,2003,1024,1514,1514,1514,1514,1514,1514,1514,1514,1514,998,998,43
221.1279740333557,1514,1514,1268,1514,1024,2003,1024,1514,1514,1514,1514,1514,1514,1514,1514,1514,998,998,43
221.22947192192078,1514,1514,1260,1514,1024,2003,1024,1514,1514,1514,1514,1514,1514,1514,1514,1514,998,998,43
221.329110622406,1514,1514,1260,1514,1024,2003,1024,1514,1514,1514,1514,1514,1514,1514,1514,1514,998,998,43
221.42915439605713,1514,1514,1267,1514,1024,2003,1024,1514,1514,1514,1514,1514,1514,1514,1514,1514,998,998,43
221.5298948287964,1514,1514,1283,1514,1024,2003,1024,1514,1514,1514,1514,1514,1514,1514,1514,1514,998,998,43
221.62934756278992,1514,1514,1283,1514,1024,2003,1024,1514,1514,1514,1514,1514,1514,1514,1514,1514,998,998,43
221.72834968566895,1514,1514,1285,1514,1024,2003,1024,1514,1514,1514,1514,1514,1514,1514,1514,1514,998,998,43
221.83037567138672,1514,1503,1297,1514,1024,2003,1024,1514,1514,1514,1514,1514,1514,1514,1514,1514,998,998,43
221.92941641807556,1514,1509,1299,1514,1024,2003,1024,1514,1514,1514,1514,1514,1514,1514,1514,1514,998,998,43
222.02851104736328,1514,1514,1305,1514,1024,2003,1024,1514,1514,1514,1514,1514,1514,1514,1514,1514,998,998,43
222.13053154945374,1514,1514,1316,1514,1024,2003,1024,1514,1514,1514,1514,1514,1514,1514,1514,1514,998,998,43
222.22985696792603,1514,1514,1326,1514,1024,2003,1024,1514,1514,1514,1514,1514,1514,1514,1514,1514,998,998,43
222.32901740074158,1514,1514,1333,1514,1024,2003,1024,1514,1514,1514,1514,1514,1514,1514,1514,1514,998,998,43
222.43099212646484,1514,1514,1347,1514,1024,2003,1024,1514,1514,1514,1514,1514,1514,1514,1514,1514,998,998,43
222.53014826774597,1514,1514,1361,1514,1024,2003,1024,1514,1514,1514,1514,1514,1514,1514,1514,1514,998,998,43
222.62923049926758,1514,1514,1373,1514,1024,2003,1024,1514,1514,1514,1514,1514,1514,1514,1514,1514,998,998,43
222.72930908203125,1514,1514,1390,1514,1024,2003,1024,1514,1514,1514,1514,1514,1514,1514,1514,1514,998,998,43
222.83099699020386,1514,1514,1419,1514,1024,2003,1024,1514,1514,1514,1514,1514,1514,1514,1514,1514,998,998,43
222.9307096004486,1514,1514,1426,1514,1024,2003,1024,1514,1514,1514,1514,1514,1514,1514,1514,1514,998,998,43
223.0305368900299,1514,1514,1428,1514,1024,2003,1024,1514,1514,1514,1514,1514,1514,1514,1514,1514,998,998,43
223.13022994995117,1514,1514,1428,1514,1024,2003,1024,1514,1514,1514,1514,1514,1514,1514,1514,1514,998,998,43
223.23154282569885,1514,1514,1428,1514,1024,2003,1024,1514,1514,1514,1514,1514,1514,1514,1514,1514,998,998,43
223.33105063438416,1514,1514,1430,1514,1024,2003,1024,1514,1514,1514,1514,1514,1514,1514,1514,1514,998,998,43
223.43055844306946,1525,1514,1443,1514,1024,2003,1024,1514,1514,1514,1514,1514,1514,1514,1514,1514,998,998,43
223.53002166748047,1537,1514,1442,1514,1024,2003,1024,1514,1514,1514,1514,1514,1514,1514,1514,1514,998,998,43
223.631938457489,1572,1514,1442,1514,1024,2003,1024,1514,1514,1514,1514,1514,1514,1514,1514,1514,998,998,43
223.74045324325562,1625,1514,1435,1514,1024,2003,1024,1514,1514,1514,1514,1514,1514,1514,1514,1514,998,998,43
223.83053064346313,1644,1514,1438,1514,1024,2003,1024,1514,1514,1514,1514,1514,1514,1514,1514,1514,998,998,43
223.9323754310608,1658,1514,1439,1514,1024,2003,1024,1514,1514,1514,1514,1514,1514,1514,1514,1514,998,998,43
224.03339505195618,1657,1514,1446,1514,1024,2003,1024,1514,1514,1514,1514,1514,1514,1514,1514,1514,998,998,43
224.13089060783386,1657,1514,1459,1514,1024,2003,1024,1514,1514,1514,1514,1514,1514,1514,1514,1514,998,998,43
224.23254442214966,1657,1514,1466,1514,1024,2003,1024,1514,1514,1514,1514,1514,1514,1514,1514,1514,998,998,43
224.33194017410278,1658,1514,1471,1514,1024,2003,1024,1514,1514,1514,1514,1514,1514,1514,1514,1514,998,998,43
224.43158197402954,1658,1514,1463,1514,1024,2003,1024,1514,1514,1514,1514,1514,1514,1514,1514,1514,998,998,43
224.53292536735535,1607,1514,1463,1514,1024,2003,1024,1514,1514,1514,1514,1514,1514,1514,1514,1514,998,998,43
224.6329002380371,1514,1530,1470,1514,1024,2003,1024,1514,1514,1514,1514,1514,1514,1514,1514,1514,998,998,43
224.7322211265564,1514,1537,1477,1514,1024,2003,1024,1514,1514,1514,1514,1514,1514,1514,1514,1514,998,998,43
224.8315348625183,1514,1540,1487,1514,1024,2003,1024,1514,1514,1514,1514,1514,1514,1514,1514,1514,998,998,43
224.93328166007996,1514,1557,1490,1514,1024,2003,1024,1514,1514,1514,1514,1514,1514,1514,1514,1514,998,998,43
225.03244543075562,1514,1572,1492,1514,1024,2003,1024,1514,1514,1514,1514,1514,1514,1514,1514,1514,998,998,43
225.13179540634155,1514,1573,1498,1514,1024,2003,1024,1514,1514,1514,1514,1514,1514,1514,1514,1514,998,998,43
225.23591470718384,1514,1573,1503,1514,1024,2003,1024,1514,1514,1514,1514,1514,1514,1514,1514,1514,998,998,43
225.33547973632812,1514,1573,1508,1514,1024,2003,1024,1514,1514,1514,1514,1514,1514,1514,1514,1514,998,998,43
225.43776845932007,1514,1577,1511,1514,1024,2003,1024,1514,1514,1514,1514,1514,1514,1514,1514,1514,998,998,43
225.5314166545868,1514,1573,1510,1514,1024,2003,1024,1514,1514,1514,1514,1514,1514,1514,1514,1514,998,998,43
225.6332504749298,1491,1573,1512,1514,1024,2003,1024,1514,1514,1514,1514,1514,1514,1514,1514,1514,998,998,43
225.73226714134216,1490,1570,1530,1514,1024,2003,1024,1514,1514,1514,1514,1514,1514,1514,1514,1514,998,998,43
225.83453035354614,1490,1541,1542,1514,1024,2003,1024,1514,1514,1514,1514,1514,1514,1514,1514,1514,998,998,43
225.93352031707764,1490,1538,1549,1514,1024,2003,1024,1514,1514,1514,1514,1514,1514,1514,1514,1514,998,998,43
226.03484892845154,1490,1537,1551,1514,1024,2003,1024,1514,1514,1514,1514,1514,1514,1514,1514,1514,998,998,43
226.13195657730103,1490,1535,1552,1514,1024,2003,1024,1514,1514,1514,1514,1514,1514,1514,1514,1514,998,998,43
226.23381567001343,1490,1537,1545,1514,1024,2003,1024,1514,1514,1514,1514,1514,1514,1514,1514,1514,998,998,43
226.33333563804626,1482,1541,1537,1514,1024,2003,1024,1514,1514,1514,1514,1514,1514,1514,1514,1514,998,998,43
226.43488717079163,1466,1538,1525,1514,1024,2003,1024,1514,1514,1514,1514,1514,1514,1514,1514,1514,998,998,43
226.534095287323,1466,1537,1496,1514,1024,2003,1024,1514,1514,1514,1514,1514,1514,1514,1514,1514,998,998,43
226.63344764709473,1466,1534,1490,1514,1024,2003,1024,1514,1514,1514,1514,1514,1514,1514,1514,1514,998,998,43
226.73536658287048,1467,1523,1516,1514,1024,2003,1024,1514,1514,1514,1514,1514,1514,1514,1514,1514,998,998,43
226.8341703414917,1508,1514,1533,1514,1024,2003,1024,1514,1514,1514,1514,1514,1514,1514,1514,1514,998,998,43
226.9336702823639,1514,1514,1537,1514,1024,2003,1024,1514,1514,1514,1514,1514,1514,1514,1514,1514,998,998,43
227.035160779953,1514,1514,1550,1514,1024,2003,1024,1514,1514,1514,1514,1514,1514,1514,1514,1514,998,998,43
227.13441348075867,1514,1514,1555,1514,1024,2003,1024,1514,1514,1514,1514,1514,1514,1514,1514,1514,998,998,43
227.23417973518372,1514,1514,1555,1514,1024,2003,1024,1514,1514,1514,1514,1514,1514,1514,1514,1514,998,998,43
227.33547401428223,1514,1514,1556,1514,1024,2003,1024,1514,1514,1514,1514,1514,1514,1514,1514,1514,998,998,43
227.4359323978424,1514,1514,1557,1514,1024,2003,1024,1514,1514,1514,1514,1514,1514,1514,1514,1514,998,998,43
227.5339698791504,1563,1514,1553,1514,1024,2003,1024,1514,1514,1514,1514,1514,1514,1514,1514,1514,998,998,43
227.63719654083252,1596,1514,1527,1514,1024,2003,1024,1514,1514,1514,1514,1514,1514,1514,1514,1514,998,998,43
227.73824644088745,1604,1514,1487,1514,1024,2003,1024,1514,1514,1514,1514,1514,1514,1514,1514,1514,998,998,43
227.83456110954285,1607,1514,1471,1514,1024,2003,1024,1514,1514,1514,1514,1514,1514,1514,1514,1514,998,998,43
227.9360294342041,1547,1514,1480,1514,1024,2003,1024,1514,1514,1514,1514,1514,1514,1514,1514,1514,998,998,43
228.03533172607422,1514,1532,1494,1514,1024,2003,1024,1514,1514,1514,1514,1514,1514,1514,1514,1514,998,998,43
228.13466572761536,1514,1535,1525,1514,1024,2003,1024,1514,1514,1514,1514,1514,1514,1514,1514,1514,998,998,43
228.2365791797638,1514,1539,1555,1514,1024,2003,1024,1514,1514,1514,1514,1514,1514,1514,1514,1514,998,998,43
228.33562016487122,1573,1547,1561,1514,1024,2003,1024,1514,1514,1514,1514,1514,1514,1514,1514,1514,998,998,43
228.43584871292114,1588,1565,1568,1514,1024,2003,1024,1514,1514,1514,1514,1514,1514,1514,1514,1514,998,998,43
228.53664779663086,1587,1573,1570,1514,1024,2003,1024,1514,1514,1514,1514,1514,1514,1514,1514,1514,998,998,43
228.63614702224731,1585,1573,1568,1514,1024,2003,1024,1514,1514,1514,1514,1514,1514,1514,1514,1514,998,998,43
228.73528122901917,1565,1575,1552,1514,1024,2003,1024,1514,1514,1514,1514,1514,1514,1514,1514,1514,998,998,43
228.83748412132263,1514,1597,1502,1514,1024,2003,1024,1514,1514,1514,1514,1514,1514,1514,1514,1514,998,998,43
228.9371154308319,1514,1612,1487,1514,1024,2003,1024,1514,1514,1514,1514,1514,1514,1514,1514,1514,998,998,43
229.0357584953308,1514,1612,1468,1514,1024,2003,1024,1514,1514,1514,1514,1514,1514,1514,1514,1514,998,998,43
229.1371293067932,1514,1605,1425,1514,1024,2003,1024,1514,1514,1514,1514,1514,1514,1514,1514,1514,998,998,43
229.236510515213,1514,1600,1446,1514,1024,2003,1024,1514,1514,1514,1514,1514,1514,1514,1514,1514,998,998,43
229.33565998077393,1514,1575,1514,1514,1024,2003,1024,1514,1514,1514,1514,1514,1514,1514,1514,1514,998,998,43
229.4375183582306,1514,1532,1568,1514,1024,2003,1024,1514,1514,1514,1514,1514,1514,1514,1514,1514,998,998,43
229.53861045837402,1514,1516,1582,1514,1024,2003,1024,1514,1514,1514,1514,1514,1514,1514,1514,1514,998,998,43
229.64125990867615,1514,1514,1585,1514,1024,2003,1024,1514,1514,1514,1514,1514,1514,1514,1514,1514,998,998,43
229.74307465553284,1514,1514,1583,1514,1024,2003,1024,1514,1514,1514,1514,1514,1514,1514,1514,1514,998,998,43
229.836993932724,1514,1518,1582,1514,1024,2003,1024,1514,1514,1514,1514,1514,1514,1514,1514,1514,998,998,43
229.93634676933289,1514,1533,1534,1514,1024,2003,1024,1514,1514,1514,1514,1514,1514,1514,1514,1514,998,998,43
230.03787922859192,1514,1555,1489,1514,1024,2003,1024,1514,1514,1514,1514,1514,1514,1514,1514,1514,998,998,43
230.13722014427185,1514,1575,1478,1514,1024,2003,1024,1514,1514,1514,1514,1514,1514,1514,1514,1514,998,998,43
230.24194622039795,1516,1603,1500,1514,1024,2003,1024,1514,1514,1514,1514,1514,1514,1514,1514,1514,998,998,43
230.338308095932,1532,1644,1534,1514,1024,2003,1024,1514,1514,1514,1514,1514,1514,1514,1514,1514,998,998,43
230.43787813186646,1540,1644,1550,1514,1024,2003,1024,1514,1514,1514,1514,1514,1514,1514,1514,1514,998,998,43
230.53688287734985,1570,1644,1545,1514,1024,2003,1024,1514,1514,1514,1514,1514,1514,1514,1514,1514,998,998,43
230.6385064125061,1613,1629,1527,1514,1024,2003,1024,1514,1514,1514,1514,1514,1514,1514,1514,1514,998,998,43
230.7414150238037,1633,1598,1525,1514,1024,2003,1024,1514,1514,1514,1514,1514,1514,1514,1514,1514,998,998,43
230.8374228477478,1645,1582,1548,1514,1024,2003,1024,1514,1514,1514,1514,1514,1514,1514,1514,1514,998,998,43
230.9387559890747,1634,1580,1593,1514,1024,2003,1024,1514,1514,1514,1514,1514,1514,1514,1514,1514,998,998,43
231.03833150863647,1620,1583,1613,1514,1024,2003,1024,1514,1514,1514,1514,1514,1514,1514,1514,1514,998,998,43
231.13720655441284,1613,1588,1615,1514,1024,2003,1024,1514,1514,1514,1514,1514,1514,1514,1514,1514,998,998,43
231.23903918266296,1533,1602,1585,1514,1024,2003,1024,1514,1514,1514,1514,1514,1514,1514,1514,1514,998,998,43
231.33844876289368,1514,1620,1520,1514,1024,2003,1024,1514,1514,1514,1514,1514,1514,1514,1514,1514,998,998,43
231.4391224384308,1514,1628,1485,1514,1024,2003,1024,1514,1514,1514,1514,1514,1514,1514,1514,1514,998,998,43
231.53928971290588,1514,1630,1495,1514,1024,2003,1024,1514,1514,1514,1514,1514,1514,1514,1514,1514,998,998,43
231.6386170387268,1514,1629,1511,1514,1024,2003,1024,1514,1514,1514,1514,1514,1514,1514,1514,1514,998,998,43
231.73936223983765,1514,1618,1518,1514,1024,2003,1024,1514,1514,1514,1514,1514,1514,1514,1514,1514,998,998,43
231.83953666687012,1514,1573,1567,1514,1024,2003,1024,1514,1514,1514,1514,1514,1514,1514,1514,1514,998,998,43
231.94023656845093,1514,1514,1603,1514,1024,2003,1024,1514,1514,1514,1514,1514,1514,1514,1514,1514,998,998,43
232.0383746623993,1514,1514,1618,1514,1024,2003,1024,1514,1514,1514,1514,1514,1514,1514,1514,1514,998,998,43
232.1399552822113,1514,1514,1620,1514,1024,2003,1024,1514,1514,1514,1514,1514,1514,1514,1514,1514,998,998,43
232.23947262763977,1514,1514,1613,1514,1024,2003,1024,1514,1514,1514,1514,1514,1514,1514,1514,1514,998,998,43
232.3459987640381,1510,1514,1528,1514,1024,2003,1024,1514,1514,1514,1514,1514,1514,1514,1514,1514,998,998,43
232.4402298927307,1510,1514,1487,1514,1024,2003,1024,1514,1514,1514,1514,1514,1514,1514,1514,1514,998,998,43
232.53931593894958,1510,1514,1500,1514,1024,2003,1024,1514,1514,1514,1514,1514,1514,1514,1514,1514,998,998,43
232.63893842697144,1502,1514,1503,1514,1024,2003,1024,1514,1514,1514,1514,1514,1514,1514,1514,1514,998,998,43
232.74142742156982,1485,1514,1530,1514,1024,2003,1024,1514,1514,1514,1514,1514,1514,1514,1514,1514,998,998,43
232.83952689170837,1485,1514,1575,1514,1024,2003,1024,1514,1514,1514,1514,1514,1514,1514,1514,1514,998,998,43
232.9390697479248,1487,1514,1598,1514,1024,2003,1024,1514,1514,1514,1514,1514,1514,1514,1514,1514,998,998,43
233.0405421257019,1508,1514,1598,1514,1024,2003,1024,1514,1514,1514,1514,1514,1514,1514,1514,1514,998,998,43
233.13995051383972,1510,1514,1584,1514,1024,2003,1024,1514,1514,1514,1514,1514,1514,1514,1514,1514,998,998,43
233.24350237846375,1511,1514,1583,1514,1024,2003,1024,1514,1514,1514,1514,1514,1514,1514,1514,1514,998,998,43
233.34070920944214,1514,1514,1535,1514,1024,2003,1024,1514,1514,1514,1514,1514,1514,1514,1514,1514,998,998,43
233.4451780319214,1514,1514,1514,1514,1024,2003,1024,1514,1514,1514,1514,1514,1514,1514,1514,1514,998,998,43
233.53935050964355,1514,1514,1485,1514,1024,2003,1024,1514,1514,1514,1514,1514,1514,1514,1514,1514,998,998,43
233.64122343063354,1514,1514,1439,1514,1024,2003,1024,1514,1514,1514,1514,1514,1514,1514,1514,1514,998,998,43
233.74039268493652,1514,1514,1453,1514,1024,2003,1024,1514,1514,1514,1514,1514,1514,1514,1514,1514,998,998,43
233.8396270275116,1514,1514,1501,1514,1024,2003,1024,1514,1514,1514,1514,1514,1514,1514,1514,1514,998,998,43
233.9414267539978,1514,1514,1553,1514,1024,2003,1024,1514,1514,1514,1514,1514,1514,1514,1514,1514,998,998,43
234.04063272476196,1514,1514,1573,1514,1024,2003,1024,1514,1514,1514,1514,1514,1514,1514,1514,1514,998,998,43
234.13966298103333,1514,1514,1584,1514,1024,2003,1024,1514,1514,1514,1514,1514,1514,1514,1514,1514,998,998,43
234.2416718006134,1514,1514,1601,1514,1024,2003,1024,1514,1514,1514,1514,1514,1514,1514,1514,1514,998,998,43
234.3411626815796,1514,1514,1603,1514,1024,2003,1024,1514,1514,1514,1514,1514,1514,1514,1514,1514,998,998,43
234.44051098823547,1514,1514,1599,1514,1024,2003,1024,1514,1514,1514,1514,1514,1514,1514,1514,1514,998,998,43
234.54199624061584,1514,1514,1598,1514,1024,2003,1024,1514,1514,1514,1514,1514,1514,1514,1514,1514,998,998,43
234.64134097099304,1514,1525,1592,1514,1024,2003,1024,1514,1514,1514,1514,1514,1514,1514,1514,1514,998,998,43
234.74057817459106,1514,1525,1582,1514,1024,2003,1024,1514,1514,1514,1514,1514,1514,1514,1514,1514,998,998,43
234.8461058139801,1514,1532,1559,1514,1024,2003,1024,1514,1514,1514,1514,1514,1514,1514,1514,1514,998,998,43
234.94161462783813,1514,1535,1500,1514,1024,2003,1024,1514,1514,1514,1514,1514,1514,1514,1514,1514,998,998,43
235.0406506061554,1514,1537,1437,1514,1024,2003,1024,1514,1514,1514,1514,1514,1514,1514,1514,1514,998,998,43
235.14314365386963,1514,1535,1451,1514,1024,2003,1024,1514,1514,1514,1514,1514,1514,1514,1514,1514,998,998,43
235.24484300613403,1514,1535,1499,1514,1024,2003,1024,1514,1514,1514,1514,1514,1514,1514,1514,1514,998,998,43
235.34102964401245,1514,1539,1547,1514,1024,2003,1024,1514,1514,1514,1514,1514,1514,1514,1514,1514,998,998,43
235.44560956954956,1514,1540,1577,1514,1024,2003,1024,1514,1514,1514,1514,1514,1514,1514,1514,1514,998,998,43
235.54208660125732,1559,1572,1586,1514,1024,2003,1024,1514,1514,1514,1514,1514,1514,1514,1514,1514,998,998,43
235.64137768745422,1560,1573,1594,1514,1024,2003,1024,1514,1514,1514,1514,1514,1514,1514,1514,1514,998,998,43
235.7428412437439,1559,1573,1598,1514,1024,2003,1024,1514,1514,1514,1514,1514,1514,1514,1514,1514,998,998,43
235.8431270122528,1558,1573,1599,1514,1024,2003,1024,1514,1514,1514,1514,1514,1514,1514,1514,1514,998,998,43
235.94132208824158,1558,1573,1591,1514,1024,2003,1024,1514,1514,1514,1514,1514,1514,1514,1514,1514,998,998,43
236.04467701911926,1558,1583,1505,1514,1024,2003,1024,1514,1514,1514,1514,1514,1514,1514,1514,1514,998,998,43
236.1434841156006,1555,1598,1468,1514,1024,2003,1024,1514,1514,1514,1514,1514,1514,1514,1514,1514,998,998,43
236.2418532371521,1525,1597,1480,1514,1024,2003,1024,1514,1514,1514,1514,1514,1514,1514,1514,1514,998,998,43
236.34414100646973,1514,1600,1509,1514,1024,2003,1024,1514,1514,1514,1514,1514,1514,1514,1514,1514,998,998,43
236.444482088089,1514,1603,1525,1514,1024,2003,1024,1514,1514,1514,1514,1514,1514,1514,1514,1514,998,998,43
236.54244136810303,1518,1603,1563,1514,1024,2003,1024,1514,1514,1514,1514,1514,1514,1514,1514,1514,998,998,43
236.64765906333923,1537,1600,1583,1514,1024,2003,1024,1514,1514,1514,1514,1514,1514,1514,1514,1514,998,998,43
236.74541211128235,1544,1584,1589,1514,1024,2003,1024,1514,1514,1514,1514,1514,1514,1514,1514,1514,998,998,43
236.84224796295166,1544,1575,1598,1514,1024,2003,1024,1514,1514,1514,1514,1514,1514,1514,1514,1514,998,998,43
236.94539189338684,1550,1565,1590,1514,1024,2003,1024,1514,1514,1514,1514,1514,1514,1514,1514,1514,998,998,43
237.04378366470337,1563,1537,1582,1514,1024,2003,1024,1514,1514,1514,1514,1514,1514,1514,1514,1514,998,998,43
237.14208602905273,1567,1514,1543,1514,1024,2003,1024,1514,1514,1514,1514,1514,1514,1514,1514,1514,998,998,43
237.24471378326416,1568,1514,1520,1514,1024,2003,1024,1514,1514,1514,1514,1514,1514,1514,1514,1514,998,998,43
237.3441607952118,1573,1514,1514,1514,1024,2003,1024,1514,1514,1514,1514,1514,1514,1514,1514,1514,998,998,43
237.44289994239807,1565,1514,1508,1514,1024,2003,1024,1514,1514,1514,1514,1514,1514,1514,1514,1514,998,998,43
237.5454773902893,1535,1514,1489,1514,1024,2003,1024,1514,1514,1514,1514,1514,1514,1514,1514,1514,998,998,43
237.64366579055786,1514,1514,1507,1514,1024,2003,1024,1514,1514,1514,1514,1514,1514,1514,1514,1514,998,998,43
237.74257516860962,1514,1514,1532,1514,1024,2003,1024,1514,1514,1514,1514,1514,1514,1514,1514,1514,998,998,43
237.84465336799622,1514,1514,1551,1514,1024,2003,1024,1514,1514,1514,1514,1514,1514,1514,1514,1514,998,998,43
237.94456696510315,1514,1514,1572,1514,1024,2003,1024,1514,1514,1514,1514,1514,1514,1514,1514,1514,998,998,43
238.04395818710327,1514,1514,1580,1514,1024,2003,1024,1514,1514,1514,1514,1514,1514,1514,1514,1514,998,998,43
238.14766693115234,1514,1514,1582,1514,1024,2003,1024,1514,1514,1514,1514,1514,1514,1514,1514,1514,998,998,43
238.2462728023529,1514,1514,1580,1514,1024,2003,1024,1514,1514,1514,1514,1514,1514,1514,1514,1514,998,998,43
238.34316086769104,1514,1514,1566,1514,1024,2003,1024,1514,1514,1514,1514,1514,1514,1514,1514,1514,998,998,43
238.4436056613922,1514,1514,1542,1514,1024,2003,1024,1514,1514,1514,1514,1514,1514,1514,1514,1514,998,998,43
238.54444909095764,1514,1514,1537,1514,1024,2003,1024,1514,1514,1514,1514,1514,1514,1514,1514,1514,998,998,43
238.64364624023438,1514,1518,1530,1514,1024,2003,1024,1514,1514,1514,1514,1514,1514,1514,1514,1514,998,998,43
238.74512887001038,1514,1518,1522,1514,1024,2003,1024,1514,1514,1514,1514,1514,1514,1514,1514,1514,998,998,43
238.84432983398438,1514,1518,1523,1514,1024,2003,1024,1514,1514,1514,1514,1514,1514,1514,1514,1514,998,998,43
238.9442811012268,1514,1516,1530,1514,1024,2003,1024,1514,1514,1514,1514,1514,1514,1514,1514,1514,998,998,43
239.04867386817932,1514,1514,1543,1514,1024,2003,1024,1514,1514,1514,1514,1514,1514,1514,1514,1514,998,998,43
239.14495205879211,1514,1514,1545,1514,1024,2003,1024,1514,1514,1514,1514,1514,1514,1514,1514,1514,998,998,43
239.24423170089722,1514,1514,1553,1514,1024,2003,1024,1514,1514,1514,1514,1514,1514,1514,1514,1514,998,998,43
239.34570956230164,1514,1514,1554,1514,1024,2003,1024,1514,1514,1514,1514,1514,1514,1514,1514,1514,998,998,43
239.4453830718994,1514,1514,1552,1514,1024,2003,1024,1514,1514,1514,1514,1514,1514,1514,1514,1514,998,998,43
239.54536056518555,1514,1514,1544,1514,1024,2003,1024,1514,1514,1514,1514,1514,1514,1514,1514,1514,998,998,43
239.64585757255554,1514,1520,1539,1514,1024,2003,1024,1514,1514,1514,1514,1514,1514,1514,1514,1514,998,998,43
239.7451136112213,1513,1525,1537,1514,1024,2003,1024,1514,1514,1514,1514,1514,1514,1514,1514,1514,998,998,43
239.84491109848022,1511,1532,1535,1514,1024,2003,1024,1514,1514,1514,1514,1514,1514,1514,1514,1514,998,998,43
239.95222234725952,1510,1534,1537,1514,1024,2003,1024,1514,1514,1514,1514,1514,1514,1514,1514,1514,998,998,43
240.0453016757965,1508,1535,1534,1514,1024,2003,1024,1514,1514,1514,1514,1514,1514,1514,1514,1514,998,998,43
240.14510321617126,1505,1535,1533,1514,1024,2003,1024,1514,1514,1514,1514,1514,1514,1514,1514,1514,998,998,43
240.24601769447327,1497,1539,1527,1514,1024,2003,1024,1514,1514,1514,1514,1514,1514,1514,1514,1514,998,998,43
240.34580898284912,1494,1542,1527,1514,1024,2003,1024,1514,1514,1514,1514,1514,1514,1514,1514,1514,998,998,43
240.44523978233337,1496,1548,1525,1514,1024,2003,1024,1514,1514,1514,1514,1514,1514,1514,1514,1514,998,998,43
240.54624891281128,1514,1553,1525,1514,1024,2003,1024,1514,1514,1514,1514,1514,1514,1514,1514,1514,998,998,43
240.64551258087158,1514,1537,1523,1514,1024,2003,1024,1514,1514,1514,1514,1514,1514,1514,1514,1514,998,998,43
240.74487233161926,1514,1530,1518,1514,1024,2003,1024,1514,1514,1514,1514,1514,1514,1514,1514,1514,998,998,43
240.8464081287384,1514,1514,1508,1514,1024,2003,1024,1514,1514,1514,1514,1514,1514,1514,1514,1514,998,998,43
240.9458544254303,1514,1514,1454,1514,1024,2003,1024,1514,1514,1514,1514,1514,1514,1514,1514,1514,998,998,43
241.0449891090393,1514,1514,1332,1514,1024,2003,1024,1514,1514,1514,1514,1514,1514,1514,1514,1514,998,998,43
241.146981716156,1514,1514,1259,1514,1024,2003,1024,1514,1514,1514,1514,1514,1514,1514,1514,1514,998,998,43
241.24620652198792,1514,1514,1220,1514,1024,2003,1024,1514,1514,1514,1514,1514,1514,1514,1514,1514,998,998,43
241.34539246559143,1514,1514,1075,1514,1024,2003,1024,1514,1514,1514,1514,1514,1514,1514,1514,1514,998,998,43
241.4449954032898,1514,1514,1046,1514,1024,2003,1024,1514,1514,1514,1514,1514,1514,1514,1514,1514,998,998,43
241.54697465896606,1514,1514,1047,1514,1024,2003,1024,1514,1514,1514,1514,1514,1514,1514,1514,1514,998,998,43
241.64622330665588,1514,1514,1055,1514,1024,2003,1024,1514,1514,1514,1514,1514,1514,1514,1514,1514,998,998,43
241.74532341957092,1514,1514,1053,1514,1024,2003,1024,1514,1514,1514,1514,1514,1514,1514,1514,1514,998,998,43
241.8471703529358,1514,1514,1053,1514,1024,2003,1024,1514,1514,1514,1514,1514,1514,1514,1514,1514,998,998,43
241.94668102264404,1514,1514,1053,1514,1024,2003,1024,1514,1514,1514,1514,1514,1514,1514,1514,1514,998,998,43
242.0472800731659,1514,1514,1053,1514,1024,1024,1024,1514,1514,1514,1514,1514,1514,1514,1514,1514,998,998,43
242.14663004875183,1514,1514,1053,1514,1024,1024,1024,1514,1514,1514,1514,1514,1514,1514,1514,1514,998,998,43
242.24639296531677,1514,1514,1053,1514,1024,1024,1024,1514,1514,1514,1514,1514,1514,1514,1514,1514,998,998,43
242.34752893447876,1514,1514,1053,1514,1024,1024,1024,1514,1514,1514,1514,1514,1514,1514,1514,1514,998,998,43
242.44707584381104,1514,1514,1045,1514,1024,1024,1024,1514,1514,1514,1514,1514,1514,1514,1514,1514,998,998,43
242.54731678962708,1514,1514,1052,1514,1024,1024,1024,1514,1514,1514,1514,1514,1514,1514,1514,1514,998,998,43
242.6472201347351,1514,1514,1050,1514,1024,1024,1024,1514,1514,1514,1514,1514,1514,1514,1514,1514,998,998,43
242.7480766773224,1514,1514,1048,1514,1024,1024,1024,1514,1514,1514,1514,1514,1514,1514,1514,1514,998,998,43
242.8470618724823,1514,1514,1047,1514,1024,1024,1024,1514,1514,1514,1514,1514,1514,1514,1514,1514,998,998,43
242.9464406967163,1514,1514,1047,1514,1024,1024,1024,1514,1514,1514,1514,1514,1514,1514,1514,1514,998,998,43
243.04663252830505,1514,1514,1047,1514,1024,1024,1024,1514,1514,1514,1514,1514,1514,1514,1514,1514,998,998,43
243.154301404953,1514,1514,1047,1514,1024,1024,1024,1514,1514,1514,1514,1514,1514,1514,1514,1514,998,998,43
243.24765920639038,1514,1514,1047,1514,1024,1024,1024,1514,1514,1514,1514,1514,1514,1514,1514,1514,998,998,43
243.34649753570557,1514,1514,1048,1514,1024,1024,1024,1514,1514,1514,1514,1514,1514,1514,1514,1514,998,998,43
243.44830703735352,1514,1514,1048,1514,1024,1024,1024,1514,1514,1514,1514,1514,1514,1514,1514,1514,998,998,43
243.54840421676636,1514,1514,1048,1514,1024,1024,1024,1514,1514,1514,1514,1514,1514,1514,1514,1514,998,998,43
243.64758372306824,1514,1514,1047,1514,1024,1024,1024,1514,1514,1514,1514,1514,1514,1514,1514,1514,998,998,43
243.74667191505432,1514,1514,1047,1514,1024,1024,1024,1514,1514,1514,1514,1514,1514,1514,1514,1514,998,998,43
243.84870719909668,1514,1514,1048,1514,1024,1024,1024,1514,1514,1514,1514,1514,1514,1514,1514,1514,998,998,43
243.95668959617615,1514,1514,1052,1514,1024,1024,1024,1514,1514,1514,1514,1514,1514,1514,1514,1514,998,998,43
244.04794549942017,1514,1514,1048,1514,1024,1024,1024,1514,1514,1514,1514,1514,1514,1514,1514,1514,998,998,43
244.1537389755249,1514,1514,1048,1514,1024,1024,1024,1514,1514,1514,1514,1514,1514,1514,1514,1514,998,998,43
244.24888134002686,1514,1514,1048,1514,1024,1024,1024,1514,1514,1514,1514,1514,1514,1514,1514,1514,998,998,43
244.348042011261,1514,1514,1047,1514,1024,1024,1024,1514,1514,1514,1514,1514,1514,1514,1514,1514,998,998,43
244.4478940963745,1514,1514,1047,1514,1024,1024,1024,1514,1514,1514,1514,1514,1514,1514,1514,1514,998,998,43
244.54756546020508,1514,1514,1047,1514,1024,1024,1024,1514,1514,1514,1514,1514,1514,1514,1514,1514,998,998,43
244.64904260635376,1514,1514,1047,1514,1024,1024,1024,1514,1514,1514,1514,1514,1514,1514,1514,1514,998,998,43
244.74825024604797,1514,1514,1047,1514,1024,1024,1024,1514,1514,1514,1514,1514,1514,1514,1514,1514,998,998,43
244.8482699394226,1514,1514,1047,1514,1024,1024,1024,1514,1514,1514,1514,1514,1514,1514,1514,1514,998,998,43
244.95127844810486,1514,1514,1047,1514,1024,1024,1024,1514,1514,1514,1514,1514,1514,1514,1514,1514,998,998,43
245.05055809020996,1514,1514,1047,1514,1024,1024,1024,1514,1514,1514,1514,1514,1514,1514,1514,1514,998,998,43
245.1518678665161,1514,1514,1047,1514,1024,1024,1024,1514,1514,1514,1514,1514,1514,1514,1514,1514,998,998,43
245.25247049331665,1514,1514,1047,1514,1024,1024,1024,1514,1514,1514,1514,1514,1514,1514,1514,1514,998,998,43
245.34794211387634,1514,1514,1046,1514,1024,1024,1024,1514,1514,1514,1514,1514,1514,1514,1514,1514,998,998,43
245.44989347457886,1514,1514,1047,1514,1024,1024,1024,1514,1514,1514,1514,1514,1514,1514,1514,1514,998,998,43
245.5488338470459,1514,1514,1046,1514,1024,1024,1024,1514,1514,1514,1514,1514,1514,1514,1514,1514,998,998,43
245.6483747959137,1514,1514,1046,1514,1024,1024,1024,1514,1514,1514,1514,1514,1514,1514,1514,1514,998,998,43
245.74994611740112,1514,1514,1046,1514,1024,1024,1024,1514,1514,1514,1514,1514,1514,1514,1514,1514,998,998,43
245.85681653022766,1514,1514,1046,1514,1024,1024,1024,1514,1514,1514,1514,1514,1514,1514,1514,1514,998,998,43
245.9515619277954,1514,1514,1046,1514,1024,1024,1024,1514,1514,1514,1514,1514,1514,1514,1514,1514,998,998,43
246.04905033111572,1514,1514,1046,1514,1024,1024,1024,1514,1514,1514,1514,1514,1514,1514,1514,1514,998,998,43
246.15024304389954,1514,1514,1046,1514,1024,1024,1024,1514,1514,1514,1514,1514,1514,1514,1514,1514,998,998,43
246.24992084503174,1514,1514,1046,1514,1024,1024,1024,1514,1514,1514,1514,1514,1514,1514,1514,1514,998,998,43
246.3486590385437,1514,1514,1046,1514,1024,1024,1024,1514,1514,1514,1514,1514,1514,1514,1514,1514,998,998,43
246.45081758499146,1514,1514,1046,1514,1024,1024,1024,1514,1514,1514,1514,1514,1514,1514,1514,1514,998,998,43
246.54949831962585,1514,1514,1046,1514,1024,1024,1024,1514,1514,1514,1514,1514,1514,1514,1514,1514,998,998,43
246.65160298347473,1514,1514,1046,1514,1024,1024,1024,1514,1514,1514,1514,1514,1514,1514,1514,1514,998,998,43
246.75031518936157,1514,1514,1046,1514,1024,1024,1024,1514,1514,1514,1514,1514,1514,1514,1514,1514,998,998,43
246.85011672973633,1514,1514,1046,1514,1024,1024,1024,1514,1514,1514,1514,1514,1514,1514,1514,1514,998,998,43
246.94910764694214,1514,1514,1046,1514,1024,1024,1024,1514,1514,1514,1514,1514,1514,1514,1514,1514,998,998,43
247.05102729797363,1514,1514,1046,1514,1024,1024,1024,1514,1514,1514,1514,1514,1514,1514,1514,1514,998,998,43
247.15053391456604,1514,1514,1046,1514,1024,1024,1024,1514,1514,1514,1514,1514,1514,1514,1514,1514,998,998,43
247.24979209899902,1514,1514,1046,1514,1024,1024,1024,1514,1514,1514,1514,1514,1514,1514,1514,1514,998,998,43
247.34899187088013,1514,1514,1046,1514,1024,1024,1024,1514,1514,1514,1514,1514,1514,1514,1514,1514,998,998,43
247.45125007629395,1514,1514,1046,1514,1024,1024,1024,1514,1514,1514,1514,1514,1514,1514,1514,1514,998,998,43
247.55018186569214,1514,1514,1046,1514,1024,1024,1024,1514,1514,1514,1514,1514,1514,1514,1514,1514,998,998,43
247.6502890586853,1514,1514,1046,1514,1024,1024,1024,1514,1514,1514,1514,1514,1514,1514,1514,1514,998,998,43
247.74953079223633,1514,1514,1046,1514,1024,1024,1024,1514,1514,1514,1514,1514,1514,1514,1514,1514,998,998,43
247.85140347480774,1514,1514,1046,1514,1024,1024,1024,1514,1514,1514,1514,1514,1514,1514,1514,1514,998,998,43
247.9503791332245,1514,1514,1046,1514,1024,1024,1024,1514,1514,1514,1514,1514,1514,1514,1514,1514,998,998,43
248.0496380329132,1514,1514,1046,1514,1024,1024,1024,1514,1514,1514,1514,1514,1514,1514,1514,1514,998,998,43
248.15115404129028,1514,1514,1046,1514,1024,1024,1024,1514,1514,1514,1514,1514,1514,1514,1514,1514,998,998,43
248.25050950050354,1514,1514,1046,1514,1024,1024,1024,1514,1514,1514,1514,1514,1514,1514,1514,1514,998,998,43
248.35645532608032,1514,1514,1046,1514,1024,1024,1024,1514,1514,1514,1514,1514,1514,1514,1514,1514,998,998,43
248.45155811309814,1514,1514,1046,1514,1024,1024,1024,1514,1514,1514,1514,1514,1514,1514,1514,1514,998,998,43
248.55164694786072,1514,1514,1046,1514,1024,1024,1024,1514,1514,1514,1514,1514,1514,1514,1514,1514,998,998,43
248.65108942985535,1514,1514,1046,1514,1024,1024,1024,1514,1514,1514,1514,1514,1514,1514,1514,1514,998,998,43
248.75667524337769,1514,1514,1046,1514,1024,1024,1024,1514,1514,1514,1514,1514,1514,1514,1514,1514,998,998,43
248.85168528556824,1514,1514,1046,1514,1024,1024,1024,1514,1514,1514,1514,1514,1514,1514,1514,1514,998,998,43
248.9508409500122,1514,1514,1046,1514,1024,1024,1024,1514,1514,1514,1514,1514,1514,1514,1514,1514,998,998,43
249.05130219459534,1514,1514,1046,1514,1024,1024,1024,1514,1514,1514,1514,1514,1514,1514,1514,1514,998,998,43
249.15023231506348,1514,1514,1046,1514,1024,1024,1024,1514,1514,1514,1514,1514,1514,1514,1514,1514,998,998,43
249.25218057632446,1514,1514,1046,1514,1024,1024,1024,1514,1514,1514,1514,1514,1514,1514,1514,1514,998,998,43
249.35123944282532,1514,1514,1046,1514,1024,1024,1024,1514,1514,1514,1514,1514,1514,1514,1514,1514,998,998,43
249.4505136013031,1514,1514,1046,1514,1024,1024,1024,1514,1514,1514,1514,1514,1514,1514,1514,1514,998,998,43
249.55149507522583,1514,1514,1046,1514,1024,1024,1024,1514,1514,1514,1514,1514,1514,1514,1514,1514,998,998,43
249.65053248405457,1514,1514,1046,1514,1024,1024,1024,1514,1514,1514,1514,1514,1514,1514,1514,1514,998,998,43
249.7521939277649,1514,1514,1046,1514,1024,1024,1024,1514,1514,1514,1514,1514,1514,1514,1514,1514,998,998,43
249.8515899181366,1514,1514,1046,1514,1024,1024,1024,1514,1514,1514,1514,1514,1514,1514,1514,1514,998,998,43
249.95072174072266,1514,1514,1046,1514,1024,1024,1024,1514,1514,1514,1514,1514,1514,1514,1514,1514,998,998,43
250.05281448364258,1514,1514,1046,1514,1024,1024,1024,1514,1514,1514,1514,1514,1514,1514,1514,1514,998,998,43
250.15189456939697,1514,1514,1046,1514,1024,1024,1024,1514,1514,1514,1514,1514,1514,1514,1514,1514,998,998,43
250.2519564628601,1514,1514,1046,1514,1024,1024,1024,1514,1514,1514,1514,1514,1514,1514,1514,1514,998,998,43
250.35085153579712,1514,1514,1046,1514,1024,1024,1024,1514,1514,1514,1514,1514,1514,1514,1514,1514,998,998,43
250.45352244377136,1514,1514,1046,1514,1024,1024,1024,1514,1514,1514,1514,1514,1514,1514,1514,1514,998,998,43
250.55224108695984,1514,1514,1046,1514,1024,1024,1024,1514,1514,1514,1514,1514,1514,1514,1514,1514,998,998,43
250.6571662425995,1514,1514,1046,1514,1024,1024,1024,1514,1514,1514,1514,1514,1514,1514,1514,1514,998,998,43
250.75303173065186,1514,1514,1046,1514,1024,1024,1024,1514,1514,1514,1514,1514,1514,1514,1514,1514,998,998,43
250.85198974609375,1514,1514,1046,1514,1024,1024,1024,1514,1514,1514,1514,1514,1514,1514,1514,1514,998,998,43
250.95126295089722,1514,1514,1046,1514,1024,1024,1024,1514,1514,1514,1514,1514,1514,1514,1514,1514,998,998,43
251.05307960510254,1514,1514,1046,1514,1024,1024,1024,1514,1514,1514,1514,1514,1514,1514,1514,1514,998,998,43
251.15293741226196,1514,1514,1046,1514,1024,1024,1024,1514,1514,1514,1514,1514,1514,1514,1514,1514,998,998,43
251.25228810310364,1514,1514,1046,1514,1024,1024,1024,1514,1514,1514,1514,1514,1514,1514,1514,1514,998,998,43
251.35148453712463,1514,1514,1046,1514,1024,1024,1024,1514,1514,1514,1514,1514,1514,1514,1514,1514,998,998,43
251.45325660705566,1514,1514,1046,1514,1024,1024,1024,1514,1514,1514,1514,1514,1514,1514,1514,1514,998,998,43
251.5525417327881,1514,1514,1046,1514,1024,1024,1024,1514,1514,1514,1514,1514,1514,1514,1514,1514,998,998,43
251.65262126922607,1514,1514,1046,1514,1024,1024,1024,1514,1514,1514,1514,1514,1514,1514,1514,1514,998,998,43
251.7543580532074,1514,1514,1046,1514,1024,1024,1024,1514,1514,1514,1514,1514,1514,1514,1514,1514,998,998,43
251.85356211662292,1514,1514,1046,1514,1024,1024,1024,1514,1514,1514,1514,1514,1514,1514,1514,1514,998,998,43
251.95275259017944,1514,1514,1046,1514,1024,1024,1024,1514,1514,1514,1514,1514,1514,1514,1514,1514,998,998,43
252.0590841770172,1514,1514,1046,1514,1024,1024,1024,1514,1514,1514,1514,1514,1514,1514,1514,1514,998,998,43
252.15204286575317,1514,1514,1046,1514,1024,1024,1024,1514,1514,1514,1514,1514,1514,1514,1514,1514,998,998,43
252.25380301475525,1514,1514,1046,1514,1024,1024,1024,1514,1514,1514,1514,1514,1514,1514,1514,1514,998,998,43
252.35320806503296,1514,1514,1046,1514,1024,1024,1024,1514,1514,1514,1514,1514,1514,1514,1514,1514,998,998,43
252.4524281024933,1514,1514,1046,1514,1024,1024,1024,1514,1514,1514,1514,1514,1514,1514,1514,1514,998,998,43
252.5539743900299,1514,1514,1046,1514,1024,1024,1024,1514,1514,1514,1514,1514,1514,1514,1514,1514,998,998,43
252.65159678459167,1514,1514,1045,1514,1024,1024,1024,1514,1514,1514,1514,1514,1514,1514,1514,1514,998,998,43
252.75387358665466,1514,1514,1046,1514,1024,1024,1024,1514,1514,1514,1514,1514,1514,1514,1514,1514,998,998,43
252.85331749916077,1514,1514,1046,1514,1024,1024,1024,1514,1514,1514,1514,1514,1514,1514,1514,1514,998,998,43
252.95246505737305,1514,1514,1046,1514,1024,1024,1024,1514,1514,1514,1514,1514,1514,1514,1514,1514,998,998,43
253.0541570186615,1514,1514,1046,1514,1024,1024,1024,1514,1514,1514,1514,1514,1514,1514,1514,1514,998,998,43
253.15360260009766,1514,1514,1046,1514,1024,1024,1024,1514,1514,1514,1514,1514,1514,1514,1514,1514,998,998,43
253.25291848182678,1514,1514,1046,1514,1024,1024,1024,1514,1514,1514,1514,1514,1514,1514,1514,1514,998,998,43
253.351731300354,1514,1514,1046,1514,1024,1024,1024,1514,1514,1514,1514,1514,1514,1514,1514,1514,998,998,43
253.45455050468445,1514,1514,1046,1514,1024,1024,1024,1514,1514,1514,1514,1514,1514,1514,1514,1514,998,998,43
253.55380749702454,1514,1514,1046,1514,1024,1024,1024,1514,1514,1514,1514,1514,1514,1514,1514,1514,998,998,43
253.6529664993286,1514,1514,1045,1514,1024,1024,1024,1514,1514,1514,1514,1514,1514,1514,1514,1514,998,998,43
253.75451278686523,1514,1514,1046,1514,1024,1024,1024,1514,1514,1514,1514,1514,1514,1514,1514,1514,998,998,43
253.8540608882904,1514,1514,1046,1514,1024,1024,1024,1514,1514,1514,1514,1514,1514,1514,1514,1514,998,998,43
253.95291590690613,1514,1514,1046,1514,1024,1024,1024,1514,1514,1514,1514,1514,1514,1514,1514,1514,998,998,43
254.0545666217804,1514,1514,1046,1514,1024,1024,1024,1514,1514,1514,1514,1514,1514,1514,1514,1514,998,998,43
254.15234375,1514,1514,1046,1514,1024,1024,1024,1514,1514,1514,1514,1514,1514,1514,1514,1514,998,998,43
254.25404810905457,1514,1514,1046,1514,1024,1024,1024,1514,1514,1514,1514,1514,1514,1514,1514,1514,998,998,43
254.35320210456848,1514,1514,1046,1514,1024,1024,1024,1514,1514,1514,1514,1514,1514,1514,1514,1514,998,998,43
254.45509934425354,1514,1514,1046,1514,1024,1024,1024,1514,1514,1514,1514,1514,1514,1514,1514,1514,998,998,43
254.55413937568665,1514,1514,1046,1514,1024,1024,1024,1514,1514,1514,1514,1514,1514,1514,1514,1514,998,998,43
254.65436458587646,1514,1514,1046,1514,1024,1024,1024,1514,1514,1514,1514,1514,1514,1514,1514,1514,998,998,43
254.75353002548218,1514,1514,1046,1514,1024,1024,1024,1514,1514,1514,1514,1514,1514,1514,1514,1514,998,998,43
254.85529494285583,1514,1514,1046,1514,1024,1024,1024,1514,1514,1514,1514,1514,1514,1514,1514,1514,998,998,43
254.95632910728455,1514,1514,1046,1514,1024,1024,1024,1514,1514,1514,1514,1514,1514,1514,1514,1514,998,998,43
255.0542697906494,1514,1514,1045,1514,1024,1024,1024,1514,1514,1514,1514,1514,1514,1514,1514,1514,998,998,43
255.1535029411316,1514,1514,1046,1514,1024,1024,1024,1514,1514,1514,1514,1514,1514,1514,1514,1514,998,998,43
255.2552092075348,1514,1514,1046,1514,1024,1024,1024,1514,1514,1514,1514,1514,1514,1514,1514,1514,998,998,43
255.35460448265076,1514,1514,1046,1514,1024,1024,1024,1514,1514,1514,1514,1514,1514,1514,1514,1514,998,998,43
255.4542739391327,1514,1514,1046,1514,1024,1024,1024,1514,1514,1514,1514,1514,1514,1514,1514,1514,998,998,43
255.5538260936737,1514,1514,1046,1514,1024,1024,1024,1514,1514,1514,1514,1514,1514,1514,1514,1514,998,998,43
255.65571808815002,1514,1514,1046,1514,1024,1024,1024,1514,1514,1514,1514,1514,1514,1514,1514,1514,998,998,43
255.75499057769775,1514,1514,1046,1514,1024,1024,1024,1514,1514,1514,1514,1514,1514,1514,1514,1514,998,998,43
255.85477495193481,1514,1514,1046,1514,1024,1024,1024,1514,1514,1514,1514,1514,1514,1514,1514,1514,998,998,43
255.9541835784912,1514,1514,1046,1514,1024,1024,1024,1514,1514,1514,1514,1514,1514,1514,1514,1514,998,998,43
256.0558862686157,1514,1514,1046,1514,1024,1024,1024,1514,1514,1514,1514,1514,1514,1514,1514,1514,998,998,43
256.1550335884094,1514,1514,1046,1514,1024,1024,1024,1514,1514,1514,1514,1514,1514,1514,1514,1514,998,998,43
256.2544186115265,1514,1514,1046,1514,1024,1024,1024,1514,1514,1514,1514,1514,1514,1514,1514,1514,998,998,43
256.3569595813751,1514,1514,1045,1514,1024,1024,1024,1514,1514,1514,1514,1514,1514,1514,1514,1514,998,998,43
256.4556694030762,1514,1514,1046,1514,1024,1024,1024,1514,1514,1514,1514,1514,1514,1514,1514,1514,998,998,43
256.5550208091736,1514,1514,1045,1514,1024,1024,1024,1514,1514,1514,1514,1514,1514,1514,1514,1514,998,998,43
256.6548385620117,1514,1514,1045,1514,1024,1024,1024,1514,1514,1514,1514,1514,1514,1514,1514,1514,998,998,43
256.75614976882935,1514,1514,1046,1514,1024,1024,1024,1514,1514,1514,1514,1514,1514,1514,1514,1514,998,998,43
256.8560082912445,1514,1514,1045,1514,1024,1024,1024,1514,1514,1514,1514,1514,1514,1514,1514,1514,998,998,43
256.9549210071564,1514,1514,1046,1514,1024,1024,1024,1514,1514,1514,1514,1514,1514,1514,1514,1514,998,998,43
257.056218624115,1514,1514,1046,1514,1024,1024,1024,1514,1514,1514,1514,1514,1514,1514,1514,1514,998,998,43
257.1557102203369,1514,1514,1046,1514,1024,1024,1024,1514,1514,1514,1514,1514,1514,1514,1514,1514,998,998,43
257.25585985183716,1514,1514,1045,1514,1024,1024,1024,1514,1514,1514,1514,1514,1514,1514,1514,1514,998,998,43
257.3546984195709,1514,1514,1046,1514,1024,1024,1024,1514,1514,1514,1514,1514,1514,1514,1514,1514,998,998,43
257.45670533180237,1514,1514,1046,1514,1024,1024,1024,1514,1514,1514,1514,1514,1514,1514,1514,1514,998,998,43
257.5559000968933,1514,1514,1045,1514,1024,1024,1024,1514,1514,1514,1514,1514,1514,1514,1514,1514,998,998,43
257.65540981292725,1514,1514,1045,1514,1024,1024,1024,1514,1514,1514,1514,1514,1514,1514,1514,1514,998,998,43
257.75490951538086,1514,1514,1045,1514,1024,1024,1024,1514,1514,1514,1514,1514,1514,1514,1514,1514,998,998,43
257.85668683052063,1514,1514,1045,1514,1024,1024,1024,1514,1514,1514,1514,1514,1514,1514,1514,1514,998,998,43
257.95612812042236,1514,1514,1046,1514,1024,1024,1024,1514,1514,1514,1514,1514,1514,1514,1514,1514,998,998,43
258.0551040172577,1514,1514,1045,1514,1024,1024,1024,1514,1514,1514,1514,1514,1514,1514,1514,1514,998,998,43
258.1567840576172,1514,1514,1046,1514,1024,1024,1024,1514,1514,1514,1514,1514,1514,1514,1514,1514,998,998,43
258.2569966316223,1514,1514,1045,1514,1024,1024,1024,1514,1514,1514,1514,1514,1514,1514,1514,1514,998,998,43
258.3565123081207,1514,1514,1045,1514,1024,1024,1024,1514,1514,1514,1514,1514,1514,1514,1514,1514,998,998,43
258.45599365234375,1514,1514,1046,1514,1024,1024,1024,1514,1514,1514,1514,1514,1514,1514,1514,1514,998,998,43
258.5571479797363,1514,1514,1046,1514,1024,1024,1024,1514,1514,1514,1514,1514,1514,1514,1514,1514,998,998,43
258.65650963783264,1514,1514,1045,1514,1024,1024,1024,1514,1514,1514,1514,1514,1514,1514,1514,1514,998,998,43
258.75542402267456,1514,1514,1045,1514,1024,1024,1024,1514,1514,1514,1514,1514,1514,1514,1514,1514,998,998,43
258.85839200019836,1514,1514,1046,1514,1024,1024,1024,1514,1514,1514,1514,1514,1514,1514,1514,1514,998,998,43
258.95691990852356,1514,1514,1045,1514,1024,1024,1024,1514,1514,1514,1514,1514,1514,1514,1514,1514,998,998,43
259.05611538887024,1514,1514,1045,1514,1024,1024,1024,1514,1514,1514,1514,1514,1514,1514,1514,1514,998,998,43
259.1573233604431,1514,1514,1045,1514,1024,1024,1024,1514,1514,1514,1514,1514,1514,1514,1514,1514,998,998,43
259.25736379623413,1514,1514,1045,1514,1024,1024,1024,1514,1514,1514,1514,1514,1514,1514,1514,1514,998,998,43
259.3699879646301,1514,1514,1045,1514,1024,1024,1024,1514,1514,1514,1514,1514,1514,1514,1514,1514,998,998,43
259.4570314884186,1514,1514,1045,1514,1024,1024,1024,1514,1514,1514,1514,1514,1514,1514,1514,1514,998,998,43
259.5593092441559,1514,1514,1045,1514,1024,1024,1024,1514,1514,1514,1514,1514,1514,1514,1514,1514,998,998,43
259.65718269348145,1514,1514,1045,1514,1024,1024,1024,1514,1514,1514,1514,1514,1514,1514,1514,1514,998,998,43
259.75721621513367,1514,1514,1045,1514,1024,1024,1024,1514,1514,1514,1514,1514,1514,1514,1514,1514,998,998,43
259.85638999938965,1514,1514,1045,1514,1024,1024,1024,1514,1514,1514,1514,1514,1514,1514,1514,1514,998,998,43
259.9579782485962,1514,1514,1045,1514,1024,1024,1024,1514,1514,1514,1514,1514,1514,1514,1514,1514,998,998,43
260.05850887298584,1514,1514,1045,1514,1024,1024,1024,1514,1514,1514,1514,1514,1514,1514,1514,1514,998,998,43
260.1570472717285,1514,1514,1045,1514,1024,1024,1024,1514,1514,1514,1514,1514,1514,1514,1514,1514,998,998,43
260.2580814361572,1514,1514,1045,1514,1024,1024,1024,1514,1514,1514,1514,1514,1514,1514,1514,1514,998,998,43
260.35824823379517,1514,1514,1045,1514,1024,1024,1024,1514,1514,1514,1514,1514,1514,1514,1514,1514,998,998,43
260.4613962173462,1514,1514,1045,1514,1024,1024,1024,1514,1514,1514,1514,1514,1514,1514,1514,1514,998,998,43
260.5564749240875,1514,1514,1045,1514,1024,1024,1024,1514,1514,1514,1514,1514,1514,1514,1514,1514,998,998,43
260.65813970565796,1514,1514,1045,1514,1024,1024,1024,1514,1514,1514,1514,1514,1514,1514,1514,1514,998,998,43
260.7611663341522,1514,1514,1045,1514,1024,1024,1024,1514,1514,1514,1514,1514,1514,1514,1514,1514,998,998,43
260.8575031757355,1514,1514,1045,1514,1024,1024,1024,1514,1514,1514,1514,1514,1514,1514,1514,1514,998,998,43
260.9591021537781,1514,1514,1045,1514,1024,1024,1024,1514,1514,1514,1514,1514,1514,1514,1514,1514,998,998,43
261.05845832824707,1514,1514,1045,1514,1024,1024,1024,1514,1514,1514,1514,1514,1514,1514,1514,1514,998,998,43
261.15776801109314,1514,1514,1045,1514,1024,1024,1024,1514,1514,1514,1514,1514,1514,1514,1514,1514,998,998,43
261.25813460350037,1514,1514,1045,1514,1024,1024,1024,1514,1514,1514,1514,1514,1514,1514,1514,1514,998,998,43
261.35688376426697,1514,1514,1045,1514,1024,1024,1024,1514,1514,1514,1514,1514,1514,1514,1514,1514,998,998,43
261.458918094635,1514,1514,1045,1514,1024,1024,1024,1514,1514,1514,1514,1514,1514,1514,1514,1514,998,998,43
261.55783915519714,1514,1514,1045,1514,1024,1024,1024,1514,1514,1514,1514,1514,1514,1514,1514,1514,998,998,43
261.6574411392212,1514,1514,1045,1514,1024,1024,1024,1514,1514,1514,1514,1514,1514,1514,1514,1514,998,998,43
261.7569854259491,1514,1514,1045,1514,1024,1024,1024,1514,1514,1514,1514,1514,1514,1514,1514,1514,998,998,43
261.85889863967896,1514,1514,1045,1514,1024,1024,1024,1514,1514,1514,1514,1514,1514,1514,1514,1514,998,998,43
261.9621124267578,1514,1514,1045,1514,1024,1024,1024,1514,1514,1514,1514,1514,1514,1514,1514,1514,998,998,43
262.06108045578003,1514,1514,1045,1514,1024,1024,1024,1514,1514,1514,1514,1514,1514,1514,1514,1514,998,998,43
262.1628897190094,1514,1514,1045,1514,1024,1024,1024,1514,1514,1514,1514,1514,1514,1514,1514,1514,998,998,43
262.25908970832825,1514,1514,1045,1514,1024,1024,1024,1514,1514,1514,1514,1514,1514,1514,1514,1514,998,998,43
262.3590416908264,1514,1514,1045,1514,1024,1024,1024,1514,1514,1514,1514,1514,1514,1514,1514,1514,998,998,43
262.4581551551819,1514,1514,1045,1514,1024,1024,1024,1514,1514,1514,1514,1514,1514,1514,1514,1514,998,998,43
262.55897974967957,1514,1514,1046,1514,1024,1024,1024,1514,1514,1514,1514,1514,1514,1514,1514,1514,998,998,43
262.65847873687744,1514,1514,1045,1514,1024,1024,1024,1514,1514,1514,1514,1514,1514,1514,1514,1514,998,998,43
262.7584717273712,1514,1514,1045,1514,1024,1024,1024,1514,1514,1514,1514,1514,1514,1514,1514,1514,998,998,43
262.8578910827637,1514,1514,1045,1514,1024,1024,1024,1514,1514,1514,1514,1514,1514,1514,1514,1514,998,998,43
262.9596869945526,1514,1514,1045,1514,1024,1024,1024,1514,1514,1514,1514,1514,1514,1514,1514,1514,998,998,43
263.05877709388733,1514,1514,1045,1514,1024,1024,1024,1514,1514,1514,1514,1514,1514,1514,1514,1514,998,998,43
263.15785574913025,1514,1514,1045,1514,1024,1024,1024,1514,1514,1514,1514,1514,1514,1514,1514,1514,998,998,43
263.25897884368896,1514,1514,1045,1514,1024,1024,1024,1514,1514,1514,1514,1514,1514,1514,1514,1514,998,998,43
263.3579866886139,1514,1514,1045,1514,1024,1024,1024,1514,1514,1514,1514,1514,1514,1514,1514,1514,998,998,43
263.4596574306488,1514,1514,1045,1514,1024,1024,1024,1514,1514,1514,1514,1514,1514,1514,1514,1514,998,998,43
263.5611026287079,1514,1514,1045,1514,1024,1024,1024,1514,1514,1514,1514,1514,1514,1514,1514,1514,998,998,43
263.6581904888153,1514,1514,1047,1514,1024,2003,1024,1514,1514,1514,1514,1514,1514,1514,1514,1514,998,998,43
263.7581570148468,1514,1514,1048,1514,1024,2003,1024,1514,1514,1514,1514,1514,1514,1514,1514,1514,998,998,43
263.859623670578,1514,1514,1048,1514,1024,2003,1024,1514,1514,1514,1514,1514,1514,1514,1514,1514,998,998,43
263.96106338500977,1514,1514,1048,1514,1024,2003,1024,1514,1514,1514,1514,1514,1514,1514,1514,1514,998,998,43
264.0744471549988,1514,1514,1047,1514,1024,2003,1024,1514,1514,1514,1514,1514,1514,1514,1514,1514,998,998,43
264.15888023376465,1514,1514,1048,1514,1024,2003,1024,1514,1514,1514,1514,1514,1514,1514,1514,1514,998,998,43
264.25974321365356,1514,1514,1047,1514,1024,2003,1024,1514,1514,1514,1514,1514,1514,1514,1514,1514,998,998,43
264.35998344421387,1514,1514,1046,1514,1024,2003,1024,1514,1514,1514,1514,1514,1514,1514,1514,1514,998,998,43
264.4591224193573,1514,1514,1046,1514,1024,2003,1024,1514,1514,1514,1514,1514,1514,1514,1514,1514,998,998,43
264.5593972206116,1514,1514,1046,1514,1024,2003,1024,1514,1514,1514,1514,1514,1514,1514,1514,1514,998,998,43
264.66002345085144,1514,1514,1046,1514,1024,2003,1024,1514,1514,1514,1514,1514,1514,1514,1514,1514,998,998,43
264.7594437599182,1514,1514,1046,1514,1024,2003,1024,1514,1514,1514,1514,1514,1514,1514,1514,1514,998,998,43
264.8584797382355,1514,1514,1045,1514,1024,2003,1024,1514,1514,1514,1514,1514,1514,1514,1514,1514,998,998,43
264.961612701416,1514,1514,1045,1514,1024,2003,1024,1514,1514,1514,1514,1514,1514,1514,1514,1514,998,998,43
265.0598611831665,1514,1514,1045,1514,1024,2003,1024,1514,1514,1514,1514,1514,1514,1514,1514,1514,998,998,43
265.15884375572205,1514,1514,1045,1514,1024,2003,1024,1514,1514,1514,1514,1514,1514,1514,1514,1514,998,998,43
265.2641441822052,1514,1514,1045,1514,1024,2003,1024,1514,1514,1514,1514,1514,1514,1514,1514,1514,998,998,43
265.3609631061554,1514,1514,1058,1514,1024,2003,1024,1514,1514,1514,1514,1514,1514,1514,1514,1514,998,998,43
265.459753036499,1514,1514,1068,1514,1024,2003,1024,1514,1514,1514,1514,1514,1514,1514,1514,1514,998,998,43
265.55891275405884,1514,1514,1102,1514,1024,2003,1024,1514,1514,1514,1514,1514,1514,1514,1514,1514,998,998,43
265.66064381599426,1514,1514,1148,1514,1024,2003,1024,1514,1514,1514,1514,1514,1514,1514,1514,1514,998,998,43
265.7596709728241,1514,1514,1195,1514,1024,2003,1024,1514,1514,1514,1514,1514,1514,1514,1514,1514,998,998,43
265.86587834358215,1514,1514,1209,1514,1024,2003,1024,1514,1514,1514,1514,1514,1514,1514,1514,1514,998,998,43
265.96064829826355,1514,1514,1225,1514,1024,2003,1024,1514,1514,1514,1514,1514,1514,1514,1514,1514,998,998,43
266.0641932487488,1514,1514,1240,1514,1024,2003,1024,1514,1514,1514,1514,1514,1514,1514,1514,1514,998,998,43
266.16197085380554,1514,1514,1285,1514,1024,2003,1024,1514,1514,1514,1514,1514,1514,1514,1514,1514,998,998,43
266.26086688041687,1514,1514,1304,1514,1024,2003,1024,1514,1514,1514,1514,1514,1514,1514,1514,1514,998,998,43
266.3638348579407,1514,1514,1328,1514,1024,2003,1024,1514,1514,1514,1514,1514,1514,1514,1514,1514,998,998,43
266.4600098133087,1514,1514,1347,1514,1024,2003,1024,1514,1514,1514,1514,1514,1514,1514,1514,1514,998,998,43
266.5609381198883,1514,1514,1373,1514,1024,2003,1024,1514,1514,1514,1514,1514,1514,1514,1514,1514,998,998,43
266.66094613075256,1514,1514,1375,1514,1024,2003,1024,1514,1514,1514,1514,1514,1514,1514,1514,1514,998,998,43
266.7600202560425,1514,1514,1402,1514,1024,2003,1024,1514,1514,1514,1514,1514,1514,1514,1514,1514,998,998,43
266.86124563217163,1514,1514,1428,1514,1024,2003,1024,1514,1514,1514,1514,1514,1514,1514,1514,1514,998,998,43
266.9606046676636,1514,1514,1450,1514,1024,2003,1024,1514,1514,1514,1514,1514,1514,1514,1514,1514,998,998,43
267.0597412586212,1514,1514,1473,1514,1024,2003,1024,1514,1514,1514,1514,1514,1514,1514,1514,1514,998,998,43
267.1611635684967,1514,1514,1485,1514,1024,2003,1024,1514,1514,1514,1514,1514,1514,1514,1514,1514,998,998,43
267.26064705848694,1514,1523,1487,1514,1024,2003,1024,1514,1514,1514,1514,1514,1514,1514,1514,1514,998,998,43
267.3601508140564,1514,1563,1487,1514,1024,2003,1024,1514,1514,1514,1514,1514,1514,1514,1514,1514,998,998,43
267.46366715431213,1514,1568,1491,1514,1024,2003,1024,1514,1514,1514,1514,1514,1514,1514,1514,1514,998,998,43
267.56096744537354,1514,1573,1495,1514,1024,2003,1024,1514,1514,1514,1514,1514,1514,1514,1514,1514,998,998,43
267.6600856781006,1514,1582,1500,1514,1024,2003,1024,1514,1514,1514,1514,1514,1514,1514,1514,1514,998,998,43
267.7615487575531,1525,1603,1516,1514,1024,2003,1024,1514,1514,1514,1514,1514,1514,1514,1514,1514,998,998,43
267.86190271377563,1530,1613,1527,1514,1024,2003,1024,1514,1514,1514,1514,1514,1514,1514,1514,1514,998,998,43
267.96022725105286,1545,1634,1530,1514,1024,2003,1024,1514,1514,1514,1514,1514,1514,1514,1514,1514,998,998,43
268.0617787837982,1593,1663,1532,1514,1024,2003,1024,1514,1514,1514,1514,1514,1514,1514,1514,1514,998,998,43
268.1607358455658,1601,1668,1533,1514,1024,2003,1024,1514,1514,1514,1514,1514,1514,1514,1514,1514,998,998,43
268.2603132724762,1603,1672,1534,1514,1024,2003,1024,1514,1514,1514,1514,1514,1514,1514,1514,1514,998,998,43
268.36559867858887,1606,1673,1547,1514,1024,2003,1024,1514,1514,1514,1514,1514,1514,1514,1514,1514,998,998,43
268.46143913269043,1605,1672,1557,1514,1024,2003,1024,1514,1514,1514,1514,1514,1514,1514,1514,1514,998,998,43
268.5608263015747,1588,1662,1570,1514,1024,2003,1024,1514,1514,1514,1514,1514,1514,1514,1514,1514,998,998,43
268.6618287563324,1585,1658,1579,1514,1024,2003,1024,1514,1514,1514,1514,1514,1514,1514,1514,1514,998,998,43
268.76118516921997,1585,1658,1578,1514,1024,2003,1024,1514,1514,1514,1514,1514,1514,1514,1514,1514,998,998,43
268.8607699871063,1585,1638,1575,1514,1024,2003,1024,1514,1514,1514,1514,1514,1514,1514,1514,1514,998,998,43
268.96234822273254,1585,1599,1553,1514,1024,2003,1024,1514,1514,1514,1514,1514,1514,1514,1514,1514,998,998,43
269.0613582134247,1563,1565,1506,1514,1024,2003,1024,1514,1514,1514,1514,1514,1514,1514,1514,1514,998,998,43
269.167849779129,1527,1514,1467,1514,1024,2003,1024,1514,1514,1514,1514,1514,1514,1514,1514,1514,998,998,43
269.2621350288391,1514,1514,1450,1514,1024,2003,1024,1514,1514,1514,1514,1514,1514,1514,1514,1514,998,998,43
269.3615868091583,1514,1514,1460,1514,1024,2003,1024,1514,1514,1514,1514,1514,1514,1514,1514,1514,998,998,43
269.4618167877197,1514,1523,1482,1514,1024,2003,1024,1514,1514,1514,1514,1514,1514,1514,1514,1514,998,998,43
269.5627818107605,1514,1541,1512,1514,1024,2003,1024,1514,1514,1514,1514,1514,1514,1514,1514,1514,998,998,43
269.6616702079773,1514,1541,1546,1514,1024,2003,1024,1514,1514,1514,1514,1514,1514,1514,1514,1514,998,998,43
269.76082730293274,1514,1539,1567,1514,1024,2003,1024,1514,1514,1514,1514,1514,1514,1514,1514,1514,998,998,43
269.86043310165405,1514,1539,1580,1514,1024,2003,1024,1514,1514,1514,1514,1514,1514,1514,1514,1514,998,998,43
269.9623861312866,1514,1540,1585,1514,1024,2003,1024,1514,1514,1514,1514,1514,1514,1514,1514,1514,998,998,43
270.0617027282715,1514,1541,1586,1514,1024,2003,1024,1514,1514,1514,1514,1514,1514,1514,1514,1514,998,998,43
270.1613211631775,1516,1555,1586,1514,1024,2003,1024,1514,1514,1514,1514,1514,1514,1514,1514,1514,998,998,43
270.2628309726715,1541,1568,1578,1514,1024,2003,1024,1514,1514,1514,1514,1514,1514,1514,1514,1514,998,998,43
270.3623321056366,1560,1573,1570,1514,1024,2003,1024,1514,1514,1514,1514,1514,1514,1514,1514,1514,998,998,43
270.46157670021057,1559,1575,1554,1514,1024,2003,1024,1514,1514,1514,1514,1514,1514,1514,1514,1514,998,998,43
270.5655040740967,1556,1575,1534,1514,1024,2003,1024,1514,1514,1514,1514,1514,1514,1514,1514,1514,998,998,43
270.6619954109192,1532,1573,1532,1514,1024,2003,1024,1514,1514,1514,1514,1514,1514,1514,1514,1514,998,998,43
270.761168718338,1515,1562,1507,1514,1024,2003,1024,1514,1514,1514,1514,1514,1514,1514,1514,1514,998,998,43
270.8629171848297,1514,1545,1494,1514,1024,2003,1024,1514,1514,1514,1514,1514,1514,1514,1514,1514,998,998,43
270.96192836761475,1514,1543,1496,1514,1024,2003,1024,1514,1514,1514,1514,1514,1514,1514,1514,1514,998,998,43
271.0618646144867,1514,1535,1537,1514,1024,2003,1024,1514,1514,1514,1514,1514,1514,1514,1514,1514,998,998,43
271.1629467010498,1514,1525,1588,1514,1024,2003,1024,1514,1514,1514,1514,1514,1514,1514,1514,1514,998,998,43
271.26223134994507,1514,1520,1587,1514,1024,2003,1024,1514,1514,1514,1514,1514,1514,1514,1514,1514,998,998,43
271.36152386665344,1514,1514,1573,1514,1024,2003,1024,1514,1514,1514,1514,1514,1514,1514,1514,1514,998,998,43
271.46320390701294,1520,1514,1522,1514,1024,2003,1024,1514,1514,1514,1514,1514,1514,1514,1514,1514,998,998,43
271.5626950263977,1542,1514,1488,1514,1024,2003,1024,1514,1514,1514,1514,1514,1514,1514,1514,1514,998,998,43
271.66187286376953,1542,1514,1485,1514,1024,2003,1024,1514,1514,1514,1514,1514,1514,1514,1514,1514,998,998,43
271.76359033584595,1542,1514,1488,1514,1024,2003,1024,1514,1514,1514,1514,1514,1514,1514,1514,1514,998,998,43
271.86265325546265,1553,1499,1525,1514,1024,2003,1024,1514,1514,1514,1514,1514,1514,1514,1514,1514,998,998,43
271.96158504486084,1552,1499,1555,1514,1024,2003,1024,1514,1514,1514,1514,1514,1514,1514,1514,1514,998,998,43
272.0633268356323,1552,1500,1575,1514,1024,2003,1024,1514,1514,1514,1514,1514,1514,1514,1514,1514,998,998,43
272.1625499725342,1552,1500,1587,1514,1024,2003,1024,1514,1514,1514,1514,1514,1514,1514,1514,1514,998,998,43
272.261846780777,1552,1502,1594,1514,1024,2003,1024,1514,1514,1514,1514,1514,1514,1514,1514,1514,998,998,43
272.36345076560974,1552,1508,1596,1514,1024,2003,1024,1514,1514,1514,1514,1514,1514,1514,1514,1514,998,998,43
272.4627830982208,1552,1511,1596,1514,1024,2003,1024,1514,1514,1514,1514,1514,1514,1514,1514,1514,998,998,43
272.562269449234,1567,1514,1598,1514,1024,2003,1024,1514,1514,1514,1514,1514,1514,1514,1514,1514,998,998,43
272.66359281539917,1568,1514,1583,1514,1024,2003,1024,1514,1514,1514,1514,1514,1514,1514,1514,1514,998,998,43
272.76295137405396,1573,1514,1543,1514,1024,2003,1024,1514,1514,1514,1514,1514,1514,1514,1514,1514,998,998,43
272.86202669143677,1582,1514,1496,1514,1024,2003,1024,1514,1514,1514,1514,1514,1514,1514,1514,1514,998,998,43
272.97113394737244,1588,1514,1485,1514,1024,2003,1024,1514,1514,1514,1514,1514,1514,1514,1514,1514,998,998,43
273.0632209777832,1586,1514,1522,1514,1024,2003,1024,1514,1514,1514,1514,1514,1514,1514,1514,1514,998,998,43
273.16229796409607,1557,1514,1549,1514,1024,2003,1024,1514,1514,1514,1514,1514,1514,1514,1514,1514,998,998,43
273.2639274597168,1514,1514,1575,1514,1024,2003,1024,1514,1514,1514,1514,1514,1514,1514,1514,1514,998,998,43
273.36359906196594,1514,1514,1577,1514,1024,2003,1024,1514,1514,1514,1514,1514,1514,1514,1514,1514,998,998,43
273.46321630477905,1514,1514,1543,1514,1024,2003,1024,1514,1514,1514,1514,1514,1514,1514,1514,1514,998,998,43
273.5640137195587,1514,1514,1518,1514,1024,2003,1024,1514,1514,1514,1514,1514,1514,1514,1514,1514,998,998,43
273.66337966918945,1514,1525,1472,1514,1024,2003,1024,1514,1514,1514,1514,1514,1514,1514,1514,1514,998,998,43
273.76256585121155,1514,1537,1482,1514,1024,2003,1024,1514,1514,1514,1514,1514,1514,1514,1514,1514,998,998,43
273.86402893066406,1514,1538,1530,1514,1024,2003,1024,1514,1514,1514,1514,1514,1514,1514,1514,1514,998,998,43
273.9637231826782,1514,1537,1586,1514,1024,2003,1024,1514,1514,1514,1514,1514,1514,1514,1514,1514,998,998,43
274.0637812614441,1514,1535,1601,1514,1024,2003,1024,1514,1514,1514,1514,1514,1514,1514,1514,1514,998,998,43
274.162957906723,1514,1534,1615,1514,1024,2003,1024,1514,1514,1514,1514,1514,1514,1514,1514,1514,998,998,43
274.2674961090088,1514,1533,1615,1514,1024,2003,1024,1514,1514,1514,1514,1514,1514,1514,1514,1514,998,998,43
274.3637182712555,1514,1532,1618,1514,1024,2003,1024,1514,1514,1514,1514,1514,1514,1514,1514,1514,998,998,43
274.46339321136475,1514,1532,1618,1514,1024,2003,1024,1514,1514,1514,1514,1514,1514,1514,1514,1514,998,998,43
274.5646274089813,1514,1530,1556,1514,1024,2003,1024,1514,1514,1514,1514,1514,1514,1514,1514,1514,998,998,43
274.66509222984314,1514,1530,1470,1514,1024,2003,1024,1514,1514,1514,1514,1514,1514,1514,1514,1514,998,998,43
274.76312947273254,1514,1528,1445,1514,1024,2003,1024,1514,1514,1514,1514,1514,1514,1514,1514,1514,998,998,43
274.8649890422821,1514,1530,1457,1501,1024,2003,1024,1514,1514,1514,1514,1514,1514,1514,1514,1514,998,998,43
274.9641661643982,1514,1530,1454,1413,1024,2003,1024,1514,1514,1514,1514,1514,1514,1514,1514,1514,998,998,43
275.06709456443787,1514,1532,1468,1423,1024,2003,1024,1514,1514,1514,1514,1514,1514,1514,1514,1514,998,998,43
275.16373682022095,1514,1547,1559,1499,1024,2003,1024,1514,1514,1514,1514,1514,1514,1514,1514,1514,998,998,43
275.2639241218567,1514,1573,1593,1511,1024,2003,1024,1514,1514,1514,1514,1514,1514,1514,1514,1514,998,998,43
275.36360001564026,1514,1577,1608,1514,1024,2003,1024,1514,1514,1514,1514,1514,1514,1514,1514,1514,998,998,43
275.464786529541,1514,1577,1613,1514,1024,2003,1024,1514,1514,1514,1514,1514,1514,1514,1514,1514,998,998,43
275.5643472671509,1514,1602,1608,1514,1024,2003,1024,1514,1514,1514,1514,1514,1514,1514,1514,1514,998,998,43
275.6690604686737,1514,1632,1592,1514,1024,2003,1024,1514,1514,1514,1514,1514,1514,1514,1514,1514,998,998,43
275.76502418518066,1514,1663,1543,1514,1024,2003,1024,1514,1514,1514,1514,1514,1514,1514,1514,1514,998,998,43
275.86463928222656,1514,1688,1515,1514,1024,2003,1024,1514,1514,1514,1514,1514,1514,1514,1514,1514,998,998,43
275.9643523693085,1514,1697,1518,1514,1024,2003,1024,1514,1514,1514,1514,1514,1514,1514,1514,1514,998,998,43
276.06546807289124,1539,1630,1579,1514,1024,2003,1024,1514,1514,1514,1514,1514,1514,1514,1514,1514,998,998,43
276.1645348072052,1562,1606,1606,1514,1024,2003,1024,1514,1514,1514,1514,1514,1514,1514,1514,1514,998,998,43
276.26338601112366,1563,1608,1608,1514,1024,2003,1024,1514,1514,1514,1514,1514,1514,1514,1514,1514,998,998,43
276.36524057388306,1566,1611,1611,1514,1024,2003,1024,1514,1514,1514,1514,1514,1514,1514,1514,1514,998,998,43
276.4644773006439,1568,1603,1595,1514,1024,2003,1024,1514,1514,1514,1514,1514,1514,1514,1514,1514,998,998,43
276.56350684165955,1575,1579,1547,1514,1024,2003,1024,1514,1514,1514,1514,1514,1514,1514,1514,1514,998,998,43
276.66543555259705,1578,1547,1480,1514,1024,2003,1024,1514,1514,1514,1514,1514,1514,1514,1514,1514,998,998,43
276.76475763320923,1579,1535,1439,1514,1024,2003,1024,1514,1514,1514,1514,1514,1514,1514,1514,1514,998,998,43
276.86406111717224,1568,1527,1432,1514,1024,2003,1024,1514,1514,1514,1514,1514,1514,1514,1514,1514,998,998,43
276.96536111831665,1573,1525,1443,1514,1024,2003,1024,1514,1514,1514,1514,1514,1514,1514,1514,1514,998,998,43
277.06461334228516,1575,1535,1492,1514,1024,2003,1024,1514,1514,1514,1514,1514,1514,1514,1514,1514,998,998,43
277.1641228199005,1584,1539,1530,1514,1024,2003,1024,1514,1514,1514,1514,1514,1514,1514,1514,1514,998,998,43
277.26563143730164,1591,1546,1588,1514,1024,2003,1024,1514,1514,1514,1514,1514,1514,1514,1514,1514,998,998,43
277.3648273944855,1591,1546,1596,1514,1024,2003,1024,1514,1514,1514,1514,1514,1514,1514,1514,1514,998,998,43
277.4640603065491,1590,1545,1599,1514,1024,2003,1024,1514,1514,1514,1514,1514,1514,1514,1514,1514,998,998,43
277.5698342323303,1590,1545,1602,1514,1024,2003,1024,1514,1514,1514,1514,1514,1514,1514,1514,1514,998,998,43
277.6651244163513,1591,1546,1605,1514,1024,2003,1024,1514,1514,1514,1514,1514,1514,1514,1514,1514,998,998,43
277.7639741897583,1590,1546,1608,1514,1024,2003,1024,1514,1514,1514,1514,1514,1514,1514,1514,1514,998,998,43
277.86598229408264,1578,1567,1607,1514,1024,2003,1024,1514,1514,1514,1514,1514,1514,1514,1514,1514,998,998,43
277.9649341106415,1514,1603,1543,1514,1024,2003,1024,1514,1514,1514,1514,1514,1514,1514,1514,1514,998,998,43
278.0680046081543,1514,1670,1505,1514,1024,2003,1024,1514,1514,1514,1514,1514,1514,1514,1514,1514,998,998,43
278.16578698158264,1514,1741,1530,1514,1024,2003,1024,1514,1514,1514,1514,1514,1514,1514,1514,1514,998,998,43
278.2651777267456,1514,1748,1573,1514,1024,2003,1024,1514,1514,1514,1514,1514,1514,1514,1514,1514,998,998,43
278.3644609451294,1514,1745,1584,1514,1024,2003,1024,1514,1514,1514,1514,1514,1514,1514,1514,1514,998,998,43
278.46607089042664,1514,1731,1593,1514,1024,2003,1024,1514,1514,1514,1514,1514,1514,1514,1514,1514,998,998,43
278.56507635116577,1514,1663,1608,1514,1024,2003,1024,1514,1514,1514,1514,1514,1514,1514,1514,1514,998,998,43
278.66459798812866,1514,1577,1612,1514,1024,2003,1024,1514,1514,1514,1514,1514,1514,1514,1514,1514,998,998,43
278.76629066467285,1514,1572,1580,1514,1024,2003,1024,1514,1514,1514,1514,1514,1514,1514,1514,1514,998,998,43
278.8655776977539,1514,1573,1496,1514,1024,2003,1024,1514,1514,1514,1514,1514,1514,1514,1514,1514,998,998,43
278.96513271331787,1514,1573,1495,1514,1024,2003,1024,1514,1514,1514,1514,1514,1514,1514,1514,1514,998,998,43
279.0663504600525,1562,1582,1501,1514,1024,2003,1024,1514,1514,1514,1514,1514,1514,1514,1514,1514,998,998,43
279.165479183197,1590,1575,1501,1514,1024,2003,1024,1514,1514,1514,1514,1514,1514,1514,1514,1514,998,998,43
279.265184879303,1590,1573,1538,1514,1024,2003,1024,1514,1514,1514,1514,1514,1514,1514,1514,1514,998,998,43
279.3664677143097,1592,1572,1573,1514,1024,2003,1024,1514,1514,1514,1514,1514,1514,1514,1514,1514,998,998,43
279.46592950820923,1562,1535,1558,1514,1024,2003,1024,1514,1514,1514,1514,1514,1514,1514,1514,1514,998,998,43
279.5653109550476,1520,1514,1515,1514,1024,2003,1024,1514,1514,1514,1514,1514,1514,1514,1514,1514,998,998,43
279.6667699813843,1516,1498,1525,1514,1024,2003,1024,1514,1514,1514,1514,1514,1514,1514,1514,1514,998,998,43
279.7679181098938,1514,1472,1560,1514,1024,2003,1024,1514,1514,1514,1514,1514,1514,1514,1514,1514,998,998,43
279.8652980327606,1514,1468,1596,1514,1024,2003,1024,1514,1514,1514,1514,1514,1514,1514,1514,1514,998,998,43
279.96654748916626,1514,1473,1610,1514,1024,2003,1024,1514,1514,1514,1514,1514,1514,1514,1514,1514,998,998,43
280.0662274360657,1514,1480,1618,1514,1024,2003,1024,1514,1514,1514,1514,1514,1514,1514,1514,1514,998,998,43
280.16493940353394,1514,1489,1620,1514,1024,2003,1024,1514,1514,1514,1514,1514,1514,1514,1514,1514,998,998,43
280.26695227622986,1518,1514,1606,1514,1024,2003,1024,1514,1514,1514,1514,1514,1514,1514,1514,1514,998,998,43
280.36868834495544,1539,1514,1537,1514,1024,2003,1024,1514,1514,1514,1514,1514,1514,1514,1514,1514,998,998,43
280.46585965156555,1549,1514,1513,1514,1024,2003,1024,1514,1514,1514,1514,1514,1514,1514,1514,1514,998,998,43
280.5670304298401,1548,1514,1520,1514,1024,2003,1024,1514,1514,1514,1514,1514,1514,1514,1514,1514,998,998,43
280.66639161109924,1537,1510,1568,1514,1024,2003,1024,1514,1514,1514,1514,1514,1514,1514,1514,1514,998,998,43
280.7657928466797,1533,1508,1593,1514,1024,2003,1024,1514,1514,1514,1514,1514,1514,1514,1514,1514,998,998,43
280.8671169281006,1532,1512,1620,1514,1024,2003,1024,1514,1514,1514,1514,1514,1514,1514,1514,1514,998,998,43
280.9662272930145,1532,1514,1620,1514,1024,2003,1024,1514,1514,1514,1514,1514,1514,1514,1514,1514,998,998,43
281.06533098220825,1532,1514,1588,1514,1024,2003,1024,1514,1514,1514,1514,1514,1514,1514,1514,1514,998,998,43
281.16473960876465,1532,1514,1540,1514,1024,2003,1024,1514,1514,1514,1514,1514,1514,1514,1514,1514,998,998,43
281.26724433898926,1535,1514,1506,1514,1024,2003,1024,1514,1514,1514,1514,1514,1514,1514,1514,1514,998,998,43
281.36606431007385,1537,1530,1502,1514,1024,2003,1024,1514,1514,1514,1514,1514,1514,1514,1514,1514,998,998,43
281.46720719337463,1537,1540,1506,1514,1024,2003,1024,1514,1514,1514,1514,1514,1514,1514,1514,1514,998,998,43
281.56641125679016,1542,1568,1520,1514,1024,2003,1024,1514,1514,1514,1514,1514,1514,1514,1514,1514,998,998,43
281.66567945480347,1558,1584,1537,1514,1024,2003,1024,1514,1514,1514,1514,1514,1514,1514,1514,1514,998,998,43
281.7675838470459,1573,1602,1541,1514,1024,2003,1024,1514,1514,1514,1514,1514,1514,1514,1514,1514,998,998,43
281.8667800426483,1591,1608,1548,1514,1024,2003,1024,1514,1514,1514,1514,1514,1514,1514,1514,1514,998,998,43
281.96590971946716,1611,1613,1582,1514,1024,2003,1024,1514,1514,1514,1514,1514,1514,1514,1514,1514,998,998,43
282.0740749835968,1613,1601,1599,1514,1024,2003,1024,1514,1514,1514,1514,1514,1514,1514,1514,1514,998,998,43
282.1671645641327,1612,1598,1604,1514,1024,2003,1024,1514,1514,1514,1514,1514,1514,1514,1514,1514,998,998,43
282.26634073257446,1597,1579,1593,1514,1024,2003,1024,1514,1514,1514,1514,1514,1514,1514,1514,1514,998,998,43
282.3675317764282,1577,1573,1566,1514,1024,2003,1024,1514,1514,1514,1514,1514,1514,1514,1514,1514,998,998,43
282.4678008556366,1517,1537,1522,1514,1024,2003,1024,1514,1514,1514,1514,1514,1514,1514,1514,1514,998,998,43
282.56591272354126,1514,1527,1495,1514,1024,2003,1024,1514,1514,1514,1514,1514,1514,1514,1514,1514,998,998,43
282.66762351989746,1514,1514,1480,1514,1024,2003,1024,1514,1514,1514,1514,1514,1514,1514,1514,1514,998,998,43
282.76744747161865,1514,1514,1478,1514,1024,2003,1024,1514,1514,1514,1514,1514,1514,1514,1514,1514,998,998,43
282.8659472465515,1514,1514,1490,1514,1024,2003,1024,1514,1514,1514,1514,1514,1514,1514,1514,1514,998,998,43
282.9676389694214,1514,1514,1527,1514,1024,2003,1024,1514,1514,1514,1514,1514,1514,1514,1514,1514,998,998,43
283.06724762916565,1514,1514,1559,1514,1024,2003,1024,1514,1514,1514,1514,1514,1514,1514,1514,1514,998,998,43
283.1662805080414,1514,1514,1573,1514,1024,2003,1024,1514,1514,1514,1514,1514,1514,1514,1514,1514,998,998,43
283.2682874202728,1514,1514,1578,1514,1024,2003,1024,1514,1514,1514,1514,1514,1514,1514,1514,1514,998,998,43
283.3671946525574,1514,1514,1586,1514,1024,2003,1024,1514,1514,1514,1514,1514,1514,1514,1514,1514,998,998,43
283.46671414375305,1514,1514,1597,1514,1024,2003,1024,1514,1514,1514,1514,1514,1514,1514,1514,1514,998,998,43
283.56813645362854,1514,1514,1604,1514,1024,2003,1024,1514,1514,1514,1514,1514,1514,1514,1514,1514,998,998,43
283.66782665252686,1514,1514,1612,1514,1024,2003,1024,1514,1514,1514,1514,1514,1514,1514,1514,1514,998,998,43
283.76653027534485,1514,1514,1612,1514,1024,2003,1024,1514,1514,1514,1514,1514,1514,1514,1514,1514,998,998,43
283.86809635162354,1514,1514,1608,1514,1024,2003,1024,1514,1514,1514,1514,1514,1514,1514,1514,1514,998,998,43
283.96762228012085,1514,1514,1591,1514,1024,2003,1024,1514,1514,1514,1514,1514,1514,1514,1514,1514,998,998,43
284.0666012763977,1514,1514,1563,1514,1024,2003,1024,1514,1514,1514,1514,1514,1514,1514,1514,1514,998,998,43
284.16836524009705,1514,1514,1543,1514,1024,2003,1024,1514,1514,1514,1514,1514,1514,1514,1514,1514,998,998,43
284.2682821750641,1514,1532,1515,1514,1024,2003,1024,1514,1514,1514,1514,1514,1514,1514,1514,1514,998,998,43
284.36679196357727,1514,1537,1508,1514,1024,2003,1024,1514,1514,1514,1514,1514,1514,1514,1514,1514,998,998,43
284.46843934059143,1514,1535,1523,1514,1024,2003,1024,1514,1514,1514,1514,1514,1514,1514,1514,1514,998,998,43
284.56768012046814,1527,1514,1566,1514,1024,2003,1024,1514,1514,1514,1514,1514,1514,1514,1514,1514,998,998,43
284.66694593429565,1532,1514,1585,1514,1024,2003,1024,1514,1514,1514,1514,1514,1514,1514,1514,1514,998,998,43
284.7758629322052,1532,1514,1596,1514,1024,2003,1024,1514,1514,1514,1514,1514,1514,1514,1514,1514,998,998,43
284.8716435432434,1532,1514,1584,1514,1024,2003,1024,1514,1514,1514,1514,1514,1514,1514,1514,1514,998,998,43
284.96842980384827,1533,1514,1567,1514,1024,2003,1024,1514,1514,1514,1514,1514,1514,1514,1514,1514,998,998,43
285.0688707828522,1535,1514,1553,1514,1024,2003,1024,1514,1514,1514,1514,1514,1514,1514,1514,1514,998,998,43
285.1684226989746,1537,1514,1553,1514,1024,2003,1024,1514,1514,1514,1514,1514,1514,1514,1514,1514,998,998,43
285.26735281944275,1539,1514,1547,1514,1024,2003,1024,1514,1514,1514,1514,1514,1514,1514,1514,1514,998,998,43
285.3693549633026,1539,1514,1555,1514,1024,2003,1024,1514,1514,1514,1514,1514,1514,1514,1514,1514,998,998,43
285.4683883190155,1539,1514,1565,1514,1024,2003,1024,1514,1514,1514,1514,1514,1514,1514,1514,1514,998,998,43
285.56695580482483,1539,1514,1543,1514,1024,2003,1024,1514,1514,1514,1514,1514,1514,1514,1514,1514,998,998,43
285.6689772605896,1540,1514,1522,1514,1024,2003,1024,1514,1514,1514,1514,1514,1514,1514,1514,1514,998,998,43
285.7679524421692,1575,1537,1466,1514,1024,2003,1024,1514,1514,1514,1514,1514,1514,1514,1514,1514,998,998,43
285.8674192428589,1578,1538,1465,1514,1024,2003,1024,1514,1514,1514,1514,1514,1514,1514,1514,1514,998,998,43
285.97262358665466,1582,1547,1495,1514,1024,2003,1024,1514,1514,1514,1514,1514,1514,1514,1514,1514,998,998,43
286.0684678554535,1575,1573,1532,1514,1024,2003,1024,1514,1514,1514,1514,1514,1514,1514,1514,1514,998,998,43
286.1678092479706,1514,1573,1532,1514,1024,2003,1024,1514,1514,1514,1514,1514,1514,1514,1514,1514,998,998,43
286.269207239151,1514,1579,1532,1514,1024,2003,1024,1514,1514,1514,1514,1514,1514,1514,1514,1514,998,998,43
286.36830949783325,1514,1594,1532,1514,1024,2003,1024,1514,1514,1514,1514,1514,1514,1514,1514,1514,998,998,43
286.46776700019836,1514,1612,1540,1514,1024,2003,1024,1514,1514,1514,1514,1514,1514,1514,1514,1514,998,998,43
286.56901931762695,1514,1608,1580,1514,1024,2003,1024,1514,1514,1514,1514,1514,1514,1514,1514,1514,998,998,43
286.6690847873688,1514,1603,1607,1514,1024,2003,1024,1514,1514,1514,1514,1514,1514,1514,1514,1514,998,998,43
286.769357919693,1514,1601,1618,1514,1024,2003,1024,1514,1514,1514,1514,1514,1514,1514,1514,1514,998,998,43
286.8694088459015,1514,1600,1620,1514,1024,2003,1024,1514,1514,1514,1514,1514,1514,1514,1514,1514,998,998,43
286.9688365459442,1514,1600,1590,1514,1024,2003,1024,1514,1514,1514,1514,1514,1514,1514,1514,1514,998,998,43
287.0677194595337,1514,1599,1540,1514,1024,2003,1024,1514,1514,1514,1514,1514,1514,1514,1514,1514,998,998,43
287.16958141326904,1514,1585,1532,1514,1024,2003,1024,1514,1514,1514,1514,1514,1514,1514,1514,1514,998,998,43
287.26843762397766,1510,1561,1544,1514,1024,2003,1024,1514,1514,1514,1514,1514,1514,1514,1514,1514,998,998,43
287.367723941803,1492,1514,1577,1514,1024,2003,1024,1514,1514,1514,1514,1514,1514,1514,1514,1514,998,998,43
287.4692962169647,1505,1489,1590,1514,1024,2003,1024,1514,1514,1514,1514,1514,1514,1514,1514,1514,998,998,43
287.56876134872437,1506,1472,1594,1514,1024,2003,1024,1514,1514,1514,1514,1514,1514,1514,1514,1514,998,998,43
287.66806983947754,1494,1459,1594,1514,1024,2003,1024,1514,1514,1514,1514,1514,1514,1514,1514,1514,998,998,43
287.7694778442383,1471,1442,1595,1514,1024,2003,1024,1514,1514,1514,1514,1514,1514,1514,1514,1514,998,998,43
287.8715326786041,1453,1440,1583,1514,1024,2003,1024,1514,1514,1514,1514,1514,1514,1514,1514,1514,998,998,43
287.968159198761,1417,1452,1532,1514,1024,2003,1024,1514,1514,1514,1514,1514,1514,1514,1514,1514,998,998,43
288.0697832107544,1408,1458,1530,1514,1024,2003,1024,1514,1514,1514,1514,1514,1514,1514,1514,1514,998,998,43
288.16898012161255,1401,1457,1532,1514,1024,2003,1024,1514,1514,1514,1514,1514,1514,1514,1514,1514,998,998,43
288.268208026886,1401,1443,1533,1514,1024,2003,1024,1514,1514,1514,1514,1514,1514,1514,1514,1514,998,998,43
288.3700075149536,1405,1438,1556,1514,1024,2003,1024,1514,1514,1514,1514,1514,1514,1514,1514,1514,998,998,43
288.46919441223145,1494,1448,1592,1514,1024,2003,1024,1514,1514,1514,1514,1514,1514,1514,1514,1514,998,998,43
288.56855821609497,1514,1482,1598,1514,1024,2003,1024,1514,1514,1514,1514,1514,1514,1514,1514,1514,998,998,43
288.6698124408722,1514,1514,1600,1514,1024,2003,1024,1514,1514,1514,1514,1514,1514,1514,1514,1514,998,998,43
288.76896953582764,1518,1514,1607,1514,1024,2003,1024,1514,1514,1514,1514,1514,1514,1514,1514,1514,998,998,43
288.86819434165955,1533,1537,1600,1514,1024,2003,1024,1514,1514,1514,1514,1514,1514,1514,1514,1514,998,998,43
288.96980452537537,1533,1558,1593,1510,1024,2003,1024,1514,1514,1514,1514,1514,1514,1514,1514,1514,998,998,43
289.06942343711853,1567,1573,1570,1487,1024,2003,1024,1514,1514,1514,1514,1514,1514,1514,1514,1514,998,998,43
289.16836738586426,1592,1575,1552,1490,1024,2003,1024,1514,1514,1514,1514,1514,1514,1514,1514,1514,998,998,43
289.2702670097351,1595,1580,1544,1496,1024,2003,1024,1514,1514,1514,1514,1514,1514,1514,1514,1514,998,998,43
289.37141275405884,1538,1573,1551,1506,1024,2003,1024,1514,1514,1514,1514,1514,1514,1514,1514,1514,998,998,43
289.46892380714417,1514,1561,1540,1510,1024,2003,1024,1514,1514,1514,1514,1514,1514,1514,1514,1514,998,998,43
289.57093358039856,1514,1548,1518,1512,1024,2003,1024,1514,1514,1514,1514,1514,1514,1514,1514,1514,998,998,43
289.673193693161,1514,1535,1518,1514,1024,2003,1024,1514,1514,1514,1514,1514,1514,1514,1514,1514,998,998,43
289.77179169654846,1514,1542,1557,1514,1024,2003,1024,1514,1514,1514,1514,1514,1514,1514,1514,1514,998,998,43
289.8706645965576,1514,1563,1546,1514,1024,2003,1024,1514,1514,1514,1514,1514,1514,1514,1514,1514,998,998,43
289.96993374824524,1514,1577,1594,1514,1024,2003,1024,1514,1514,1514,1514,1514,1514,1514,1514,1514,998,998,43
290.07011580467224,1485,1579,1592,1514,1024,2003,1024,1514,1514,1514,1514,1514,1514,1514,1514,1514,998,998,43
290.17247247695923,1480,1586,1577,1514,1024,2003,1024,1514,1514,1514,1514,1514,1514,1514,1514,1514,998,998,43
290.2697172164917,1478,1585,1516,1514,1024,2003,1024,1514,1514,1514,1514,1514,1514,1514,1514,1514,998,998,43
290.3688087463379,1473,1584,1508,1514,1024,2003,1024,1514,1514,1514,1514,1514,1514,1514,1514,1514,998,998,43
290.47073197364807,1450,1579,1530,1514,1024,2003,1024,1514,1514,1514,1514,1514,1514,1514,1514,1514,998,998,43
290.57195830345154,1428,1577,1563,1514,1024,2003,1024,1514,1514,1514,1514,1514,1514,1514,1514,1514,998,998,43
290.66882491111755,1428,1575,1566,1514,1024,2003,1024,1514,1514,1514,1514,1514,1514,1514,1514,1514,998,998,43
290.7705216407776,1433,1573,1563,1514,1024,2003,1024,1514,1514,1514,1514,1514,1514,1514,1514,1514,998,998,43
290.8701813220978,1514,1570,1553,1514,1024,2003,1024,1514,1514,1514,1514,1514,1514,1514,1514,1514,998,998,43
290.96930050849915,1514,1559,1537,1514,1024,2003,1024,1514,1514,1514,1514,1514,1514,1514,1514,1514,998,998,43
291.0707778930664,1516,1560,1527,1514,1024,2003,1024,1514,1514,1514,1514,1514,1514,1514,1514,1514,998,998,43
291.17042088508606,1516,1552,1527,1514,1024,2003,1024,1514,1514,1514,1514,1514,1514,1514,1514,1514,998,998,43
291.2690587043762,1514,1535,1528,1514,1024,2003,1024,1514,1514,1514,1514,1514,1514,1514,1514,1514,998,998,43
291.3708860874176,1514,1533,1528,1514,1024,2003,1024,1514,1514,1514,1514,1514,1514,1514,1514,1514,998,998,43
291.47048258781433,1514,1518,1520,1514,1024,2003,1024,1514,1514,1514,1514,1514,1514,1514,1514,1514,998,998,43
291.56967520713806,1514,1514,1456,1514,1024,2003,1024,1514,1514,1514,1514,1514,1514,1514,1514,1514,998,998,43
291.67127871513367,1514,1497,1138,1514,1024,2003,1024,1514,1514,1514,1514,1514,1514,1514,1514,1514,998,998,43
291.7700891494751,1514,1514,1047,1514,1024,2003,1024,1514,1514,1514,1514,1514,1514,1514,1514,1514,998,998,43
291.86950278282166,1514,1514,1050,1514,1024,2003,1024,1514,1514,1514,1514,1514,1514,1514,1514,1514,998,998,43
291.9709768295288,1514,1514,1048,1514,1024,2003,1024,1514,1514,1514,1514,1514,1514,1514,1514,1514,998,998,43
292.0706934928894,1514,1514,1048,1514,1024,2003,1024,1514,1514,1514,1514,1514,1514,1514,1514,1514,998,998,43
292.17020297050476,1514,1514,1048,1514,1024,1024,1024,1514,1514,1514,1514,1514,1514,1514,1514,1514,998,998,43
292.27019715309143,1514,1514,1048,1514,1024,1024,1024,1514,1514,1514,1514,1514,1514,1514,1514,1514,998,998,43
292.37117075920105,1514,1514,1048,1514,1024,1024,1024,1514,1514,1514,1514,1514,1514,1514,1514,1514,998,998,43
292.4704394340515,1514,1514,1048,1514,1024,1024,1024,1514,1514,1514,1514,1514,1514,1514,1514,1514,998,998,43
292.56953620910645,1514,1514,1048,1514,1024,1024,1024,1514,1514,1514,1514,1514,1514,1514,1514,1514,998,998,43
292.66995334625244,1514,1514,1047,1514,1024,1024,1024,1514,1514,1514,1514,1514,1514,1514,1514,1514,998,998,43
292.7714238166809,1514,1514,1047,1514,1024,1024,1024,1514,1514,1514,1514,1514,1514,1514,1514,1514,998,998,43
292.87294721603394,1514,1514,1047,1514,1024,1024,1024,1514,1514,1514,1514,1514,1514,1514,1514,1514,998,998,43
292.969929933548,1514,1514,1047,1514,1024,1024,1024,1514,1514,1514,1514,1514,1514,1514,1514,1514,998,998,43
293.0713441371918,1514,1514,1047,1514,1024,1024,1024,1514,1514,1514,1514,1514,1514,1514,1514,1514,998,998,43
293.17604899406433,1514,1514,1047,1514,1024,1024,1024,1514,1514,1514,1514,1514,1514,1514,1514,1514,998,998,43
293.2699589729309,1514,1514,1047,1514,1024,1024,1024,1514,1514,1514,1514,1514,1514,1514,1514,1514,998,998,43
293.37145924568176,1514,1514,1047,1514,1024,1024,1024,1514,1514,1514,1514,1514,1514,1514,1514,1514,998,998,43
293.47409534454346,1514,1514,1047,1514,1024,1024,1024,1514,1514,1514,1514,1514,1514,1514,1514,1514,998,998,43
293.5701847076416,1514,1514,1048,1514,1024,1024,1024,1514,1514,1514,1514,1514,1514,1514,1514,1514,998,998,43
293.6717531681061,1514,1514,1048,1514,1024,1024,1024,1514,1514,1514,1514,1514,1514,1514,1514,1514,998,998,43
293.76910376548767,1514,1514,1047,1514,1024,1024,1024,1514,1514,1514,1514,1514,1514,1514,1514,1514,998,998,43
293.87151408195496,1514,1514,1047,1514,1024,1024,1024,1514,1514,1514,1514,1514,1514,1514,1514,1514,998,998,43
293.96995759010315,1514,1514,1047,1514,1024,1024,1024,1514,1514,1514,1514,1514,1514,1514,1514,1514,998,998,43
294.0718502998352,1514,1514,1047,1514,1024,1024,1024,1514,1514,1514,1514,1514,1514,1514,1514,1514,998,998,43
294.17102432250977,1514,1514,1047,1514,1024,1024,1024,1514,1514,1514,1514,1514,1514,1514,1514,1514,998,998,43
294.27165699005127,1514,1514,1047,1514,1024,1024,1024,1514,1514,1514,1514,1514,1514,1514,1514,1514,998,998,43
294.371146440506,1514,1514,1047,1514,1024,1024,1024,1514,1514,1514,1514,1514,1514,1514,1514,1514,998,998,43
294.470662355423,1514,1514,1047,1514,1024,1024,1024,1514,1514,1514,1514,1514,1514,1514,1514,1514,998,998,43
294.5717680454254,1514,1514,1047,1514,1024,1024,1024,1514,1514,1514,1514,1514,1514,1514,1514,1514,998,998,43
294.67161989212036,1514,1514,1047,1514,1024,1024,1024,1514,1514,1514,1514,1514,1514,1514,1514,1514,998,998,43
294.770382642746,1514,1514,1047,1514,1024,1024,1024,1514,1514,1514,1514,1514,1514,1514,1514,1514,998,998,43
294.87399983406067,1514,1514,1047,1514,1024,1024,1024,1514,1514,1514,1514,1514,1514,1514,1514,1514,998,998,43
294.9739077091217,1514,1514,1047,1514,1024,1024,1024,1514,1514,1514,1514,1514,1514,1514,1514,1514,998,998,43
295.07044982910156,1514,1514,1047,1514,1024,1024,1024,1514,1514,1514,1514,1514,1514,1514,1514,1514,998,998,43
295.17206048965454,1514,1514,1047,1514,1024,1024,1024,1514,1514,1514,1514,1514,1514,1514,1514,1514,998,998,43
295.27136611938477,1514,1514,1047,1514,1024,1024,1024,1514,1514,1514,1514,1514,1514,1514,1514,1514,998,998,43
295.3711431026459,1514,1514,1047,1514,1024,1024,1024,1514,1514,1514,1514,1514,1514,1514,1514,1514,998,998,43
295.47243785858154,1514,1514,1047,1514,1024,1024,1024,1514,1514,1514,1514,1514,1514,1514,1514,1514,998,998,43
295.57213258743286,1514,1514,1047,1514,1024,1024,1024,1514,1514,1514,1514,1514,1514,1514,1514,1514,998,998,43
295.6717677116394,1514,1514,1047,1514,1024,1024,1024,1514,1514,1514,1514,1514,1514,1514,1514,1514,998,998,43
295.7707371711731,1514,1514,1047,1514,1024,1024,1024,1514,1514,1514,1514,1514,1514,1514,1514,1514,998,998,43
295.872599363327,1514,1514,1047,1514,1024,1024,1024,1514,1514,1514,1514,1514,1514,1514,1514,1514,998,998,43
295.97607684135437,1514,1514,1047,1514,1024,1024,1024,1514,1514,1514,1514,1514,1514,1514,1514,1514,998,998,43
296.07191491127014,1514,1514,1047,1514,1024,1024,1024,1514,1514,1514,1514,1514,1514,1514,1514,1514,998,998,43
296.17098474502563,1514,1514,1047,1514,1024,1024,1024,1514,1514,1514,1514,1514,1514,1514,1514,1514,998,998,43
296.27644324302673,1514,1514,1047,1514,1024,1024,1024,1514,1514,1514,1514,1514,1514,1514,1514,1514,998,998,43
296.3716456890106,1514,1514,1047,1514,1024,1024,1024,1514,1514,1514,1514,1514,1514,1514,1514,1514,998,998,43
296.47155380249023,1514,1514,1047,1514,1024,1024,1024,1514,1514,1514,1514,1514,1514,1514,1514,1514,998,998,43
296.5713255405426,1514,1514,1047,1514,1024,1024,1024,1514,1514,1514,1514,1514,1514,1514,1514,1514,998,998,43
296.6751048564911,1514,1514,1047,1514,1024,1024,1024,1514,1514,1514,1514,1514,1514,1514,1514,1514,998,998,43
296.77247619628906,1514,1514,1047,1514,1024,1024,1024,1514,1514,1514,1514,1514,1514,1514,1514,1514,998,998,43
296.8716504573822,1514,1514,1047,1514,1024,1024,1024,1514,1514,1514,1514,1514,1514,1514,1514,1514,998,998,43
296.9734454154968,1514,1514,1047,1514,1024,1024,1024,1514,1514,1514,1514,1514,1514,1514,1514,1514,998,998,43
297.07292914390564,1514,1514,1047,1514,1024,1024,1024,1514,1514,1514,1514,1514,1514,1514,1514,1514,998,998,43
297.17217326164246,1514,1514,1047,1514,1024,1024,1024,1514,1514,1514,1514,1514,1514,1514,1514,1514,998,998,43
297.2737441062927,1514,1514,1047,1514,1024,1024,1024,1514,1514,1514,1514,1514,1514,1514,1514,1514,998,998,43
297.3730833530426,1514,1514,1047,1514,1024,1024,1024,1514,1514,1514,1514,1514,1514,1514,1514,1514,998,998,43
297.4728133678436,1514,1514,1047,1514,1024,1024,1024,1514,1514,1514,1514,1514,1514,1514,1514,1514,998,998,43
297.5723168849945,1514,1514,1047,1514,1024,1024,1024,1514,1514,1514,1514,1514,1514,1514,1514,1514,998,998,43
297.6713035106659,1514,1514,1047,1514,1024,1024,1024,1514,1514,1514,1514,1514,1514,1514,1514,1514,998,998,43
297.7729732990265,1514,1514,1047,1514,1024,1024,1024,1514,1514,1514,1514,1514,1514,1514,1514,1514,998,998,43
297.8728950023651,1514,1514,1047,1514,1024,1024,1024,1514,1514,1514,1514,1514,1514,1514,1514,1514,998,998,43
297.9715120792389,1514,1514,1047,1514,1024,1024,1024,1514,1514,1514,1514,1514,1514,1514,1514,1514,998,998,43
298.0714228153229,1514,1514,1047,1514,1024,1024,1024,1514,1514,1514,1514,1514,1514,1514,1514,1514,998,998,43
298.1792302131653,1514,1514,1047,1514,1024,1024,1024,1514,1514,1514,1514,1514,1514,1514,1514,1514,998,998,43
298.2725269794464,1514,1514,1047,1514,1024,1024,1024,1514,1514,1514,1514,1514,1514,1514,1514,1514,998,998,43
298.37137246131897,1514,1514,1047,1514,1024,1024,1024,1514,1514,1514,1514,1514,1514,1514,1514,1514,998,998,43
298.4736337661743,1514,1514,1047,1514,1024,1024,1024,1514,1514,1514,1514,1514,1514,1514,1514,1514,998,998,43
298.57347345352173,1514,1514,1047,1514,1024,1024,1024,1514,1514,1514,1514,1514,1514,1514,1514,1514,998,998,43
298.6726496219635,1514,1514,1047,1514,1024,1024,1024,1514,1514,1514,1514,1514,1514,1514,1514,1514,998,998,43
298.77181673049927,1514,1514,1047,1514,1024,1024,1024,1514,1514,1514,1514,1514,1514,1514,1514,1514,998,998,43
298.8735120296478,1514,1514,1047,1514,1024,1024,1024,1514,1514,1514,1514,1514,1514,1514,1514,1514,998,998,43
298.972971200943,1514,1514,1047,1514,1024,1024,1024,1514,1514,1514,1514,1514,1514,1514,1514,1514,998,998,43
299.07334208488464,1514,1514,1047,1514,1024,1024,1024,1514,1514,1514,1514,1514,1514,1514,1514,1514,998,998,43
299.1729235649109,1514,1514,1047,1514,1024,1024,1024,1514,1514,1514,1514,1514,1514,1514,1514,1514,998,998,43
299.27192091941833,1514,1514,1047,1514,1024,1024,1024,1514,1514,1514,1514,1514,1514,1514,1514,1514,998,998,43
299.37334752082825,1514,1514,1047,1514,1024,1024,1024,1514,1514,1514,1514,1514,1514,1514,1514,1514,998,998,43
299.47297072410583,1514,1514,1047,1514,1024,1024,1024,1514,1514,1514,1514,1514,1514,1514,1514,1514,998,998,43
299.5729684829712,1514,1514,1047,1514,1024,1024,1024,1514,1514,1514,1514,1514,1514,1514,1514,1514,998,998,43
299.67196893692017,1514,1514,1047,1514,1024,1024,1024,1514,1514,1514,1514,1514,1514,1514,1514,1514,998,998,43
299.77347707748413,1514,1514,1047,1514,1024,1024,1024,1514,1514,1514,1514,1514,1514,1514,1514,1514,998,998,43
299.87324571609497,1514,1514,1047,1514,1024,1024,1024,1514,1514,1514,1514,1514,1514,1514,1514,1514,998,998,43
299.97200536727905,1514,1514,1047,1514,1024,1024,1024,1514,1514,1514,1514,1514,1514,1514,1514,1514,998,998,43
300.0857825279236,1514,1514,1047,1514,1024,1024,1024,1514,1514,1514,1514,1514,1514,1514,1514,1514,998,998,43
300.17577743530273,1514,1514,1047,1514,1024,1024,1024,1514,1514,1514,1514,1514,1514,1514,1514,1514,998,998,43
300.27342677116394,1514,1514,1047,1514,1024,1024,1024,1514,1514,1514,1514,1514,1514,1514,1514,1514,998,998,43
300.3722400665283,1514,1514,1047,1514,1024,1024,1024,1514,1514,1514,1514,1514,1514,1514,1514,1514,998,998,43
300.4739143848419,1514,1514,1047,1514,1024,1024,1024,1514,1514,1514,1514,1514,1514,1514,1514,1514,998,998,43
300.57449865341187,1514,1514,1046,1514,1024,1024,1024,1514,1514,1514,1514,1514,1514,1514,1514,1514,998,998,43
300.6736698150635,1514,1514,1047,1514,1024,1024,1024,1514,1514,1514,1514,1514,1514,1514,1514,1514,998,998,43
300.773236989975,1514,1514,1046,1514,1024,1024,1024,1514,1514,1514,1514,1514,1514,1514,1514,1514,998,998,43
300.8725130558014,1514,1514,1047,1514,1024,1024,1024,1514,1514,1514,1514,1514,1514,1514,1514,1514,998,998,43
300.9739637374878,1514,1514,1047,1514,1024,1024,1024,1514,1514,1514,1514,1514,1514,1514,1514,1514,998,998,43
301.07368874549866,1514,1514,1046,1514,1024,1024,1024,1514,1514,1514,1514,1514,1514,1514,1514,1514,998,998,43
301.1727249622345,1514,1514,1047,1514,1024,1024,1024,1514,1514,1514,1514,1514,1514,1514,1514,1514,998,998,43
301.27408838272095,1514,1514,1047,1514,1024,1024,1024,1514,1514,1514,1514,1514,1514,1514,1514,1514,998,998,43
301.3736276626587,1514,1514,1047,1514,1024,1024,1024,1514,1514,1514,1514,1514,1514,1514,1514,1514,998,998,43
301.47303676605225,1514,1514,1047,1514,1024,1024,1024,1514,1514,1514,1514,1514,1514,1514,1514,1514,998,998,43
301.57403469085693,1514,1514,1046,1514,1024,1024,1024,1514,1514,1514,1514,1514,1514,1514,1514,1514,998,998,43
301.67371463775635,1514,1514,1047,1514,1024,1024,1024,1514,1514,1514,1514,1514,1514,1514,1514,1514,998,998,43
301.7727494239807,1514,1514,1046,1514,1024,1024,1024,1514,1514,1514,1514,1514,1514,1514,1514,1514,998,998,43
301.8741366863251,1514,1514,1046,1514,1024,1024,1024,1514,1514,1514,1514,1514,1514,1514,1514,1514,998,998,43
301.9739303588867,1514,1514,1047,1514,1024,1024,1024,1514,1514,1514,1514,1514,1514,1514,1514,1514,998,998,43
302.07417821884155,1514,1514,1046,1514,1024,1024,1024,1514,1514,1514,1514,1514,1514,1514,1514,1514,998,998,43
302.17287373542786,1514,1514,1047,1514,1024,1024,1024,1514,1514,1514,1514,1514,1514,1514,1514,1514,998,998,43
302.2793004512787,1514,1514,1047,1514,1024,1024,1024,1514,1514,1514,1514,1514,1514,1514,1514,1514,998,998,43
302.373651266098,1514,1514,1046,1514,1024,1024,1024,1514,1514,1514,1514,1514,1514,1514,1514,1514,998,998,43
302.47303795814514,1514,1514,1046,1514,1024,1024,1024,1514,1514,1514,1514,1514,1514,1514,1514,1514,998,998,43
302.57387137413025,1514,1514,1046,1514,1024,1024,1024,1514,1514,1514,1514,1514,1514,1514,1514,1514,998,998,43
302.67288398742676,1514,1514,1046,1514,1024,1024,1024,1514,1514,1514,1514,1514,1514,1514,1514,1514,998,998,43
302.77437114715576,1514,1514,1046,1514,1024,1024,1024,1514,1514,1514,1514,1514,1514,1514,1514,1514,998,998,43
302.8755855560303,1514,1514,1046,1514,1024,1024,1024,1514,1514,1514,1514,1514,1514,1514,1514,1514,998,998,43
302.97324419021606,1514,1514,1047,1514,1024,1024,1024,1514,1514,1514,1514,1514,1514,1514,1514,1514,998,998,43
303.08138966560364,1514,1514,1046,1514,1024,1024,1024,1514,1514,1514,1514,1514,1514,1514,1514,1514,998,998,43
303.17616152763367,1514,1514,1046,1514,1024,1024,1024,1514,1514,1514,1514,1514,1514,1514,1514,1514,998,998,43
303.2736427783966,1514,1514,1046,1514,1024,1024,1024,1514,1514,1514,1514,1514,1514,1514,1514,1514,998,998,43
303.3750030994415,1514,1514,1046,1514,1024,1024,1024,1514,1514,1514,1514,1514,1514,1514,1514,1514,998,998,43
303.474356174469,1514,1514,1046,1514,1024,1024,1024,1514,1514,1514,1514,1514,1514,1514,1514,1514,998,998,43
303.5738980770111,1514,1514,1046,1514,1024,1024,1024,1514,1514,1514,1514,1514,1514,1514,1514,1514,998,998,43
303.6735978126526,1514,1514,1046,1514,1024,1024,1024,1514,1514,1514,1514,1514,1514,1514,1514,1514,998,998,43
303.77462935447693,1514,1514,1046,1514,1024,1024,1024,1514,1514,1514,1514,1514,1514,1514,1514,1514,998,998,43
303.87531542778015,1514,1514,1046,1514,1024,1024,1024,1514,1514,1514,1514,1514,1514,1514,1514,1514,998,998,43
303.973096370697,1514,1514,1046,1514,1024,1024,1024,1514,1514,1514,1514,1514,1514,1514,1514,1514,998,998,43
304.07480692863464,1514,1514,1046,1514,1024,1024,1024,1514,1514,1514,1514,1514,1514,1514,1514,1514,998,998,43
304.17318296432495,1514,1514,1046,1514,1024,1024,1024,1514,1514,1514,1514,1514,1514,1514,1514,1514,998,998,43
304.27479124069214,1514,1514,1046,1514,1024,1024,1024,1514,1514,1514,1514,1514,1514,1514,1514,1514,998,998,43
304.37420892715454,1514,1514,1046,1514,1024,1024,1024,1514,1514,1514,1514,1514,1514,1514,1514,1514,998,998,43
304.4780533313751,1514,1514,1046,1514,1024,1024,1024,1514,1514,1514,1514,1514,1514,1514,1514,1514,998,998,43
304.57519483566284,1514,1514,1046,1514,1024,1024,1024,1514,1514,1514,1514,1514,1514,1514,1514,1514,998,998,43
304.6750020980835,1514,1514,1046,1514,1024,1024,1024,1514,1514,1514,1514,1514,1514,1514,1514,1514,998,998,43
304.7750985622406,1514,1514,1046,1514,1024,1024,1024,1514,1514,1514,1514,1514,1514,1514,1514,1514,998,998,43
304.87343287467957,1514,1514,1046,1514,1024,1024,1024,1514,1514,1514,1514,1514,1514,1514,1514,1514,998,998,43
304.97601199150085,1514,1514,1046,1514,1024,1024,1024,1514,1514,1514,1514,1514,1514,1514,1514,1514,998,998,43
305.07421588897705,1514,1514,1046,1514,1024,1024,1024,1514,1514,1514,1514,1514,1514,1514,1514,1514,998,998,43
305.17376017570496,1514,1514,1046,1514,1024,1024,1024,1514,1514,1514,1514,1514,1514,1514,1514,1514,998,998,43
305.27510476112366,1514,1514,1046,1514,1024,1024,1024,1514,1514,1514,1514,1514,1514,1514,1514,1514,998,998,43
305.37447786331177,1514,1514,1046,1514,1024,1024,1024,1514,1514,1514,1514,1514,1514,1514,1514,1514,998,998,43
305.4746334552765,1514,1514,1046,1514,1024,1024,1024,1514,1514,1514,1514,1514,1514,1514,1514,1514,998,998,43
305.5756049156189,1514,1514,1046,1514,1024,1024,1024,1514,1514,1514,1514,1514,1514,1514,1514,1514,998,998,43
305.676322221756,1514,1514,1046,1514,1024,1024,1024,1514,1514,1514,1514,1514,1514,1514,1514,1514,998,998,43
305.77469539642334,1514,1514,1046,1514,1024,1024,1024,1514,1514,1514,1514,1514,1514,1514,1514,1514,998,998,43
305.87357568740845,1514,1514,1046,1514,1024,1024,1024,1514,1514,1514,1514,1514,1514,1514,1514,1514,998,998,43
305.9753746986389,1514,1514,1046,1514,1024,1024,1024,1514,1514,1514,1514,1514,1514,1514,1514,1514,998,998,43
306.0751705169678,1514,1514,1046,1514,1024,1024,1024,1514,1514,1514,1514,1514,1514,1514,1514,1514,998,998,43
306.174987077713,1514,1514,1046,1514,1024,1024,1024,1514,1514,1514,1514,1514,1514,1514,1514,1514,998,998,43
306.2808241844177,1514,1514,1046,1514,1024,1024,1024,1514,1514,1514,1514,1514,1514,1514,1514,1514,998,998,43
306.37809014320374,1514,1514,1046,1514,1024,1024,1024,1514,1514,1514,1514,1514,1514,1514,1514,1514,998,998,43
306.4751024246216,1514,1514,1046,1514,1024,1024,1024,1514,1514,1514,1514,1514,1514,1514,1514,1514,998,998,43
306.57453989982605,1514,1514,1046,1514,1024,1024,1024,1514,1514,1514,1514,1514,1514,1514,1514,1514,998,998,43
306.6741273403168,1514,1514,1046,1514,1024,1024,1024,1514,1514,1514,1514,1514,1514,1514,1514,1514,998,998,43
306.7781994342804,1514,1514,1046,1514,1024,1024,1024,1514,1514,1514,1514,1514,1514,1514,1514,1514,998,998,43
306.8764591217041,1514,1514,1046,1514,1024,1024,1024,1514,1514,1514,1514,1514,1514,1514,1514,1514,998,998,43
306.97596859931946,1514,1514,1046,1514,1024,1024,1024,1514,1514,1514,1514,1514,1514,1514,1514,1514,998,998,43
307.07799100875854,1514,1514,1046,1514,1024,1024,1024,1514,1514,1514,1514,1514,1514,1514,1514,1514,998,998,43
307.1760187149048,1514,1514,1046,1514,1024,1024,1024,1514,1514,1514,1514,1514,1514,1514,1514,1514,998,998,43
307.2753040790558,1514,1514,1046,1514,1024,1024,1024,1514,1514,1514,1514,1514,1514,1514,1514,1514,998,998,43
307.37522745132446,1514,1514,1046,1514,1024,1024,1024,1514,1514,1514,1514,1514,1514,1514,1514,1514,998,998,43
307.47457814216614,1514,1514,1046,1514,1024,1024,1024,1514,1514,1514,1514,1514,1514,1514,1514,1514,998,998,43
307.57575249671936,1514,1514,1047,1514,1024,1024,1024,1514,1514,1514,1514,1514,1514,1514,1514,1514,998,998,43
307.6758966445923,1514,1514,1046,1514,1024,1024,1024,1514,1514,1514,1514,1514,1514,1514,1514,1514,998,998,43
307.77427768707275,1514,1514,1046,1514,1024,1024,1024,1514,1514,1514,1514,1514,1514,1514,1514,1514,998,998,43
307.87356400489807,1514,1514,1047,1514,1024,1024,1024,1514,1514,1514,1514,1514,1514,1514,1514,1514,998,998,43
307.97551345825195,1514,1514,1046,1514,1024,1024,1024,1514,1514,1514,1514,1514,1514,1514,1514,1514,998,998,43
308.07466554641724,1514,1514,1046,1514,1024,1024,1024,1514,1514,1514,1514,1514,1514,1514,1514,1514,998,998,43
308.1798212528229,1514,1514,1046,1514,1024,1024,1024,1514,1514,1514,1514,1514,1514,1514,1514,1514,998,998,43
308.2783558368683,1514,1514,1046,1514,1024,1024,1024,1514,1514,1514,1514,1514,1514,1514,1514,1514,998,998,43
308.3753387928009,1514,1514,1046,1514,1024,1024,1024,1514,1514,1514,1514,1514,1514,1514,1514,1514,998,998,43
308.47581815719604,1514,1514,1047,1514,1024,1024,1024,1514,1514,1514,1514,1514,1514,1514,1514,1514,998,998,43
308.57611560821533,1514,1514,1046,1514,1024,1024,1024,1514,1514,1514,1514,1514,1514,1514,1514,1514,998,998,43
308.676198720932,1514,1514,1046,1514,1024,1024,1024,1514,1514,1514,1514,1514,1514,1514,1514,1514,998,998,43
308.77625584602356,1514,1514,1046,1514,1024,1024,1024,1514,1514,1514,1514,1514,1514,1514,1514,1514,998,998,43
308.8751587867737,1514,1514,1046,1514,1024,1024,1024,1514,1514,1514,1514,1514,1514,1514,1514,1514,998,998,43
308.976181268692,1514,1514,1046,1514,1024,1024,1024,1514,1514,1514,1514,1514,1514,1514,1514,1514,998,998,43
309.0776813030243,1514,1514,1046,1514,1024,1024,1024,1514,1514,1514,1514,1514,1514,1514,1514,1514,998,998,43
309.175856590271,1514,1514,1046,1514,1024,1024,1024,1514,1514,1514,1514,1514,1514,1514,1514,1514,998,998,43
309.2750012874603,1514,1514,1046,1514,1024,1024,1024,1514,1514,1514,1514,1514,1514,1514,1514,1514,998,998,43
309.37627053260803,1514,1514,1046,1514,1024,1024,1024,1514,1514,1514,1514,1514,1514,1514,1514,1514,998,998,43
309.47615003585815,1514,1514,1046,1514,1024,1024,1024,1514,1514,1514,1514,1514,1514,1514,1514,1514,998,998,43
309.57525515556335,1514,1514,1046,1514,1024,1024,1024,1514,1514,1514,1514,1514,1514,1514,1514,1514,998,998,43
309.6747713088989,1514,1514,1046,1514,1024,1024,1024,1514,1514,1514,1514,1514,1514,1514,1514,1514,998,998,43
309.7767667770386,1514,1514,1046,1514,1024,1024,1024,1514,1514,1514,1514,1514,1514,1514,1514,1514,998,998,43
309.87607884407043,1514,1514,1046,1514,1024,1024,1024,1514,1514,1514,1514,1514,1514,1514,1514,1514,998,998,43
309.97522616386414,1514,1514,1046,1514,1024,1024,1024,1514,1514,1514,1514,1514,1514,1514,1514,1514,998,998,43
310.0799300670624,1514,1514,1046,1514,1024,1024,1024,1514,1514,1514,1514,1514,1514,1514,1514,1514,998,998,43
310.17723298072815,1514,1514,1046,1514,1024,1024,1024,1514,1514,1514,1514,1514,1514,1514,1514,1514,998,998,43
310.27687788009644,1514,1514,1046,1514,1024,1024,1024,1514,1514,1514,1514,1514,1514,1514,1514,1514,998,998,43
310.37686347961426,1514,1514,1046,1514,1024,1024,1024,1514,1514,1514,1514,1514,1514,1514,1514,1514,998,998,43
310.475617647171,1514,1514,1046,1514,1024,1024,1024,1514,1514,1514,1514,1514,1514,1514,1514,1514,998,998,43
310.5766522884369,1514,1514,1046,1514,1024,1024,1024,1514,1514,1514,1514,1514,1514,1514,1514,1514,998,998,43
310.67883229255676,1514,1514,1046,1514,1024,1024,1024,1514,1514,1514,1514,1514,1514,1514,1514,1514,998,998,43
310.7752437591553,1514,1514,1046,1514,1024,1024,1024,1514,1514,1514,1514,1514,1514,1514,1514,1514,998,998,43
310.87842893600464,1514,1514,1046,1514,1024,1024,1024,1514,1514,1514,1514,1514,1514,1514,1514,1514,998,998,43
310.9778039455414,1514,1514,1046,1514,1024,1024,1024,1514,1514,1514,1514,1514,1514,1514,1514,1514,998,998,43
311.0755796432495,1514,1514,1046,1514,1024,1024,1024,1514,1514,1514,1514,1514,1514,1514,1514,1514,998,998,43
311.17848801612854,1514,1514,1046,1514,1024,1024,1024,1514,1514,1514,1514,1514,1514,1514,1514,1514,998,998,43
311.2785539627075,1514,1514,1046,1514,1024,1024,1024,1514,1514,1514,1514,1514,1514,1514,1514,1514,998,998,43
311.37706446647644,1514,1514,1046,1514,1024,1024,1024,1514,1514,1514,1514,1514,1514,1514,1514,1514,998,998,43
311.47916865348816,1514,1514,1046,1514,1024,1024,1024,1514,1514,1514,1514,1514,1514,1514,1514,1514,998,998,43
311.577600479126,1514,1514,1046,1514,1024,1024,1024,1514,1514,1514,1514,1514,1514,1514,1514,1514,998,998,43
311.67663836479187,1514,1514,1046,1514,1024,1024,1024,1514,1514,1514,1514,1514,1514,1514,1514,1514,998,998,43
311.7765018939972,1514,1514,1046,1514,1024,1024,1024,1514,1514,1514,1514,1514,1514,1514,1514,1514,998,998,43
311.87555384635925,1514,1514,1046,1514,1024,1024,1024,1514,1514,1514,1514,1514,1514,1514,1514,1514,998,998,43
311.9773428440094,1514,1514,1046,1514,1024,1024,1024,1514,1514,1514,1514,1514,1514,1514,1514,1514,998,998,43
312.0773365497589,1514,1514,1046,1514,1024,1024,1024,1514,1514,1514,1514,1514,1514,1514,1514,1514,998,998,43
312.17634868621826,1514,1514,1046,1514,1024,1024,1024,1514,1514,1514,1514,1514,1514,1514,1514,1514,998,998,43
312.27593779563904,1514,1514,1046,1514,1024,1024,1024,1514,1514,1514,1514,1514,1514,1514,1514,1514,998,998,43
312.37720227241516,1514,1514,1046,1514,1024,1024,1024,1514,1514,1514,1514,1514,1514,1514,1514,1514,998,998,43
312.4771728515625,1514,1514,1046,1514,1024,1024,1024,1514,1514,1514,1514,1514,1514,1514,1514,1514,998,998,43
312.5807831287384,1514,1514,1046,1514,1024,1024,1024,1514,1514,1514,1514,1514,1514,1514,1514,1514,998,998,43
312.68195724487305,1514,1514,1046,1514,1024,1024,1024,1514,1514,1514,1514,1514,1514,1514,1514,1514,998,998,43
312.77957224845886,1514,1514,1046,1514,1024,1024,1024,1514,1514,1514,1514,1514,1514,1514,1514,1514,998,998,43
312.87683725357056,1514,1514,1046,1514,1024,1024,1024,1514,1514,1514,1514,1514,1514,1514,1514,1514,998,998,43
312.97606229782104,1514,1514,1046,1514,1024,1024,1024,1514,1514,1514,1514,1514,1514,1514,1514,1514,998,998,43
313.07802724838257,1514,1514,1046,1514,1024,1024,1024,1514,1514,1514,1514,1514,1514,1514,1514,1514,998,998,43
313.1775932312012,1514,1514,1046,1514,1024,1024,1024,1514,1514,1514,1514,1514,1514,1514,1514,1514,998,998,43
313.28558325767517,1514,1514,1046,1514,1024,1024,1024,1514,1514,1514,1514,1514,1514,1514,1514,1514,998,998,43
313.37756395339966,1514,1514,1046,1514,1024,1024,1024,1514,1514,1514,1514,1514,1514,1514,1514,1514,998,998,43
313.4772970676422,1514,1514,1046,1514,1024,1024,1024,1514,1514,1514,1514,1514,1514,1514,1514,1514,998,998,43
313.57841539382935,1514,1514,1046,1514,1024,1024,1024,1514,1514,1514,1514,1514,1514,1514,1514,1514,998,998,43
313.6778221130371,1514,1514,1046,1514,1024,1024,1024,1514,1514,1514,1514,1514,1514,1514,1514,1514,998,998,43
313.7766201496124,1514,1514,1046,1514,1024,1024,1024,1514,1514,1514,1514,1514,1514,1514,1514,1514,998,998,43
313.87873363494873,1514,1514,1046,1514,1024,1024,1024,1514,1514,1514,1514,1514,1514,1514,1514,1514,998,998,43
313.97832798957825,1514,1514,1046,1514,1024,1024,1024,1514,1514,1514,1514,1514,1514,1514,1514,1514,998,998,43
314.07613706588745,1514,1514,1046,1514,1024,1024,1024,1514,1514,1514,1514,1514,1514,1514,1514,1514,998,998,43
314.1762547492981,1514,1514,1046,1514,1024,1024,1024,1514,1514,1514,1514,1514,1514,1514,1514,1514,998,998,43
314.2780659198761,1514,1514,1046,1514,1024,1024,1024,1514,1514,1514,1514,1514,1514,1514,1514,1514,998,998,43
314.37733602523804,1514,1514,1046,1514,1024,1024,1024,1514,1514,1514,1514,1514,1514,1514,1514,1514,998,998,43
314.4895522594452,1514,1514,1046,1514,1024,1024,1024,1514,1514,1514,1514,1514,1514,1514,1514,1514,998,998,43
314.57851004600525,1514,1514,1046,1514,1024,1024,1024,1514,1514,1514,1514,1514,1514,1514,1514,1514,998,998,43
314.6806175708771,1514,1514,1046,1514,1024,1024,1024,1514,1514,1514,1514,1514,1514,1514,1514,1514,998,998,43
314.77732372283936,1514,1514,1046,1514,1024,1024,1024,1514,1514,1514,1514,1514,1514,1514,1514,1514,998,998,43
314.8771905899048,1514,1514,1046,1514,1024,1024,1024,1514,1514,1514,1514,1514,1514,1514,1514,1514,998,998,43
314.9782078266144,1514,1514,1046,1514,1024,1024,1024,1514,1514,1514,1514,1514,1514,1514,1514,1514,998,998,43
315.07723236083984,1514,1514,1046,1514,1024,1024,1024,1514,1514,1514,1514,1514,1514,1514,1514,1514,998,998,43
315.17668652534485,1514,1514,1046,1514,1024,1024,1024,1514,1514,1514,1514,1514,1514,1514,1514,1514,998,998,43
315.2784745693207,1514,1514,1046,1514,1024,1024,1024,1514,1514,1514,1514,1514,1514,1514,1514,1514,998,998,43
315.3772795200348,1514,1514,1046,1514,1024,1024,1024,1514,1514,1514,1514,1514,1514,1514,1514,1514,998,998,43
315.47861409187317,1514,1514,1046,1514,1024,1024,1024,1514,1514,1514,1514,1514,1514,1514,1514,1514,998,998,43
315.5779354572296,1514,1514,1046,1514,1024,1024,1024,1514,1514,1514,1514,1514,1514,1514,1514,1514,998,998,43
315.6770935058594,1514,1514,1046,1514,1024,1024,1024,1514,1514,1514,1514,1514,1514,1514,1514,1514,998,998,43
315.7787775993347,1514,1514,1046,1514,1024,1024,1024,1514,1514,1514,1514,1514,1514,1514,1514,1514,998,998,43
315.87830233573914,1514,1514,1046,1514,1024,1024,1024,1514,1514,1514,1514,1514,1514,1514,1514,1514,998,998,43
315.97763752937317,1514,1514,1046,1514,1024,1024,1024,1514,1514,1514,1514,1514,1514,1514,1514,1514,998,998,43
316.07821798324585,1514,1514,1046,1514,1024,1024,1024,1514,1514,1514,1514,1514,1514,1514,1514,1514,998,998,43
316.1781804561615,1514,1514,1046,1514,1024,1024,1024,1514,1514,1514,1514,1514,1514,1514,1514,1514,998,998,43
316.27848076820374,1514,1514,1046,1514,1024,1024,1024,1514,1514,1514,1514,1514,1514,1514,1514,1514,998,998,43
316.37828063964844,1514,1514,1046,1514,1024,1024,1024,1514,1514,1514,1514,1514,1514,1514,1514,1514,998,998,43
316.48028802871704,1514,1514,1046,1514,1024,1024,1024,1514,1514,1514,1514,1514,1514,1514,1514,1514,998,998,43
316.57802152633667,1514,1514,1046,1514,1024,1024,1024,1514,1514,1514,1514,1514,1514,1514,1514,1514,998,998,43
316.67749071121216,1514,1514,1046,1514,1024,1024,1024,1514,1514,1514,1514,1514,1514,1514,1514,1514,998,998,43
316.7785003185272,1514,1514,1046,1514,1024,1024,1024,1514,1514,1514,1514,1514,1514,1514,1514,1514,998,998,43
316.8803496360779,1514,1514,1046,1514,1024,1024,1024,1514,1514,1514,1514,1514,1514,1514,1514,1514,998,998,43
316.9783215522766,1514,1514,1046,1514,1024,1024,1024,1514,1514,1514,1514,1514,1514,1514,1514,1514,998,998,43
317.0770287513733,1514,1514,1046,1514,1024,1024,1024,1514,1514,1514,1514,1514,1514,1514,1514,1514,998,998,43
317.1848919391632,1514,1514,1046,1514,1024,1024,1024,1514,1514,1514,1514,1514,1514,1514,1514,1514,998,998,43
317.2784764766693,1514,1514,1046,1514,1024,1024,1024,1514,1514,1514,1514,1514,1514,1514,1514,1514,998,998,43
317.37819147109985,1514,1514,1046,1514,1024,1024,1024,1514,1514,1514,1514,1514,1514,1514,1514,1514,998,998,43
317.4777328968048,1514,1514,1046,1514,1024,1024,1024,1514,1514,1514,1514,1514,1514,1514,1514,1514,998,998,43
317.5799674987793,1514,1514,1046,1514,1024,1024,1024,1514,1514,1514,1514,1514,1514,1514,1514,1514,998,998,43
317.6782250404358,1514,1514,1046,1514,1024,1024,1024,1514,1514,1514,1514,1514,1514,1514,1514,1514,998,998,43
317.7777750492096,1514,1514,1046,1514,1024,1024,1024,1514,1514,1514,1514,1514,1514,1514,1514,1514,998,998,43
317.87811756134033,1514,1514,1046,1514,1024,1024,1024,1514,1514,1514,1514,1514,1514,1514,1514,1514,998,998,43
317.97896003723145,1514,1514,1046,1514,1024,1024,1024,1514,1514,1514,1514,1514,1514,1514,1514,1514,998,998,43
318.0798180103302,1514,1514,1046,1514,1024,1024,1024,1514,1514,1514,1514,1514,1514,1514,1514,1514,998,998,43
318.177809715271,1514,1514,1046,1514,1024,1024,1024,1514,1514,1514,1514,1514,1514,1514,1514,1514,998,998,43
318.27895951271057,1514,1514,1046,1514,1024,1024,1024,1514,1514,1514,1514,1514,1514,1514,1514,1514,998,998,43
318.3789255619049,1514,1514,1046,1514,1024,1024,1024,1514,1514,1514,1514,1514,1514,1514,1514,1514,998,998,43
318.47834372520447,1514,1514,1046,1514,1024,1024,1024,1514,1514,1514,1514,1514,1514,1514,1514,1514,998,998,43
318.5778863430023,1514,1514,1046,1514,1024,1024,1024,1514,1514,1514,1514,1514,1514,1514,1514,1514,998,998,43
318.6794903278351,1514,1514,1046,1514,1024,1024,1024,1514,1514,1514,1514,1514,1514,1514,1514,1514,998,998,43
318.7782075405121,1514,1514,1046,1514,1024,1024,1024,1514,1514,1514,1514,1514,1514,1514,1514,1514,998,998,43
318.8827426433563,1514,1514,1046,1514,1024,1024,1024,1514,1514,1514,1514,1514,1514,1514,1514,1514,998,998,43
318.9790270328522,1514,1514,1046,1514,1024,1024,1024,1514,1514,1514,1514,1514,1514,1514,1514,1514,998,998,43
319.0790822505951,1514,1514,1046,1514,1024,1024,1024,1514,1514,1514,1514,1514,1514,1514,1514,1514,998,998,43
319.1853482723236,1514,1514,1046,1514,1024,1024,1024,1514,1514,1514,1514,1514,1514,1514,1514,1514,998,998,43
319.27854776382446,1514,1514,1046,1514,1024,1024,1024,1514,1514,1514,1514,1514,1514,1514,1514,1514,998,998,43
319.37825989723206,1514,1514,1046,1514,1024,1024,1024,1514,1514,1514,1514,1514,1514,1514,1514,1514,998,998,43
319.4803943634033,1514,1514,1046,1514,1024,1024,1024,1514,1514,1514,1514,1514,1514,1514,1514,1514,998,998,43
319.57873368263245,1514,1514,1046,1514,1024,1024,1024,1514,1514,1514,1514,1514,1514,1514,1514,1514,998,998,43
319.67934489250183,1514,1514,1046,1514,1024,1024,1024,1514,1514,1514,1514,1514,1514,1514,1514,1514,998,998,43
319.7794542312622,1514,1514,1046,1514,1024,1024,1024,1514,1514,1514,1514,1514,1514,1514,1514,1514,998,998,43
319.8811864852905,1514,1514,1046,1514,1024,1024,1024,1514,1514,1514,1514,1514,1514,1514,1514,1514,998,998,43
319.97964215278625,1514,1514,1046,1514,1024,1024,1024,1514,1514,1514,1514,1514,1514,1514,1514,1514,998,998,43
320.07815051078796,1514,1514,1046,1514,1024,1024,1024,1514,1514,1514,1514,1514,1514,1514,1514,1514,998,998,43
320.17944383621216,1514,1514,1046,1514,1024,1024,1024,1514,1514,1514,1514,1514,1514,1514,1514,1514,998,998,43
