t,x,y,z,qx,qy,qz,qw,vx,vy,vz,wx,wy,wz
0.08193206787109375,-0.005607204248929199,-0.02313987503812288,-0.025427158913479634,-0.0015652222265636127,0.0006370463372743685,-0.0011779658750615072,0.9999978783216206,0.0,0.0,0.0,0.0,0.0,0.0
0.1701209545135498,-0.011667731228867263,-0.01473539153589479,-0.027051542145242094,-0.0004932744057607336,0.0007565209735582614,-0.0008104343894528896,0.9999992637759676,0.0,0.0,0.0,0.0,0.0,0.0
0.28798389434814453,-0.004780378303232298,-0.010304578212527291,-0.02134848359150456,-0.0003980147815850738,5.796197849487415e-05,-0.0013998299692277222,0.9999989393497875,0.0,0.0,0.0,0.0,0.0,0.0
0.3739786148071289,-0.004068583623074005,-0.010680146446753372,-0.023860172654849306,-0.0012526754135925675,-7.005917999063466e-05,-0.0006456759004639226,0.9999990044988298,0.0,0.0,0.0,0.0,0.0,0.0
0.4756662845611572,-0.005549168778301573,-0.014895036258609847,-0.022393152261974168,0.0004948310689026151,-0.0008360965756364282,-0.0012673202313187434,0.9999987249912672,0.0,0.0,0.0,0.0,0.0,0.0
0.5833830833435059,-0.009242474951137164,-0.015566372386439058,-0.022187295241677788,2.7431538483936256e-05,0.0006727022155891476,-0.0004817520482834644,0.9999996573170428,0.0,0.0,0.0,0.0,0.0,0.0
0.684319019317627,-0.007889631022982048,-0.01593816759813253,-0.019721988207019862,0.0004338730827954501,-0.0002623463496087835,-0.0008182215477953683,0.999999536720912,0.0,0.0,0.0,0.0,0.0,0.0
0.7781009674072266,-0.007025641214328717,-0.018418937189787047,-0.02298358991853966,0.0002870684435712189,-0.0003873956600537725,-0.00040390420203402424,0.9999998021888336,0.0,0.0,0.0,0.0,0.0,0.0
0.8711488246917725,-0.013648150653744355,-0.016146791241264447,-0.021720617174864454,0.00016219885210279678,0.0012218404663506329,-0.0007587999255056152,0.999998952509491,0.0,0.0,0.0,0.0,0.0,0.0
0.9790470600128174,-0.012240312984729187,-0.010171820578323219,-0.02237725301269329,-0.0004817726880641737,0.00040037010248457697,-0.0008797348511530575,0.9999994168325542,0.0,0.0,0.0,0.0,0.0,0.0
1.0802099704742432,-0.01003600897082827,-0.013370153713922577,-0.02064584951613875,7.263400933177823e-05,0.00045922298232148003,-0.0012458876902177892,0.9999991158008167,0.0,0.0,0.0,0.0,0.0,0.0
1.1726746559143066,-0.00827917754083266,-0.01495219196632038,-0.019906278547902365,0.0006017200641410789,0.0004410159830944534,-0.001131247968073471,0.9999990818575288,0.0,0.0,0.0,0.0,0.0,0.0
1.2740390300750732,-0.011986207433717599,-0.012179281249469182,-0.022925081858337488,-3.846885565256309e-05,3.399851425599303e-05,-0.0007804308003877609,0.9999996941459597,0.0,0.0,0.0,0.0,0.0,0.0
1.3709068298339844,-0.00943514538228629,-0.011967480107245694,-0.01991258117090481,0.0006215790925382414,0.0006130260118369952,-0.0018461130799601328,0.999997914850344,0.0,0.0,0.0,0.0,0.0,0.0
1.4813246726989746,-0.005071223748146044,-0.01849556222548796,-0.020208040295224623,0.0001685236899624567,0.00021508327082973402,-0.0008401325790113332,0.9999996097580246,0.0,0.0,0.0,0.0,0.0,0.0
1.5735971927642822,-0.008405645747014337,-0.019401772347521835,-0.019063900679748856,0.000441961137523288,0.000461760172192998,-0.0011332341694198647,0.999999153613748,0.0,0.0,0.0,0.0,0.0,0.0
1.6762244701385498,-0.012308143090581123,-0.01717661563861724,-0.0194504883557741,4.117063206225384e-05,-5.1793348938876624e-05,-0.0008257243034177348,0.9999996569008418,0.0,0.0,0.0,0.0,0.0,0.0
1.7719416618347168,-0.008080899950611245,-0.019233710235288158,-0.020053033370702987,0.0001073854404519374,-0.0012264075993483406,-0.0006572136504030212,0.9999990262310178,0.0,0.0,0.0,0.0,0.0,0.0
1.877458095550537,-0.01025788011356054,-0.017008180376734353,-0.018862645279882868,-0.00011304930108901969,0.00026026976229713404,-0.0010235352610491483,0.9999994359273782,0.0,0.0,0.0,0.0,0.0,0.0
1.972594976425171,-0.008136470122459117,-0.018020009436523134,-0.016718933289279588,0.0002576336084657174,-0.0005126473008146989,-0.0005507699098470708,0.999999683735037,0.0,0.0,0.0,0.0,0.0,0.0
2.0723483562469482,-0.007415353280287359,-0.01782545992648589,-0.016581323259179177,8.629909291677835e-05,-0.00014556472125878552,-0.000317498660351074,0.9999999352789867,0.0,0.0,0.0,0.0,0.0,0.0
2.1849772930145264,-0.00951283463651478,-0.015593736003744745,-0.01484824790454163,0.000287476811574877,0.00012349733234287165,-0.0006139615750590108,0.9999997625783091,0.0,0.0,0.0,0.0,0.0,0.0
2.2741613388061523,-0.011682185733606113,-0.013090342794746464,-0.01479857301609021,7.845328248104663e-05,-0.0005475093878369383,-0.0006476525891395609,0.9999996373122716,0.0,0.0,0.0,0.0,0.0,0.0
2.3753557205200195,-0.012272342355242548,-0.017452680052526124,-0.017768494806958482,-0.00013893530167169015,-0.0008266427215477307,-0.0005599225939050315,0.9999994919226112,0.0,0.0,0.0,0.0,0.0,0.0
2.4753451347351074,-0.009858547275627561,-0.018235649020828852,-0.019546866687950797,0.0002565726170013474,-0.0004045034294200566,-0.0011629250498811517,0.9999992090760849,0.0,0.0,0.0,0.0,0.0,0.0
2.5753631591796875,-0.011160955707148116,-0.0154581747710999,-0.021693553036328306,-0.00027801493704506116,0.00037115365202007307,-0.0008980717026639835,0.9999994892098083,0.0,0.0,0.0,0.0,0.0,0.0
2.682124614715576,-0.008718318480930161,-0.02295267027495951,-0.020174026726661895,0.00016150436044632194,6.33379965854371e-06,-0.0011795194303307595,0.9999992913048175,0.0,0.0,0.0,0.0,0.0,0.0
2.7717926502227783,-0.005510713288315752,-0.026538228104583304,-0.019421654202416795,2.241790972281077e-05,-0.0005483634038675742,-0.0009842286212222258,0.9999993650443159,0.0,0.0,0.0,0.0,0.0,0.0
2.883223295211792,-0.003647204538507629,-0.023504574889962302,-0.019116748383256027,0.00026910566368665,0.00015283586432139173,-0.0015313331562079825,0.9999987796203074,0.0,0.0,0.0,0.0,0.0,0.0
2.9728641510009766,-0.006732896061509178,-0.021539317882687647,-0.01651751153959026,0.00013999900033794633,-0.00014439007126673973,-0.001182511479875121,0.9999992806089342,0.0,0.0,0.0,0.0,0.0,0.0
3.0744943618774414,-0.0034496076445114736,-0.021829677829890166,-0.01650614024938971,9.495954429989767e-05,-0.00031059183134370463,-0.0010630423098999216,0.9999993822280319,0.0,0.0,0.0,0.0,0.0,0.0
3.1721038818359375,-0.005873535945666194,-0.02007565813747245,-0.016885585290928314,0.00043548842813360245,-0.000485716568436402,-0.001042143776484533,0.9999992441825104,0.0,0.0,0.0,0.0,0.0,0.0
3.257551431655884,-0.010015431595175105,-0.01749103173528119,-0.0165395696800016,7.643572418842765e-06,-0.00041265802965893833,-0.0007467625657215981,0.9999996360002316,0.0,0.0,0.0,0.0,0.0,0.0
3.3728623390197754,-0.006490876793129903,-0.020694471547873253,-0.015560705015360311,0.00020049817545738678,-0.0005369161198356366,-0.0014767424955129667,0.9999987453757947,0.0,0.0,0.0,0.0,0.0,0.0
3.473370313644409,-0.003687835415754937,-0.02659075914056881,-0.016550471955155868,0.0005286483233548264,-0.0006304636656671561,-0.0012732167978266157,0.9999988509820908,0.0,0.0,0.0,0.0,0.0,0.0
3.5785443782806396,-0.00800984110344192,-0.020848878537491036,-0.016450139669376432,-0.00018195247403813606,-0.0012329667369764493,-0.0012504608259278427,0.9999984415158083,0.0,0.0,0.0,0.0,0.0,0.0
3.6773130893707275,-0.008715839684867475,-0.01650432620229079,-0.015762625519403474,0.0002657867512136575,-3.715572050023307e-05,-0.000638170354263167,0.9999997603576984,0.0,0.0,0.0,0.0,0.0,0.0
3.7721140384674072,-0.006272499300677719,-0.018974778655178954,-0.01688016287696323,-9.891032661909085e-05,-0.0012671660274166797,-0.00038067274646404274,0.9999991197972457,0.0,0.0,0.0,0.0,0.0,0.0
3.8825950622558594,-0.007841862577702455,-0.022533129555924816,-0.016114623032159686,0.0003981016710698464,-0.0008610436748783961,-0.0011731383090555754,0.9999988619320311,0.0,0.0,0.0,0.0,0.0,0.0
3.9785361289978027,-0.009146602410086383,-0.021620954293167485,-0.017151193845526606,0.00026341313769483784,-0.0011783806844922612,-0.001382993363091924,0.9999983146794995,0.0,0.0,0.0,0.0,0.0,0.0
4.077000617980957,-0.007903753258134376,-0.021779392284506125,-0.01862404955245327,0.00015830671734996904,0.00019992905855023517,-0.0012876112621862275,0.9999991385119252,0.0,0.0,0.0,0.0,0.0,0.0
4.177706956863403,-0.0054432539259166215,-0.02354039694662398,-0.020382378762767425,-0.0002795633599223138,-0.00048022247917350284,-0.0009258423734481425,0.9999994170231296,0.0,0.0,0.0,0.0,0.0,0.0
4.273367166519165,-0.008505747366396418,-0.022177831583819283,-0.017924140582792392,6.470056661036052e-05,-5.8721615171123374e-05,-0.0011566137352530973,0.9999993273049126,0.0,0.0,0.0,0.0,0.0,0.0
4.3748979568481445,-0.009697070591995854,-0.02036225618831998,-0.016465605697037297,-8.360575791877025e-05,-0.0006569643569334023,-0.0009154081223826355,0.9999993617177374,0.0,0.0,0.0,0.0,0.0,0.0
4.476809501647949,-0.006609477903198638,-0.024227500634816712,-0.0161488495312104,-0.00015034543688449624,-5.258662812694687e-06,-0.001008899566676786,0.9999994797449957,0.0,0.0,0.0,0.0,0.0,0.0
4.5763609409332275,-0.00858934190863586,-0.0170785615439784,-0.01656627655278215,0.0002378316535299564,-0.0008390408794320194,-0.0007991539545178577,0.9999993003994883,0.0,0.0,0.0,0.0,0.0,0.0
4.6714255809783936,-0.008428292800880434,-0.01406384439937129,-0.015332343181700594,0.00023863596400885178,-0.00119168829649881,-0.0009260814651808235,0.9999988326518198,0.0,0.0,0.0,0.0,0.0,0.0
4.772664308547974,-0.007318756485464736,-0.018331354517396117,-0.014004420157922817,0.000348107890185766,-0.0005414508780208511,-0.0012764707698362699,0.9999989781365874,0.0,0.0,0.0,0.0,0.0,0.0
4.873294353485107,-0.009120457886295669,-0.022210551036439503,-0.01686729976577675,0.0001192002369225392,-0.0002708482903428693,-0.0008533615921266093,0.999999592103168,0.0,0.0,0.0,0.0,0.0,0.0
4.976905822753906,-0.009520597777918003,-0.02159201293144388,-0.015086649604033628,0.000511285527464375,0.00011300259091672744,-0.0015756296775645304,0.9999986216033728,0.0,0.0,0.0,0.0,0.0,0.0
5.078883171081543,-0.009997703875880051,-0.018917404780217806,-0.015174621548405489,0.000491609660947179,-0.0006588091219924617,-0.0014641465991053967,0.9999985902816173,0.0,0.0,0.0,0.0,0.0,0.0
5.175948143005371,-0.007567682077758912,-0.019888806926330375,-0.01858533043384083,-0.0004262925472853985,-0.0009490147329601757,-0.0011754856517589432,0.9999987679388342,0.0,0.0,0.0,0.0,0.0,0.0
5.273845434188843,-0.00849672603922211,-0.018530805277572282,-0.017756176431393274,0.00019630077119716047,-1.0828612751135637e-05,-0.0009101614763393432,0.999999566477325,0.0,0.0,0.0,0.0,0.0,0.0
5.376110315322876,-0.011562698042932073,-0.016511805352854934,-0.016181125110221597,0.0005261057761363073,-0.0010613556423446312,-0.0006964729867466952,0.9999990558307014,0.0,0.0,0.0,0.0,0.0,0.0
5.479824542999268,-0.012950381399356337,-0.02016774548428515,-0.017158707132809495,-0.0001468374983747596,0.00011511007106267601,-0.0013550966724008113,0.9999990644502782,0.0,0.0,0.0,0.0,0.0,0.0
5.5719640254974365,-0.010743933352974654,-0.023939228673927917,-0.016785527879665058,0.00029826368464153845,-0.0014009452580512165,-0.0011316303827134395,0.9999983339005306,0.0,0.0,0.0,0.0,0.0,0.0
5.679399013519287,-0.012568508117004901,-0.025110753272287244,-0.018920913787299244,0.00016901260763254634,0.0003242750966873922,-0.0015549971738404642,0.9999987241312813,0.0,0.0,0.0,0.0,0.0,0.0
5.7795984745025635,-0.011858060961273426,-0.024757931715703504,-0.01811215802121327,2.7150961464604786e-05,-6.344539537275996e-05,-0.0005429685744387656,0.9999998502113064,0.0,0.0,0.0,0.0,0.0,0.0
5.875705003738403,-0.010588659918808073,-0.02173094851294641,-0.019177622757162713,-5.484487305966339e-05,-0.0005618948450950934,-0.0009584034515187352,0.9999993813643329,0.0,0.0,0.0,0.0,0.0,0.0
5.972869634628296,-0.007070697838892729,-0.016361316284186918,-0.016734163225010572,0.00017563386348415637,-0.000494736398189703,-0.0008215598612635677,0.9999995247139059,0.0,0.0,0.0,0.0,0.0,0.0
6.074262619018555,-0.00962556083508134,-0.013549088503835335,-0.016401514042212365,0.00022189950020700444,-0.0002152868408482794,-0.0007782214700551833,0.9999996493917046,0.0,0.0,0.0,0.0,0.0,0.0
6.174921989440918,-0.00891120440093082,-0.01406982224050758,-0.016030211334457742,0.00015102813596966371,-0.0011546962441308863,-0.0011944469694410843,0.999998608580794,0.0,0.0,0.0,0.0,0.0,0.0
6.277353525161743,-0.010590915636687162,-0.017015241037684807,-0.014191131601856154,0.0008945989234698567,-0.0010357321547667746,-0.0014557635717156177,0.9999980038500547,0.0,0.0,0.0,0.0,0.0,0.0
6.373943328857422,-0.01473302816984882,-0.021776801015231377,-0.015701667341172197,0.0002475392917924455,-0.00030434491766021416,-0.0021102737025245817,0.9999976964190322,0.0,0.0,0.0,0.0,0.0,0.0
6.474452018737793,-0.016686928219922445,-0.025387274107240572,-0.015594576245625939,0.00024284415815148042,-0.00014654381742098643,-0.0011979411367221875,0.9999992422440417,0.0,0.0,0.0,0.0,0.0,0.0
6.577452182769775,-0.013976620485905518,-0.02477495070789743,-0.018074758874019953,0.0001622260355871374,-1.481617917408658e-05,-0.0011461468581265178,0.9999993299050624,0.0,0.0,0.0,0.0,0.0,0.0
6.680419683456421,-0.017830382029899273,-0.019180451245685372,-0.018323241991797707,2.835361744883998e-05,-8.93635809647272e-05,-0.000818797581382549,0.9999996603903138,0.0,0.0,0.0,0.0,0.0,0.0
6.773232698440552,-0.01608710264888956,-0.0164994388395287,-0.019135177926541607,-6.38996566900526e-06,-9.31304533149791e-05,-0.0008331035839712014,0.9999996486120907,0.0,0.0,0.0,0.0,0.0,0.0
6.872063636779785,-0.017241029511381723,-0.02091537459609475,-0.016933365156038622,0.0006093842630878008,-0.00013099889307782532,-0.001300221318916072,0.9999989604567755,0.0,0.0,0.0,0.0,0.0,0.0
6.975258827209473,-0.01473547716440182,-0.020703976874706764,-0.01639800518478238,0.0010388133560851303,0.0003433679411402037,-0.0010675938378946624,0.9999988316036502,0.0,0.0,0.0,0.0,0.0,0.0
7.076579332351685,-0.01509881274516195,-0.02109005768824037,-0.012875495821418734,5.5148223058311365e-05,-0.0005796020618069064,-0.0012106116035710988,0.9999990977194272,0.0,0.0,0.0,0.0,0.0,0.0
7.188053369522095,-0.01294362844509985,-0.022446428157400666,-0.015428570588356075,3.714361390960457e-05,-0.00018649824070494835,-0.0016249540505088283,0.9999986616806505,0.0,0.0,0.0,0.0,0.0,0.0
7.271352529525757,-0.010170081826119252,-0.022313080910424544,-0.015014278973297683,0.0004410371153653544,-0.0010283705710099338,-0.0012293018156107351,0.9999986183776847,0.0,0.0,0.0,0.0,0.0,0.0
7.373730897903442,-0.01223479244838037,-0.01624710352467959,-0.013743474776808947,0.0005529471558927982,-0.0008985374609969753,-0.0006536171934518772,0.9999992298319227,0.0,0.0,0.0,0.0,0.0,0.0
7.472047567367554,-0.009839045815327319,-0.012111864591351438,-0.013689559039689008,0.0005895751716942469,-0.0007837077558914768,-0.0005150263819392876,0.9999993864753598,0.0,0.0,0.0,0.0,0.0,0.0
7.578265905380249,-0.013704990547239185,-0.01292772234851283,-0.01592863905271115,0.00023575619706015945,-0.0004015330945043798,-0.0007094898505612611,0.9999996399071058,0.0,0.0,0.0,0.0,0.0,0.0
7.676553249359131,-0.01235467308222447,-0.014971259429211094,-0.013680598495280548,0.0007574828149968096,-0.0015578806345845427,-0.0006363940554661758,0.9999982971137099,0.0,0.0,0.0,0.0,0.0,0.0
7.7717437744140625,-0.009949424948045014,-0.014905228693672034,-0.01011849645545971,0.0007265533195128755,-0.0009697450041519899,-0.0007576034164338663,0.9999989788754605,0.0,0.0,0.0,0.0,0.0,0.0
7.881939172744751,-0.010200044623877082,-0.017773378968755423,-0.01126898282535932,0.0003589662812066145,-0.0004929200493266221,-0.0008404659687868544,0.9999994608948489,0.0,0.0,0.0,0.0,0.0,0.0
7.973004579544067,-0.010479668154918326,-0.02289396967062169,-0.013989079724433617,0.0005383931470381804,-0.0006630611249431329,-0.001347643008202417,0.9999987271697329,0.0,0.0,0.0,0.0,0.0,0.0
8.075695753097534,-0.01066790462526031,-0.023409746921046595,-0.0145294799235868,0.0005691043507641639,-0.0009606754671595462,-0.0012032044492652173,0.9999986527600612,0.0,0.0,0.0,0.0,0.0,0.0
8.177485704421997,-0.015194298578744603,-0.01887591420183455,-0.014760806671786938,0.0002844328195687098,-0.0004082361556341329,-0.0007319116775487243,0.9999996083731775,0.0,0.0,0.0,0.0,0.0,0.0
8.274684190750122,-0.015360798486415878,-0.01615349666305091,-0.014780151522515973,0.00012944448584136252,-0.0006818830808309632,-0.0006162123986408385,0.9999995692808418,0.0,0.0,0.0,0.0,0.0,0.0
8.37887978553772,-0.011737339094483793,-0.01690957704743092,-0.014534196797097092,0.0003620248281769507,-0.0006311252128302952,-0.001550799232458266,0.999998532819289,0.0,0.0,0.0,0.0,0.0,0.0
8.477873802185059,-0.013050006327873237,-0.015837908696056464,-0.013625709114586205,0.00033098569846392,-0.0007291177646528455,-0.000557227743710947,0.999999524166384,0.0,0.0,0.0,0.0,0.0,0.0
8.572201251983643,-0.014806648514010808,-0.017292086152847167,-0.013582197429591799,0.0005342390518113242,0.00013257008330407678,-0.0012349891868851405,0.999999085907341,0.0,0.0,0.0,0.0,0.0,0.0
8.676555156707764,-0.012142430445099276,-0.019439248278596367,-0.014673571795504319,0.00048745432262563336,-0.00041170385772088675,-0.0013209662382765725,0.9999989239676284,0.0,0.0,0.0,0.0,0.0,0.0
8.775136470794678,-0.01412870196138806,-0.016056026399584783,-0.013282268330917594,0.0007346136065502028,-0.00015375431522822867,-0.0014768605609595598,0.99999862779173,0.0,0.0,0.0,0.0,0.0,0.0
8.873706817626953,-0.012991452228839325,-0.016190321352339235,-0.013112194131641684,0.000302613232148762,0.0001419917108157201,-0.0012063264827546112,0.9999992165196943,0.0,0.0,0.0,0.0,0.0,0.0
8.978849411010742,-0.01169429848426266,-0.018411209653489382,-0.01374747663420112,0.00039632535631550775,-0.0002021504567396757,-0.0014581908371643602,0.9999988378697682,0.0,0.0,0.0,0.0,0.0,0.0
9.075053691864014,-0.012387916774063455,-0.015892744120054744,-0.014399478036896955,0.00031319955049916877,-0.00026696942062985076,-0.0011213846889048004,0.9999992865646199,0.0,0.0,0.0,0.0,0.0,0.0
9.175630569458008,-0.01480633838856579,-0.018096332312230935,-0.01702331745437446,0.00026680123657845355,-3.353388682815355e-05,-0.0013581202662157781,0.999999041600501,0.0,0.0,0.0,0.0,0.0,0.0
9.272687673568726,-0.016185444974749837,-0.01476321819802692,-0.016438015252020842,0.0001538307172047454,-0.0003134441120887084,-0.0009229267680922286,0.9999995131474209,0.0,0.0,0.0,0.0,0.0,0.0
9.375078201293945,-0.012195536727358175,-0.01925663782975413,-0.015331186548859685,0.000556034174988247,-0.0007630982548151196,-0.0011937025268333283,0.9999988417899924,0.0,0.0,0.0,0.0,0.0,0.0
9.482501029968262,-0.015104878374007067,-0.017993675048290716,-0.017568427876222197,0.00031106191520777134,0.00026447059235245517,-0.0010819955160145634,0.9999993312905229,0.0,0.0,0.0,0.0,0.0,0.0
9.581921577453613,-0.019790596125236003,-0.01886394967924902,-0.01833371967500438,-5.3591112111089254e-05,-0.0002694821261826114,-0.0011012159638578629,0.9999993559151805,0.0,0.0,0.0,0.0,0.0,0.0
9.673080921173096,-0.0211647376558197,-0.01281688869040639,-0.018678611122348872,0.0001883592106082594,0.0007430764443905069,-0.0006000664252499152,0.9999995261391329,0.0,0.0,0.0,0.0,0.0,0.0
9.774504899978638,-0.019254903527774,-0.010567108572192651,-0.017884075177759574,0.000262521368968939,-0.0004209600431128682,-0.0005538162615438626,0.999999723581322,0.0,0.0,0.0,0.0,0.0,0.0
9.870957612991333,-0.016868163324568104,-0.00915159828189813,-0.013900246422638353,0.0005104630770190468,-0.0003199944492476249,-0.0002778710935257967,0.9999997799093027,0.0,0.0,0.0,0.0,0.0,0.0
9.976013660430908,-0.016076624608972415,-0.01083525361456557,-0.01351752931590833,0.0003574878678638527,-0.0001984090976215539,-0.0007791264289790198,0.9999996128990558,0.0,0.0,0.0,0.0,0.0,0.0
10.081945657730103,-0.010886392860650835,-0.01721119956710588,-0.013523524152893042,0.00013914894131462956,-0.0008375059626761226,-0.0007583355398247067,0.9999993520740618,0.0,0.0,0.0,0.0,0.0,0.0
10.177341938018799,-0.011990579888881216,-0.02423853774604736,-0.013883454140261419,3.894110822217245e-05,-0.0008478563410272674,-0.000686996100007301,0.9999994038296093,0.0,0.0,0.0,0.0,0.0,0.0
10.273838758468628,-0.011282936462037313,-0.024994834326876294,-0.013687385540404575,0.00027016705397182205,-0.0007847358294837106,-0.0005402665272500345,0.9999995096556404,0.0,0.0,0.0,0.0,0.0,0.0
10.378849267959595,-0.010564145561418494,-0.018110697229950224,-0.014108467500721792,0.0004631146450263248,-0.0008015903627090332,-0.00014691284588877566,0.9999995606970696,0.0,0.0,0.0,0.0,0.0,0.0
10.47426176071167,-0.009700695248244502,-0.019513049481292483,-0.01614619420691072,-1.3946995995674871e-05,-0.00022638685097354488,-0.0006206732440968391,0.9999997816595757,0.0,0.0,0.0,0.0,0.0,0.0
10.57388973236084,-0.012429296035219908,-0.014453781569031711,-0.012748729416158597,0.0008331348202152561,-0.00017140529645935082,-0.0004743702287761663,0.9999995257396286,0.0,0.0,0.0,0.0,0.0,0.0
10.67393708229065,-0.014279819272446955,-0.018417479881836386,-0.014289563111821188,-5.4339884500161884e-05,-0.00013764116411802208,-0.0006489237860456247,0.9999997784999788,0.0,0.0,0.0,0.0,0.0,0.0
10.773971319198608,-0.015805295880002415,-0.018159734820028608,-0.013379545849372268,0.0007292619695421077,0.0004821848653604671,-0.0004436756824659667,0.9999995194131964,0.0,0.0,0.0,0.0,0.0,0.0
10.88569164276123,-0.02061743354874047,-0.019294943663803712,-0.01746859697785473,0.0006288201913724008,0.0004238721845740411,-0.0014577215387375372,0.9999986499818155,0.0,0.0,0.0,0.0,0.0,0.0
10.97493863105774,-0.019649479299218887,-0.02286994757922794,-0.01955242613948027,9.925176476489994e-05,0.0005575616107381233,-0.0009638019077257998,0.9999993751798146,0.0,0.0,0.0,0.0,0.0,0.0
11.080806970596313,-0.016857981903979538,-0.02340940954403573,-0.01824208291043318,9.641632529938921e-05,-0.00042330497189059627,-0.0013260054065404956,0.9999990266127539,0.0,0.0,0.0,0.0,0.0,0.0
11.173681497573853,-0.016964445441211784,-0.021729007141728818,-0.015857521990944992,0.0004916520679378897,0.0007146303136292842,-0.0014103088028417144,0.9999986293044805,0.0,0.0,0.0,0.0,0.0,0.0
11.275043487548828,-0.01645166903567085,-0.019988603204746644,-0.012529436017030153,0.0005010978050682037,3.448521874003129e-05,-0.0008180021416983671,0.9999995392920215,0.0,0.0,0.0,0.0,0.0,0.0
11.374973058700562,-0.01236758827874522,-0.0165308342667406,-0.012507854491712309,0.00046231948003717786,-0.00019537087600448905,-0.0006246539608375445,0.9999996789491222,0.0,0.0,0.0,0.0,0.0,0.0
11.47430157661438,-0.011026156688356986,-0.019463157772667276,-0.014839340042999161,6.414581665016979e-05,-0.0005297291778474887,-0.0017017789123343094,0.9999984096091575,0.0,0.0,0.0,0.0,0.0,0.0
11.574697971343994,-0.010483395364357814,-0.021556050418625138,-0.01662184332005921,0.0004327618438576641,0.0004478454648816897,-0.0010119269314020597,0.9999992940775058,0.0,0.0,0.0,0.0,0.0,0.0
11.677391290664673,-0.008520314843059153,-0.025190031996902708,-0.01896893381243267,9.485954494142417e-05,-8.473809938108462e-05,-0.0010520076661320542,0.9999994385503373,0.0,0.0,0.0,0.0,0.0,0.0
11.772566556930542,-0.009589548425297283,-0.024742619608672457,-0.017593209114854194,0.000479344408880443,-0.0006406323885150931,-0.0015882443169252941,0.9999984186482838,0.0,0.0,0.0,0.0,0.0,0.0
11.876824378967285,-0.012508660929037973,-0.022419943951520898,-0.01667633103679254,0.00046635341141501303,-0.0008148370224756932,-0.0012590451062355458,0.9999987666795098,0.0,0.0,0.0,0.0,0.0,0.0
11.972357273101807,-0.0165616938106081,-0.021407163348810345,-0.017297025447998673,0.00012820807033636186,0.0001373463221186524,-0.0007009344091469329,0.9999997366947807,0.0,0.0,0.0,0.0,0.0,0.0
12.07464051246643,-0.018601350860815834,-0.0193888878591874,-0.018279393893597302,0.0005432332351405709,0.000525745875423991,-0.0013486710782904996,0.9999988047869095,0.0,0.0,0.0,0.0,0.0,0.0
12.186499118804932,-0.01696887112263915,-0.016262058771116274,-0.01544961619781047,0.0005408167359083364,-0.000673921380693984,-0.0016206178579160567,0.9999983134710717,0.0,0.0,0.0,0.0,0.0,0.0
12.272315502166748,-0.016333139188935634,-0.013756174662050572,-0.014146424609410183,0.0003799502015333468,-0.00013870102031627495,-0.000764222985124865,0.9999996261814793,0.0,0.0,0.0,0.0,0.0,0.0
12.375051021575928,-0.013968144345661924,-0.012011157923388246,-0.01613603778933205,8.91033572044332e-05,-0.0003266712288745786,-0.000606252944528176,0.9999997589019041,0.0,0.0,0.0,0.0,0.0,0.0
12.459396600723267,-0.014128461516857623,-0.016000945592412497,-0.01510123528382427,5.506404673301543e-05,0.00014453808016806348,-0.0009969234724799187,0.9999994911100125,0.0,0.0,0.0,0.0,0.0,0.0
12.57407546043396,-0.017290419257341056,-0.014738694063108269,-0.01570822481516247,0.0001992957291227907,-0.0003094656658924558,-0.0002680319986513522,0.9999998963355254,0.0,0.0,0.0,0.0,0.0,0.0
12.677207231521606,-0.016826978153096677,-0.017252536652367877,-0.015414343548767136,-0.00010219547688263129,-0.00013210132309473128,-0.000840932897904185,0.9999996324685255,0.0,0.0,0.0,0.0,0.0,0.0
12.77449345588684,-0.018785214446505025,-0.014741977593396963,-0.016309103773247863,-9.121374532681361e-05,5.599623942435389e-05,-0.00025343610671635684,0.9999999621573059,0.0,0.0,0.0,0.0,0.0,0.0
12.874423503875732,-0.019757152263624834,-0.02019163589007466,-0.017228309056745363,-4.765620386064239e-05,0.0003655965116552917,-0.0007493471464786204,0.9999996512734044,0.0,0.0,0.0,0.0,0.0,0.0
12.975406885147095,-0.015356839734270548,-0.023359254617698624,-0.015584343057276764,-8.278102448473154e-05,-0.0008384759405050606,-0.00028281454160608273,0.9999996050605887,0.0,0.0,0.0,0.0,0.0,0.0
13.076008081436157,-0.01555326858798115,-0.026226838576003185,-0.017121280498624707,-0.00010604373230024692,-1.3438252934120997e-05,-0.0009373094002443984,0.9999995550125151,0.0,0.0,0.0,0.0,0.0,0.0
13.173155307769775,-0.013205575383980133,-0.02142557171027129,-0.0178117572784542,8.011023952198385e-05,4.5490195620615626e-05,-0.0011950210609465754,0.9999992817185699,0.0,0.0,0.0,0.0,0.0,0.0
13.277400016784668,-0.012935414089186486,-0.021741782192206276,-0.017415377329308604,8.893046995302748e-05,-0.0004844092531797603,-0.000557020322892263,0.9999997235836653,0.0,0.0,0.0,0.0,0.0,0.0
13.37601375579834,-0.013942368423120384,-0.0209499339991659,-0.013810455655275698,0.000855348145786221,0.00010814640143196446,-0.0009520404961476977,0.9999991751510591,0.0,0.0,0.0,0.0,0.0,0.0
13.472641229629517,-0.014067151061278226,-0.017764612125421846,-0.013066340275141967,0.0009778793512491702,-0.00015424501884170845,-0.0011656043155671427,0.9999988306628304,0.0,0.0,0.0,0.0,0.0,0.0
13.580694198608398,-0.015003109573425703,-0.016486126076879833,-0.011372908636030691,0.0012971357413102734,-8.938164232807085e-06,-0.001105599347231818,0.9999985475034757,0.0,0.0,0.0,0.0,0.0,0.0
13.67337155342102,-0.018877084671043327,-0.013154707612080275,-0.013002165223548558,0.0009427151072198281,0.0003822476560636602,-0.0003557070835450269,0.9999994193235449,0.0,0.0,0.0,0.0,0.0,0.0
13.787257194519043,-0.019205352340881852,-0.015300243800144768,-0.01534102565879945,0.0013499178802849916,0.0005963759169868227,-0.001179467495002497,0.9999982154553628,0.0,0.0,0.0,0.0,0.0,0.0
13.872145652770996,-0.01764647383836272,-0.015445510971670844,-0.016132087795839647,0.0010498368618652556,0.0011184002191625378,-0.0009675270846469786,0.9999983554560745,0.0,0.0,0.0,0.0,0.0,0.0
13.974220752716064,-0.018985993088602392,-0.018683621964253747,-0.018121412422822964,0.0003739128078191795,0.0005829847469835978,-0.0007390459832210367,0.9999994870643844,0.0,0.0,0.0,0.0,0.0,0.0
14.072821378707886,-0.015541933298407494,-0.02009108277497258,-0.01622144580185871,0.0010675250085382256,0.0004735874354250567,-0.0007529453672483978,0.9999990345888197,0.0,0.0,0.0,0.0,0.0,0.0
14.171705484390259,-0.012903140031265647,-0.01796520410722998,-0.015700810994236227,0.0005850845794619345,0.0002900127662876573,-0.0008245221433631103,0.9999994468657798,0.0,0.0,0.0,0.0,0.0,0.0
14.277646780014038,-0.012944638366763078,-0.01874837989559935,-0.013723571678417965,0.0003929577552738201,0.0001512597915619898,-0.0010474139777414105,0.9999993628141157,0.0,0.0,0.0,0.0,0.0,0.0
14.379666566848755,-0.01698673070867313,-0.024736620074185138,-0.015351990941785684,-0.00010599485035010912,0.0005361845538004484,-0.0007730505737660601,0.9999995518319128,0.0,0.0,0.0,0.0,0.0,0.0
14.473934650421143,-0.014193529758886915,-0.026828515860734654,-0.01530523826112574,0.00037233353911867085,0.0002241553597289315,-0.0008912204249753119,0.9999995084240116,0.0,0.0,0.0,0.0,0.0,0.0
14.572278499603271,-0.011026536705135315,-0.0262218464796651,-0.015424512543053786,-0.00023600079254403245,0.0006030870552805146,-0.0011279837599394943,0.9999991541207756,0.0,0.0,0.0,0.0,0.0,0.0
14.682987689971924,-0.01315472498469132,-0.020503475217695438,-0.01261012121527352,0.0009480356230794145,0.000261356450981314,-0.000765088564078149,0.9999992237800742,0.0,0.0,0.0,0.0,0.0,0.0
14.774365425109863,-0.012119164596339743,-0.017556563348976126,-0.013892812486339065,0.0008806945802199787,0.0005313301668797112,-0.0008117449338558017,0.9999991415673676,0.0,0.0,0.0,0.0,0.0,0.0
14.875920295715332,-0.009539578218633781,-0.018912831882100994,-0.015769953860753506,0.0005808462912041527,0.0001996025001125861,-0.0007572080694818706,0.9999995247060709,0.0,0.0,0.0,0.0,0.0,0.0
14.983837604522705,-0.012786621777861027,-0.014868467594267264,-0.01756054135831726,0.0001404847460837015,6.675429913487044e-05,-0.0006387619286188741,0.999999783895526,0.0,0.0,0.0,0.0,0.0,0.0
15.076264142990112,-0.016750818174525763,-0.015213950477221577,-0.015531422515404486,0.0006655755125445508,0.0005845516810867929,-0.00039404225433252096,0.999999530019525,0.0,0.0,0.0,0.0,0.0,0.0
15.183273315429688,-0.017665937315330806,-0.018925963603600313,-0.013807785773095204,0.0007535358668836961,0.000277344952815362,-0.0007802330067499651,0.9999993732497676,0.0,0.0,0.0,0.0,0.0,0.0
15.273503541946411,-0.014276178114201251,-0.021729941411059182,-0.013200763516762803,0.0005409083689033788,7.837206911082399e-06,-0.00047795797607473036,0.999999739456409,0.0,0.0,0.0,0.0,0.0,0.0
15.377190351486206,-0.01442127592735434,-0.02566837466423556,-0.012857964686155599,0.0008949727870839094,0.0005975951034021268,-0.00059963292901838,0.9999992411717874,0.0,0.0,0.0,0.0,0.0,0.0
15.482283353805542,-0.017835410411869895,-0.02907029395200477,-0.014639210022161476,0.0012912150699638555,0.001474558651883018,-0.0016502027995006303,0.9999967176301845,0.0,0.0,0.0,0.0,0.0,0.0
15.573471069335938,-0.014858431510380812,-0.02944624757977687,-0.01590435434204215,0.0007163217044390537,0.0014640827405904228,-0.000912910877873995,0.999998254967813,0.0,0.0,0.0,0.0,0.0,0.0
15.6861093044281,-0.013557017967930445,-0.023628259849961912,-0.01483941688901672,0.0014564899471968872,0.0012364380864616678,-0.0009657602812947517,0.9999977085798587,0.0,0.0,0.0,0.0,0.0,0.0
15.774530172348022,-0.015889863133456125,-0.020838074360691766,-0.016031007946655983,0.001584268892917872,0.002788719496108888,-0.001157771542904482,0.9999941863334495,0.0,0.0,0.0,0.0,0.0,0.0
15.878598690032959,-0.018392485881824547,-0.020852475815391402,-0.014600263947582053,0.0013448507851373025,0.0018362327457042231,-0.0008512016338056342,0.9999970475363634,0.0,0.0,0.0,0.0,0.0,0.0
15.989558696746826,-0.01623597411567851,-0.021225393593782407,-0.012521284484551701,0.0005668010887358451,0.0002323322678358153,-0.000730363032185941,0.9999995456639368,0.0,0.0,0.0,0.0,0.0,0.0
16.074280738830566,-0.012458169864695383,-0.022426490629293305,-0.008472655987596408,0.0008649006724696219,-0.00012176149432834604,-0.00045371251619577124,0.9999995156328393,0.0,0.0,0.0,0.0,0.0,0.0
16.176400423049927,-0.013072635695721244,-0.02131608205805894,-0.01122021601735405,-0.0006799293481978368,-8.448883049982925e-05,-4.324491902249321e-06,0.9999997652694786,0.0,0.0,0.0,0.0,0.0,0.0
16.272650003433228,-0.01530432297393127,-0.02261448488307932,-0.014786791429825993,-0.0016663312042150687,-0.0001301198171809149,-0.0005570654006111443,0.9999984480424385,0.0,0.0,0.0,0.0,0.0,0.0
16.380354404449463,-0.015121667959202069,-0.025469979227723222,-0.01607031852942439,-9.340181711020468e-05,0.0003864638865482493,-0.0008739522398643176,0.9999995390645151,0.0,0.0,0.0,0.0,0.0,0.0
16.475534915924072,-0.01591362558234561,-0.02251205406547557,-0.016764391959380325,0.000680581183322275,0.00022876507622126256,-0.00146038887123454,0.9999986758691901,0.0,0.0,0.0,0.0,0.0,0.0
16.581823348999023,-0.01794299560398911,-0.017755226149095627,-0.018959503711711755,-0.00012726397273804025,-0.00011966844511001434,-0.0005783005754887958,0.9999998175258759,0.0,0.0,0.0,0.0,0.0,0.0
16.67313241958618,-0.017568504043884343,-0.01788266257397046,-0.017567790312438797,0.0003937804546472668,-5.5109733992159495e-05,-0.0005735093478237861,0.9999997564934178,0.0,0.0,0.0,0.0,0.0,0.0
16.774921655654907,-0.020454011784707193,-0.012534930593189523,-0.015762454949773436,0.0006771184231462139,0.00034976091387634836,-0.0010938215704938642,0.9999991113657613,0.0,0.0,0.0,0.0,0.0,0.0
16.878143787384033,-0.023916456746490497,-0.011043578341521471,-0.013217177660591882,0.001623109603021116,0.0016488340513461457,-0.0007196970207893174,0.9999970644445323,0.0,0.0,0.0,0.0,0.0,0.0
16.975777626037598,-0.022375003674181892,-0.015214358229273379,-0.013854193363465064,0.0036927305100105494,0.004280365926116195,-0.0009478430199578294,0.9999835717663188,0.0,0.0,0.0,0.0,0.0,0.0
17.082583904266357,-0.012059187712934148,-0.017709503768395668,-0.012735456268768913,0.008852686972327009,0.003936880624829342,-0.007839406118997182,0.9999223342920254,0.0,0.0,0.0,0.0,0.0,0.0
17.177667140960693,-0.00451541036134013,-0.012633858983229225,-0.008589528384118552,0.017024720421706302,0.0037800218698141835,-0.023660591422441132,0.9995679300291515,0.0,0.0,0.0,0.0,0.0,0.0
17.274742364883423,0.0010167423402091687,-0.012377381809234545,-0.008275099234937472,0.023167184488767995,0.0041691735970693965,-0.04509494659124196,0.9987053345938983,0.0,0.0,0.0,0.0,0.0,0.0
17.37525224685669,0.0012700901902057819,-0.014964947609120174,-0.005667868247653068,0.03266705760931262,0.003770708488057033,-0.0771262387705187,0.9964788951090521,0.0,0.0,0.0,0.0,0.0,0.0
17.48080015182495,0.00033214037748375,-0.018980428716681295,0.00019991564431352492,0.040130614405354786,0.006915597382248175,-0.12074592943722254,0.9918478355194574,0.0,0.0,0.0,0.0,0.0,0.0
17.574117422103882,-0.000694914232939668,-0.02266041237804992,0.005362844672148644,0.04847426449115105,0.004393700787917089,-0.16728579996795,0.9847062517342453,0.0,0.0,0.0,0.0,0.0,0.0
17.67899990081787,-0.013712571195649814,-0.036170910992365836,0.014397441145481265,0.047658254979019606,-0.007521725644249257,-0.2038768895016071,0.9778068972465025,0.0,0.0,0.0,0.0,0.0,0.0
17.777119159698486,-0.03093689454087313,-0.05292141915621417,0.023381492507959876,0.02909104789372234,-0.003153631739319025,-0.22811336980945474,0.9731947677898136,0.0,0.0,0.0,0.0,0.0,0.0
17.875974655151367,-0.043378410922484956,-0.07514894335524372,0.03301725147918507,0.008561449645848183,0.0290317101488357,-0.24849107994356628,0.9681611666320192,0.0,0.0,0.0,0.0,0.0,0.0
17.981309175491333,-0.049409852275306025,-0.09689407756667383,0.04639444184485849,0.014511253457069719,0.044916577131169824,-0.2746236771727005,0.9603925033849783,0.0,0.0,0.0,0.0,0.0,0.0
18.066516160964966,-0.050654533612584665,-0.11581480722135548,0.06687963525454176,0.01907925739124363,0.021636537332842466,-0.3097713066954937,0.9503733896410433,0.0,0.0,0.0,0.0,0.0,0.0
18.17360019683838,-0.05889163268994149,-0.13201928343773164,0.08725200504939111,0.017686452043065636,0.014430350859468779,-0.3347397161080138,0.9420341166051918,0.0,0.0,0.0,0.0,0.0,0.0
18.283082723617554,-0.06008504312072661,-0.1430361890214976,0.09946182192583435,0.004122744111864355,0.04387810796769045,-0.3455585914238572,0.9373617095419038,0.0,0.0,0.0,0.0,0.0,0.0
18.365692853927612,-0.054943539911055266,-0.15675607623741433,0.10917636126427947,-0.00785379918447642,0.071685847614102,-0.35169113411777714,0.9333342398482795,0.0,0.0,0.0,0.0,0.0,0.0
18.475913286209106,-0.050876638915759845,-0.15768282728602773,0.11921252135415443,-0.011746084691446652,0.06525783718502005,-0.3626220931102764,0.9295744519771794,0.0,0.0,0.0,0.0,0.0,0.0
18.57599663734436,-0.04649231067695511,-0.16814074586776928,0.13198445884606175,-0.006305905256637908,0.03995737296586715,-0.3768445554392545,0.9253927949472849,0.0,0.0,0.0,0.0,0.0,0.0
18.67595338821411,-0.04185375407827599,-0.16949566293455667,0.15306051471590576,-0.015206256974722158,0.01877686565857268,-0.3793423850951008,0.924940838073017,0.0,0.0,0.0,0.0,0.0,0.0
18.776529788970947,-0.03868774532226158,-0.17270503186355735,0.17145783973995857,-0.03181419343905575,0.021924817854402288,-0.38722839454495794,0.9211738869051838,0.0,0.0,0.0,0.0,0.0,0.0
18.87943196296692,-0.035225097295682316,-0.17403723629060644,0.18848055544258632,-0.046006282886404196,0.02251540868439282,-0.4017339782357276,0.9143228582058109,0.0,0.0,0.0,0.0,0.0,0.0
18.981375694274902,-0.024117269798119966,-0.17524721223821554,0.20952646099582964,-0.05318413598032191,0.007814201012172993,-0.4147153834049234,0.9083620075222608,0.0,0.0,0.0,0.0,0.0,0.0
19.075668334960938,-0.009816636478824284,-0.1688311569893425,0.2309413560038908,-0.06134750343770638,-0.002076847264622164,-0.41125524993544654,0.9094510926531068,0.0,0.0,0.0,0.0,0.0,0.0
19.17655062675476,0.0018699556518946509,-0.15760688893997943,0.24729863007562794,-0.06791299137190646,-0.0010975433471729287,-0.40817761044268697,0.910372264150669,0.0,0.0,0.0,0.0,0.0,0.0
19.276168823242188,0.01259033124391377,-0.15438096397638965,0.26436519178981355,-0.07954930650296149,0.004358291181396183,-0.40750484026578765,0.9097212310883087,0.0,0.0,0.0,0.0,0.0,0.0
19.376495838165283,0.02205861852732872,-0.14801618879379114,0.2873126309954604,-0.08713508263683097,0.0021420527911336215,-0.41537366166761647,0.9054654108117806,0.0,0.0,0.0,0.0,0.0,0.0
19.48054003715515,0.028840316886154432,-0.1464404065857768,0.31509940837496514,-0.0885833559700321,-0.014221805605606451,-0.4283418913776192,0.8991517966291585,0.0,0.0,0.0,0.0,0.0,0.0
19.589988708496094,0.03457344288188687,-0.1429432926122576,0.3441047759322176,-0.09237376833808035,-0.030395858360545945,-0.4377403795994565,0.8938269065012917,0.0,0.0,0.0,0.0,0.0,0.0
19.659321784973145,0.03399578077308894,-0.14651960739480105,0.3716345000943486,-0.09477896630080575,-0.045802418542314906,-0.452188102239877,0.8856890008323015,0.0,0.0,0.0,0.0,0.0,0.0
19.77962040901184,0.02293297674247434,-0.15016522966887963,0.39525918315119757,-0.0992846673328757,-0.06113738797951353,-0.4570467498337922,0.881767000454205,0.0,0.0,0.0,0.0,0.0,0.0
19.87882375717163,0.01131781858796147,-0.1647945357963086,0.419861110465744,-0.0900760197145894,-0.05997671579113137,-0.4644948164964316,0.8789389453672135,0.0,0.0,0.0,0.0,0.0,0.0
19.978440761566162,-0.0012405567005252909,-0.18150493087805777,0.43506499538087323,-0.08400763333300021,-0.04797787766032078,-0.46494038895548445,0.8800404965198585,0.0,0.0,0.0,0.0,0.0,0.0
20.07724905014038,-0.01263616813527385,-0.203556922959659,0.44219812306235695,-0.07203400561110611,-0.04721296852149376,-0.4559075413759081,0.8858500727299055,0.0,0.0,0.0,0.0,0.0,0.0
20.18098783493042,-0.011306833422564515,-0.2272729040148766,0.4511132795461396,-0.05962745306748349,-0.0668488332200005,-0.4486292384686888,0.8892174125200264,0.0,0.0,0.0,0.0,0.0,0.0
20.279122829437256,-0.016071604557316568,-0.25108871082895867,0.44447236575161947,-0.03828884850404711,-0.07640619369512781,-0.448984854471041,0.8894428919840058,0.0,0.0,0.0,0.0,0.0,0.0
20.383057355880737,-0.015028690098293275,-0.2843401614041673,0.429869039422855,-0.014941528626498028,-0.07249627017276752,-0.4578841976025752,0.8859249985857626,0.0,0.0,0.0,0.0,0.0,0.0
20.486528873443604,-0.018617898724365117,-0.3095442072822542,0.4209210521994303,-0.005866635735420703,-0.07239986115838944,-0.4596441027009834,0.8851277543618201,0.0,0.0,0.0,0.0,0.0,0.0
20.5796902179718,-0.015079627304512077,-0.33016187460408186,0.4391408293625584,0.0006317467035405229,-0.06484811178770619,-0.45925044155100025,0.885936428435404,0.0,0.0,0.0,0.0,0.0,0.0
20.660817623138428,-0.0039010915709631055,-0.35128544534522627,0.48801163214800325,0.002491418425762133,-0.03999751675974409,-0.4730829564911402,0.8801059639412069,0.0,0.0,0.0,0.0,0.0,0.0
20.764769792556763,0.016726820282889864,-0.3722516823009172,0.5544592462976455,0.012848819563158654,-0.0336396958806705,-0.485886795909017,0.8732796231781412,0.0,0.0,0.0,0.0,0.0,0.0
20.879276752471924,0.026379721634367807,-0.39011862135428016,0.6290796903663521,0.03102771958637818,-0.0368943369585834,-0.49770416275326707,0.8660061517655189,0.0,0.0,0.0,0.0,0.0,0.0
20.961688995361328,0.03667231608840079,-0.42265699332914664,0.7010463304559844,0.02623566092641174,-0.022641824174019633,-0.49671302251840066,0.8672226998611487,0.0,0.0,0.0,0.0,0.0,0.0
21.079927682876587,0.05814808655245177,-0.4600757046286749,0.7717576597668792,0.007488451251830545,0.002454531790280201,-0.4916720955016915,0.8707447667810093,0.0,0.0,0.0,0.0,0.0,0.0
21.186445236206055,0.07685128503172618,-0.5163398277233271,0.8202414615251664,-0.009381425699327059,-0.0021136912007979724,-0.48679498491548007,0.8734633156707223,0.0,0.0,0.0,0.0,0.0,0.0
21.284464836120605,0.09385420987987284,-0.5857374712998232,0.8536154625584963,-0.015133127944835033,-0.023730875367658874,-0.4817224682362856,0.8758717358090905,0.0,0.0,0.0,0.0,0.0,0.0
21.379348039627075,0.10851631406168444,-0.6663293835569155,0.8649284080029865,-0.02200530905596648,-0.041429117426282296,-0.4859019407467686,0.8727535153645347,0.0,0.0,0.0,0.0,0.0,0.0
21.48864221572876,0.11090145087478127,-0.7629527292829021,0.8560054724863475,-0.015165142315897728,-0.046262321624709536,-0.4910964830854254,0.8697436750891354,0.0,0.0,0.0,0.0,0.0,0.0
21.58153009414673,0.10488610954037648,-0.8627496767221481,0.8442252540115728,-0.01708475074838805,-0.04395633728418168,-0.48310367286773664,0.8742921668218958,0.0,0.0,0.0,0.0,0.0,0.0
21.68094801902771,0.09448661524304251,-0.965447977540375,0.8369448928734738,-0.023855595062755645,-0.03218489317762609,-0.47302341451297947,0.8801385644078022,0.0,0.0,0.0,0.0,0.0,0.0
21.77613878250122,0.08466292194224301,-1.0688644836136112,0.8380904879093993,-0.011658311433087742,-0.014988612285365003,-0.48268921951942034,0.8755858282521589,0.0,0.0,0.0,0.0,0.0,0.0
21.889451503753662,0.07486585258731743,-1.1715552466366728,0.8502077695115458,-0.016260756656181184,-0.02277314334801046,-0.4826579651283119,0.8753617883099623,0.0,0.0,0.0,0.0,0.0,0.0
21.980815172195435,0.06683014813612954,-1.2760671531046384,0.86583397065792,-0.03741369341931553,-0.03484323513421529,-0.482838674359346,0.8742156364724976,0.0,0.0,0.0,0.0,0.0,0.0
22.063685655593872,0.054987136991886176,-1.3880619229744517,0.868677589654299,-0.05093535977352925,-0.03447623343219129,-0.4843626431565018,0.8727025887251136,0.0,0.0,0.0,0.0,0.0,0.0
22.18058133125305,0.04363875065881886,-1.5030310299547192,0.859799224599849,-0.057065843092873735,-0.018908084390583745,-0.4956682215456188,0.8664288707369919,0.0,0.0,0.0,0.0,0.0,0.0
22.290562629699707,0.03263419983639755,-1.6220034885356587,0.8472103661305982,-0.053229056488903186,-0.003542467033454635,-0.5021138246107776,0.8631545780492347,0.0,0.0,0.0,0.0,0.0,0.0
22.387234449386597,0.01698796044526496,-1.729726831678626,0.8398788900869669,-0.03836984547164434,0.008711430944680335,-0.5105923244347175,0.8589221991296576,0.0,0.0,0.0,0.0,0.0,0.0
22.463371992111206,0.0028080141259145827,-1.8400222846816656,0.8420179932528745,-0.025123433584333613,0.009309729586427293,-0.5260198263079816,0.8500501657848666,0.0,0.0,0.0,0.0,0.0,0.0
22.581355333328247,-0.014038152511251963,-1.9538674878881683,0.8416073109203362,-0.02230244704400182,-0.009746711466402058,-0.5436757951820584,0.8389423294867133,0.0,0.0,0.0,0.0,0.0,0.0
22.68591833114624,-0.03561935710431142,-2.074483036397896,0.8297089215647101,-0.024966614878390733,-0.026059638547667408,-0.5480603912948454,0.835659841606629,0.0,0.0,0.0,0.0,0.0,0.0
22.791002988815308,-0.054484300201709294,-2.198881756160903,0.8212515455213699,-0.023001287433950097,-0.023935486782635976,-0.5509903197065696,0.8338511263040348,0.0,0.0,0.0,0.0,0.0,0.0
22.862507104873657,-0.07023671429826397,-2.3158761133962336,0.8146469909908334,-0.014400002339081681,-0.025347275371994906,-0.5476994710924611,0.83616711543141,0.0,0.0,0.0,0.0,0.0,0.0
22.981399059295654,-0.08038841317932882,-2.4286977164610946,0.8226299628378192,-0.012378386816085645,-0.03911466760662035,-0.5431807276154763,0.8386128519555213,0.0,0.0,0.0,0.0,0.0,0.0
23.061739206314087,-0.08276491259994441,-2.5378738237924394,0.833639870044952,-0.02368777312497214,-0.045264260604531724,-0.5343525552776844,0.8437164113518896,0.0,0.0,0.0,0.0,0.0,0.0
23.162551164627075,-0.0768053502884524,-2.641593575576542,0.8301001580599396,-0.02854702912693527,-0.040112048555651085,-0.5462504365239865,0.8361737566355729,0.0,0.0,0.0,0.0,0.0,0.0
23.268844604492188,-0.06508192705543586,-2.7428049714588454,0.8096685699076431,-0.030293154961063225,-0.049796721084818966,-0.5603193118219711,0.8262232628842255,0.0,0.0,0.0,0.0,0.0,0.0
23.386794090270996,-0.05870526140203137,-2.8431624280878363,0.7945071798966316,-0.025955411121795342,-0.06055430747983785,-0.5692676190324646,0.8195083101471528,0.0,0.0,0.0,0.0,0.0,0.0
23.48477864265442,-0.05320125806813456,-2.946867817548119,0.7883891228625375,-0.022137714312109525,-0.05511750465587995,-0.5824070299394916,0.810724388286551,0.0,0.0,0.0,0.0,0.0,0.0
23.56366491317749,-0.04698050177852368,-3.0508405588575345,0.7809108165802349,-0.014589207274489235,-0.05462433126178048,-0.5908952208038786,0.804764670879903,0.0,0.0,0.0,0.0,0.0,0.0
23.662373065948486,-0.04710143928797973,-3.1506946910908424,0.7646887126562016,-0.013882963866417202,-0.06412207094593887,-0.5954139476798488,0.8007358205052305,0.0,0.0,0.0,0.0,0.0,0.0
23.783278703689575,-0.045659573580168006,-3.260966493119052,0.7342416414451706,-0.008150220282498196,-0.06029131448643867,-0.5948852102962217,0.8015049082055976,0.0,0.0,0.0,0.0,0.0,0.0
23.882632732391357,-0.04332128131225392,-3.371664097927987,0.7014778188074229,-0.008444913950051525,-0.059019641715806544,-0.5941015346922041,0.8021774939478674,0.0,0.0,0.0,0.0,0.0,0.0
23.981133937835693,-0.04170700326938198,-3.477291548393014,0.6609643072095261,0.002813430702189993,-0.07908095202581762,-0.5936447493992594,0.800827196806567,0.0,0.0,0.0,0.0,0.0,0.0
24.088253498077393,-0.03902942503272345,-3.574562708416129,0.6111192608905761,0.005278462761193706,-0.09441602247692456,-0.6049692933618672,0.7906136266342475,0.0,0.0,0.0,0.0,0.0,0.0
24.187415838241577,-0.03722130238589272,-3.6612363822781804,0.5441851716774775,-0.002866960585507488,-0.08439258098900868,-0.60940434105433,0.7883501898998639,0.0,0.0,0.0,0.0,0.0,0.0
24.26347303390503,-0.030914543705302572,-3.734035146305553,0.4545249121490204,-0.01966949745713324,-0.05654291730532289,-0.6113510178684701,0.7890918465702023,0.0,0.0,0.0,0.0,0.0,0.0
24.36426329612732,-0.018259967355743794,-3.797465918655639,0.35463029417599007,-0.03582876627509785,-0.040250592986321866,-0.6126102048815898,0.7885460837176158,0.0,0.0,0.0,0.0,0.0,0.0
24.49110174179077,-0.006626859999485589,-3.8592559240204403,0.25215365344416657,-0.03735347051277342,-0.04858797524762621,-0.6141590551593206,0.7867989462803038,0.0,0.0,0.0,0.0,0.0,0.0
24.589008808135986,0.005436618133216342,-3.9044364525037296,0.16400821494557735,-0.006761036763264636,-0.0519760069496844,-0.6060034707139018,0.7937333157718377,0.0,0.0,0.0,0.0,0.0,0.0
24.69413185119629,0.009591788275496381,-3.9279048755473767,0.11012420012591397,-0.006398136114078933,-0.0452433666269434,-0.5922074287798152,0.8044889451872689,0.0,0.0,0.0,0.0,0.0,0.0
24.786625385284424,0.010681100345232392,-3.9498371320287418,0.07510642916306673,-0.014056633325197935,-0.02452823616010343,-0.5917933994039574,0.8055937866644352,0.0,0.0,0.0,0.0,0.0,0.0
24.885456800460815,0.014027476884117773,-3.966577027976562,0.044871341670823996,0.0012630919801989336,-0.02065989662682406,-0.6165952974888783,0.7870081399735458,0.0,0.0,0.0,0.0,0.0,0.0
24.96741533279419,0.010768553058122889,-3.977975550984657,0.02730987113858782,0.01259542727110503,-0.03353443962687886,-0.6186769453591562,0.7848284104515039,0.0,0.0,0.0,0.0,0.0,0.0
25.06662893295288,0.014789572324879171,-3.986987020846092,0.019102791311111485,-0.003774586803963117,-0.014217363349099532,-0.6022659262177931,0.7981599922264233,0.0,0.0,0.0,0.0,0.0,0.0
25.192816734313965,0.03170577015828446,-4.001997895836027,0.010094324914063058,0.002641449045280198,-0.018204687953297063,-0.5917147308099764,0.8059375220362571,0.0,0.0,0.0,0.0,0.0,0.0
25.286030292510986,0.03822997075515229,-4.010631950166299,0.009599602572712274,0.010255412736560552,-0.005944466113050859,-0.5988018634908981,0.800809476787121,0.0,0.0,0.0,0.0,0.0,0.0
25.36833953857422,0.042386209787283184,-4.015905315033263,0.005721401727117194,0.008552399683721516,-0.006626835118722321,-0.6102879315994947,0.7921057896897171,0.0,0.0,0.0,0.0,0.0,0.0
25.468857288360596,0.04156646170430786,-4.021842516464182,0.004881034382596682,0.009142192184261048,-0.007191765642314883,-0.619182905715712,0.7851606384036717,0.0,0.0,0.0,0.0,0.0,0.0
25.59572672843933,0.04241331010995947,-4.022790793287711,0.00661011441852497,0.009337907871005784,-0.007873725622875931,-0.6308328601457877,0.7758226024560607,0.0,0.0,0.0,0.0,0.0,0.0
25.6751811504364,0.03870934474227427,-4.030669022136062,0.006462180275467268,0.004455599744638464,-0.008113631304362502,-0.6353419129796904,0.7721754789096075,0.0,0.0,0.0,0.0,0.0,0.0
25.774757623672485,0.04193985346455824,-4.02975433066624,0.007323551600905501,0.006647410157225743,-0.006096661632740543,-0.6331954866918789,0.7739393505231361,0.0,0.0,0.0,0.0,0.0,0.0
25.87719988822937,0.04194075139426247,-4.026104074878283,0.006353268672049567,0.00642725917991036,-0.006861602838629295,-0.6341690711351216,0.7731372439363777,0.0,0.0,0.0,0.0,0.0,0.0
25.985307455062866,0.042895382817638376,-4.024473600146003,0.009281568321533493,0.0069574075697945255,-0.0068759189171471264,-0.6343139001546036,0.7730137076983892,0.0,0.0,0.0,0.0,0.0,0.0
26.068161010742188,0.04203371908239594,-4.022471935857416,0.01081045933715066,0.006587143189385741,-0.007094881019330944,-0.6340750867440103,0.7732108745862948,0.0,0.0,0.0,0.0,0.0,0.0
26.186632871627808,0.04203394735004188,-4.030387578112054,0.009858569601265812,0.006433062653458181,-0.007408413245351277,-0.6341297428193743,0.7731644070894106,0.0,0.0,0.0,0.0,0.0,0.0
26.268761157989502,0.04332185925885853,-4.032901478738181,0.009031159006400549,0.006673908311394356,-0.007079527696014896,-0.6341439679512719,0.773153779753078,0.0,0.0,0.0,0.0,0.0,0.0
26.387333154678345,0.03973371469209451,-4.035491205541401,0.011124995797667287,0.006640838963692927,-0.007348415776593309,-0.6341717219576634,0.7731287907668987,0.0,0.0,0.0,0.0,0.0,0.0
26.467432260513306,0.041793593835233976,-4.033809004023579,0.008945531021792082,0.006522641946888444,-0.007446280195391193,-0.634063307997414,0.7732177762471989,0.0,0.0,0.0,0.0,0.0,0.0
26.568459033966064,0.04454081507058892,-4.029541635481591,0.010256675108662343,0.006642640939518463,-0.0076820303547079725,-0.6338094168264917,0.7734225784608588,0.0,0.0,0.0,0.0,0.0,0.0
26.688287258148193,0.04581291962052985,-4.0255509053690135,0.014416281748677399,0.007154860204986171,-0.007436623546724226,-0.6340273990381469,0.773241722797339,0.0,0.0,0.0,0.0,0.0,0.0
26.769455671310425,0.044895156955038505,-4.027714826659069,0.013303957846774194,0.006930671144817873,-0.007640834550424858,-0.6343428675866644,0.7729829945003873,0.0,0.0,0.0,0.0,0.0,0.0
26.869500160217285,0.0459842806807387,-4.027663853560966,0.007486785599640147,0.006405794565324966,-0.007700661003811943,-0.6340571420531143,0.7732213177528999,0.0,0.0,0.0,0.0,0.0,0.0
26.98641014099121,0.045156162161151,-4.026599623914325,0.005075493098101202,0.0064614316617720305,-0.007505179098555761,-0.6341393017227914,0.7731553971861758,0.0,0.0,0.0,0.0,0.0,0.0
27.087786197662354,0.042276326174394245,-4.028130180093496,0.00599312344374638,0.006333646206857741,-0.007481378972053868,-0.6339364036979056,0.7733230566593584,0.0,0.0,0.0,0.0,0.0,0.0
27.168585300445557,0.0388976865994712,-4.030779115617193,0.007638317253186461,0.006598759498040067,-0.007622224349933015,-0.6343358545339368,0.7729918380692975,0.0,0.0,0.0,0.0,0.0,0.0
27.2699716091156,0.043670446460619974,-4.0329761776520225,0.010422289382262199,0.007277694962545371,-0.007604740001380269,-0.6339292068068476,0.7733194448885853,0.0,0.0,0.0,0.0,0.0,0.0
27.370557069778442,0.04286477114123252,-4.029749435392528,0.011045100071738805,0.0069661277760766195,-0.007411615594610552,-0.6337043180187578,0.7735084862769581,0.0,0.0,0.0,0.0,0.0,0.0
27.474432229995728,0.04297095302080137,-4.027671707676785,0.011769054390229693,0.006758932950095366,-0.007539612052397772,-0.6339496215063408,0.7733080553488676,0.0,0.0,0.0,0.0,0.0,0.0
27.588045835494995,0.04159295206558701,-4.033007336767569,0.012739278596971661,0.007123917531415121,-0.007690424123982747,-0.633952201133371,0.7733011792658523,0.0,0.0,0.0,0.0,0.0,0.0
27.681700706481934,0.04126528219142259,-4.029544786061989,0.013350417438532922,0.006644577226092959,-0.007531689547431836,-0.6337286825384721,0.7734901939741095,0.0,0.0,0.0,0.0,0.0,0.0
27.777624368667603,0.038668420918994986,-4.033278487666235,0.009996487117589154,0.0066293934169994176,-0.007773874023969776,-0.6338342642341248,0.7734014116281229,0.0,0.0,0.0,0.0,0.0,0.0
27.867072105407715,0.043284470270827054,-4.031206774055412,0.008060552353219405,0.00665920530806907,-0.0078039172267119405,-0.6340694284748148,0.7732080662630277,0.0,0.0,0.0,0.0,0.0,0.0
27.97108745574951,0.04848940523920605,-4.032598733307906,0.009169870396551209,0.007008075121938839,-0.007532003451392866,-0.6340915313690599,0.7731895535075075,0.0,0.0,0.0,0.0,0.0,0.0
28.067909240722656,0.04191620864789081,-4.031484842027146,0.013034445833348242,0.007294274591917485,-0.007823952963643306,-0.6334838136643322,0.7736820000126018,0.0,0.0,0.0,0.0,0.0,0.0
28.180964469909668,0.04018772500504852,-4.030304618881801,0.014226987239030969,0.007074832796866168,-0.008010924426411456,-0.6339054701132301,0.773336683981344,0.0,0.0,0.0,0.0,0.0,0.0
28.26810312271118,0.03988866507574972,-4.027141558296125,0.011265292022337128,0.007303538188665881,-0.007719465907220208,-0.633781764108425,0.7734389075160701,0.0,0.0,0.0,0.0,0.0,0.0
28.369849681854248,0.04109636690572761,-4.0268030113335715,0.013299624795565212,0.00724900443524257,-0.007783983535302567,-0.6337972884148602,0.7734260525305546,0.0,0.0,0.0,0.0,0.0,0.0
28.46719717979431,0.04256891552275678,-4.027011315201363,0.016111461569964663,0.007414281928292043,-0.0077478374475954985,-0.6337825597935957,0.7734369181386781,0.0,0.0,0.0,0.0,0.0,0.0
28.57699704170227,0.042662186331089355,-4.030322821666954,0.014854465077168241,0.00728570094038514,-0.0076027007793940575,-0.6340519133709928,0.7732187844674073,0.0,0.0,0.0,0.0,0.0,0.0
28.683523416519165,0.045760680742879034,-4.027097702283135,0.012111249314640374,0.0072237604944213754,-0.007829903904497042,-0.6338672587181782,0.7733684815237002,0.0,0.0,0.0,0.0,0.0,0.0
28.775967597961426,0.0435921193025164,-4.032660822478558,0.011698788178052802,0.007379943553958909,-0.007862845388294782,-0.6339942857355014,0.773262541282246,0.0,0.0,0.0,0.0,0.0,0.0
28.869693756103516,0.04530397019964966,-4.030144884314855,0.013773276655841884,0.007556574783044701,-0.007767860738070787,-0.633666521450783,0.7735304118840912,0.0,0.0,0.0,0.0,0.0,0.0
28.969518661499023,0.04868983901564127,-4.027524613448916,0.013644279883617702,0.007411472382308528,-0.008072920859194985,-0.6340431263986832,0.7732200281242825,0.0,0.0,0.0,0.0,0.0,0.0
29.070221424102783,0.04268979759010535,-4.02845973404686,0.013869769537320558,0.00773053360871121,-0.007678833106612106,-0.6336642754918086,0.7735314216873758,0.0,0.0,0.0,0.0,0.0,0.0
29.16873288154602,0.04012877167495759,-4.028232395007873,0.015220989738728898,0.007615866530529652,-0.007997657307165694,-0.6337029804032598,0.7734976203470947,0.0,0.0,0.0,0.0,0.0,0.0
29.269084453582764,0.042236716087108744,-4.029393352438438,0.01454743545914457,0.007511465624533759,-0.008065045832317905,-0.6337290939963786,0.7734765467306873,0.0,0.0,0.0,0.0,0.0,0.0
29.369786024093628,0.04472897027410381,-4.031683709773281,0.013889759682483668,0.0074503102411157904,-0.007971552330297263,-0.6338987603959995,0.7733390645759319,0.0,0.0,0.0,0.0,0.0,0.0
29.470725059509277,0.04149924296473292,-4.031579691046368,0.011796100849107139,0.007355524601479067,-0.007820002854196928,-0.6339895391239302,0.7732671000984265,0.0,0.0,0.0,0.0,0.0,0.0
29.567768812179565,0.041198440722503754,-4.032000872859336,0.010068045153056657,0.007522559674817534,-0.008359747824888932,-0.6340062087979752,0.7732461787282665,0.0,0.0,0.0,0.0,0.0,0.0
29.676648139953613,0.043763964734731146,-4.029680140603207,0.00840126265367327,0.007322730458596526,-0.007584541481985441,-0.6336157433354271,0.7735760739233327,0.0,0.0,0.0,0.0,0.0,0.0
29.76876950263977,0.047502058073217585,-4.026734364807916,0.012341550899208327,0.007821378267175206,-0.008098417803615188,-0.6337218433268978,0.773479066918713,0.0,0.0,0.0,0.0,0.0,0.0
29.869719743728638,0.04062228057018868,-4.025728851376665,0.012556333775998914,0.007452859576607986,-0.007713453561880197,-0.6336049519549739,0.7735823953377038,0.0,0.0,0.0,0.0,0.0,0.0
29.976375579833984,0.04650078740984891,-4.027478904591056,0.012461188273379994,0.007405361117328884,-0.008009616235883466,-0.6339128454699707,0.7733275573924968,0.0,0.0,0.0,0.0,0.0,0.0
30.069534063339233,0.04827094112315742,-4.031313877098061,0.014956430907088498,0.007590237442020062,-0.008001005135377106,-0.6337203668030451,0.773483593175328,0.0,0.0,0.0,0.0,0.0,0.0
30.168583869934082,0.04620948546182219,-4.027333501394531,0.016969596554210833,0.0075838788035925975,-0.008024308729231528,-0.6339165908789717,0.7733226047776552,0.0,0.0,0.0,0.0,0.0,0.0
30.271333932876587,0.04369909758533619,-4.029765193655116,0.0177510949389248,0.00805550193080545,-0.008382563304317388,-0.6336738288043071,0.7735129735237712,0.0,0.0,0.0,0.0,0.0,0.0
30.369831562042236,0.046182109393207896,-4.03046781039178,0.01317703711511709,0.007618863351380253,-0.008147779441394682,-0.6336994773608563,0.7734988939901527,0.0,0.0,0.0,0.0,0.0,0.0
30.473222494125366,0.045346721851293195,-4.031272146569923,0.014310874992211588,0.008048863427140073,-0.008141143390590098,-0.6339111179822617,0.7733211700712121,0.0,0.0,0.0,0.0,0.0,0.0
30.574262619018555,0.04169279758924707,-4.026448375096665,0.013805905124655852,0.007943010449229864,-0.00832609184251924,-0.6335388203063701,0.7736253278845333,0.0,0.0,0.0,0.0,0.0,0.0
30.691124200820923,0.04001649464673078,-4.0259279338629375,0.014851180504952499,0.007685549751504379,-0.008174686034364448,-0.633582034519391,0.7735941522319902,0.0,0.0,0.0,0.0,0.0,0.0
30.76936936378479,0.040535385677235566,-4.025950969885487,0.015662277111788733,0.00788568531230406,-0.00826807478502181,-0.6334949557827173,0.7736624560519683,0.0,0.0,0.0,0.0,0.0,0.0
30.868333339691162,0.04225888312338819,-4.023300434560566,0.0152621456207494,0.007613438602769546,-0.008202278140210954,-0.6336482316073921,0.7735403523842721,0.0,0.0,0.0,0.0,0.0,0.0
30.968836069107056,0.04381461778250329,-4.027316865423357,0.012931441554032835,0.007547659597645155,-0.008164058801379683,-0.6339367788951994,0.7733049471860836,0.0,0.0,0.0,0.0,0.0,0.0
31.07158327102661,0.04786699458417162,-4.029851055426202,0.01312793721277291,0.007877884250188505,-0.008462706020343417,-0.6337953949657356,0.7734143254858858,0.0,0.0,0.0,0.0,0.0,0.0
31.17869281768799,0.0420478731381845,-4.0285840619342626,0.014170066361393509,0.007702974512760752,-0.007995671677165826,-0.6335551018665045,0.7736179071848169,0.0,0.0,0.0,0.0,0.0,0.0
31.280226230621338,0.0414498256250369,-4.028196989730972,0.014879075695477004,0.0077305205807681725,-0.008198451541575504,-0.6339157118371668,0.773320046765797,0.0,0.0,0.0,0.0,0.0,0.0
31.37080955505371,0.04230299177211522,-4.026055820671021,0.015467187279728654,0.00796065298296018,-0.008504473788020134,-0.6335990116813406,0.7735739100603818,0.0,0.0,0.0,0.0,0.0,0.0
31.478822469711304,0.04217094513660892,-4.030895371613578,0.017202678911975577,0.008148446324895925,-0.008350893774209516,-0.6335642301207882,0.7736021145958178,0.0,0.0,0.0,0.0,0.0,0.0
31.573179244995117,0.04512471960695246,-4.029293476139245,0.018778555463396154,0.008082899362076167,-0.00838150523870834,-0.6337619542220682,0.7734404970574448,0.0,0.0,0.0,0.0,0.0,0.0
31.668709754943848,0.04757266177765499,-4.030169881317495,0.01610065415808269,0.007770375208172552,-0.008529440843580366,-0.6337905454865278,0.7734186540030666,0.0,0.0,0.0,0.0,0.0,0.0
31.771299600601196,0.0470405978243038,-4.033133289647184,0.013076077065088017,0.007936025644280082,-0.00849814890040434,-0.6338870576268916,0.7733382178163498,0.0,0.0,0.0,0.0,0.0,0.0
31.88098692893982,0.043518526325232974,-4.032096028356789,0.013246617255463633,0.008012371266453317,-0.008136391303066136,-0.6338162950712501,0.7733993180404363,0.0,0.0,0.0,0.0,0.0,0.0
31.971653699874878,0.04321912494557837,-4.029517691119277,0.012334658201863408,0.00791863781213533,-0.008187914733594627,-0.6338073666748956,0.7734070565854414,0.0,0.0,0.0,0.0,0.0,0.0
32.06945323944092,0.04188579533299371,-4.026486879089271,0.013191906582449436,0.007695580725084593,-0.008269741912018113,-0.6335821795887528,0.7735929233864436,0.0,0.0,0.0,0.0,0.0,0.0
32.17413949966431,0.041605417570631686,-4.024126908811127,0.015566367793958537,0.007982290901942538,-0.008167309950396847,-0.6336888846653594,0.7735037010459034,0.0,0.0,0.0,0.0,0.0,0.0
32.290045976638794,0.03934492795791836,-4.020864523319794,0.017046971258654623,0.008297343260999956,-0.00856317414633414,-0.6336308225402487,0.7735436683667721,0.0,0.0,0.0,0.0,0.0,0.0
32.37036323547363,0.04243439076136262,-4.023338392839775,0.017054163819203053,0.008385055011482425,-0.00832125973336515,-0.633569064877453,0.7735959459040749,0.0,0.0,0.0,0.0,0.0,0.0
32.469480991363525,0.044362893431271075,-4.025537326490961,0.016857668110512168,0.00802894183403257,-0.008461223109977111,-0.6337363559015319,0.7734611658028877,0.0,0.0,0.0,0.0,0.0,0.0
32.57181644439697,0.044618616236095525,-4.030742842339473,0.01838465881723255,0.008204597357725666,-0.008300060155725642,-0.6336025362820223,0.7735706946366334,0.0,0.0,0.0,0.0,0.0,0.0
32.67240047454834,0.04702556659756899,-4.035775790603687,0.01831810827492458,0.008349282720253494,-0.008434157281932364,-0.6338270367390005,0.773383761122294,0.0,0.0,0.0,0.0,0.0,0.0
32.791786432266235,0.046168789468818736,-4.0335073211926264,0.017779576299913332,0.00811262652338828,-0.008563562153938546,-0.6334721202385091,0.7736755932396101,0.0,0.0,0.0,0.0,0.0,0.0
32.90629434585571,0.04524179043100524,-4.030348031928978,0.01737298219865333,0.008051038743901956,-0.008469819716980095,-0.6337102470347097,0.773482233624225,0.0,0.0,0.0,0.0,0.0,0.0
32.97281503677368,0.04158783743372967,-4.03014177046336,0.016598013331150442,0.008191896646201586,-0.008499767243487277,-0.6334627676719248,0.7736831190866037,0.0,0.0,0.0,0.0,0.0,0.0
33.06902289390564,0.03647802527762055,-4.028337061831035,0.016316963780984416,0.008219093214732118,-0.008576111483797473,-0.6336321784749339,0.7735432497408662,0.0,0.0,0.0,0.0,0.0,0.0
33.16947960853577,0.0359999366812371,-4.026543941000879,0.01565854429968239,0.008002241239044746,-0.00844154265112533,-0.6336246274284171,0.7735531888687598,0.0,0.0,0.0,0.0,0.0,0.0
33.27074122428894,0.03533604652937377,-4.024419383528551,0.015833256562746322,0.008259033116233194,-0.008533278133503058,-0.6334495975630355,0.77369281945971,0.0,0.0,0.0,0.0,0.0,0.0
33.37068462371826,0.03801016324363615,-4.024975726897114,0.01491452895848856,0.007773966634220333,-0.0084725641289385,-0.6333142048284798,0.7738093428373215,0.0,0.0,0.0,0.0,0.0,0.0
33.48042869567871,0.040569064389601006,-4.024411174713807,0.013784123965537874,0.0078115030112631215,-0.008575603834794604,-0.6335852217564881,0.7735859397709868,0.0,0.0,0.0,0.0,0.0,0.0
33.57750916481018,0.04341349660887482,-4.027892067622451,0.014770105955795216,0.00817766365619748,-0.008429422089428061,-0.6337029514751195,0.7734873237177793,0.0,0.0,0.0,0.0,0.0,0.0
33.67108201980591,0.04321733112025511,-4.034078739902791,0.015549219789443935,0.00826536840063947,-0.008573703521219242,-0.6335859877146146,0.7735806173016713,0.0,0.0,0.0,0.0,0.0,0.0
33.772648334503174,0.040508984197915106,-4.034480468003248,0.015358578806973094,0.00838898146785712,-0.008775270915327286,-0.6337478313529422,0.7734444426497252,0.0,0.0,0.0,0.0,0.0,0.0
33.8699631690979,0.04366369740413669,-4.036416149616644,0.0176936585341986,0.008129836325568733,-0.00847737117998662,-0.6334905877641454,0.7736612405655594,0.0,0.0,0.0,0.0,0.0,0.0
33.96949505805969,0.039986277546636514,-4.03306793270216,0.018464320436281687,0.008275933054691372,-0.008472742945724131,-0.6334713074167531,0.773675529042224,0.0,0.0,0.0,0.0,0.0,0.0
34.074036598205566,0.039875679712422514,-4.030684049441119,0.01570928442416861,0.007937475840077366,-0.008537944373470198,-0.6335189404885987,0.7736393552718044,0.0,0.0,0.0,0.0,0.0,0.0
34.17259430885315,0.042042991568731994,-4.026484885272938,0.015832829098891787,0.00793369147964902,-0.008579706735364583,-0.6337686199688672,0.7734344067305284,0.0,0.0,0.0,0.0,0.0,0.0
34.27835202217102,0.04531939749100468,-4.025804148432154,0.016563098014468175,0.008276260144451554,-0.008615670996206345,-0.6338078159038306,0.7733982972767194,0.0,0.0,0.0,0.0,0.0,0.0
34.36962056159973,0.043522447789491735,-4.026001147909148,0.01665917040063086,0.00831325318080362,-0.008923593027571144,-0.6336534414923777,0.7735208952535809,0.0,0.0,0.0,0.0,0.0,0.0
34.46988892555237,0.040297269935844045,-4.026840640631138,0.01515204308796143,0.007952875508487485,-0.008433662257682195,-0.6334706685332689,0.7736798674000049,0.0,0.0,0.0,0.0,0.0,0.0
34.596537828445435,0.04354952439541405,-4.030449609201149,0.014726421346792943,0.008278740332455972,-0.008463995883612813,-0.6335095625942396,0.7736442705364339,0.0,0.0,0.0,0.0,0.0,0.0
34.67316818237305,0.036977485270827,-4.0314682378146784,0.01581295478181648,0.008230064652033438,-0.008451574818266099,-0.6337157132650642,0.7734760705282812,0.0,0.0,0.0,0.0,0.0,0.0
34.77083468437195,0.03231276207233074,-4.026046485362274,0.016315769928069337,0.008101686002278447,-0.008383369264686124,-0.6332584939842054,0.7738525451276573,0.0,0.0,0.0,0.0,0.0,0.0
34.875237703323364,0.03622658504604111,-4.026279499926332,0.01628902598871447,0.007937742482078151,-0.008452422934262818,-0.6335822009649881,0.7735884845389016,0.0,0.0,0.0,0.0,0.0,0.0
34.97046446800232,0.0390924691393156,-4.026081608831772,0.017253901979639365,0.007924646137262674,-0.008691569298869342,-0.6331294383312083,0.773956569146574,0.0,0.0,0.0,0.0,0.0,0.0
35.07929277420044,0.03873107341903253,-4.027152177144737,0.01605388827581565,0.008285376942456544,-0.008591879908238648,-0.6336536712375385,0.7735247617599309,0.0,0.0,0.0,0.0,0.0,0.0
35.16977262496948,0.03920079885960784,-4.031196359634858,0.01513522000404381,0.007962561549151747,-0.008666709524318406,-0.6335831333543601,0.7735850947946662,0.0,0.0,0.0,0.0,0.0,0.0
35.27169108390808,0.04388298396180411,-4.0332026073832,0.01656856840095679,0.008248836709640156,-0.008612420886860499,-0.633625774205158,0.7735477756172036,0.0,0.0,0.0,0.0,0.0,0.0
35.381178855895996,0.040328326071008884,-4.031556344334734,0.01639260129393404,0.008233548449212836,-0.008492430594403359,-0.6338176036839489,0.7733920949705103,0.0,0.0,0.0,0.0,0.0,0.0
35.472814083099365,0.03486262199496781,-4.027625604134975,0.014584289844847031,0.007996351900096744,-0.00850449663562531,-0.6335388928034364,0.7736227783607877,0.0,0.0,0.0,0.0,0.0,0.0
35.57851600646973,0.03445096539908888,-4.024169735666199,0.015259230739208474,0.008035456568839004,-0.008446556038516352,-0.633488570343337,0.7736642155180617,0.0,0.0,0.0,0.0,0.0,0.0
35.671730518341064,0.0382594518801696,-4.024096762643799,0.015901727142795374,0.00810040163873251,-0.008642071865559445,-0.6331395778281701,0.7739470092162207,0.0,0.0,0.0,0.0,0.0,0.0
35.783878564834595,0.03947626686213052,-4.024935264030369,0.017072002862500144,0.008330956762256812,-0.008746356082609411,-0.6337064806871814,0.7734792775180037,0.0,0.0,0.0,0.0,0.0,0.0
35.871060609817505,0.03800002674247662,-4.0286869982649085,0.01468166532488088,0.007665604668090124,-0.008454353565002461,-0.6336659293614877,0.7735226256402049,0.0,0.0,0.0,0.0,0.0,0.0
35.97311305999756,0.040261704137275825,-4.030748041637284,0.013916045978070442,0.007953098739601117,-0.008397353948115667,-0.6336005816976659,0.7735738720636129,0.0,0.0,0.0,0.0,0.0,0.0
36.081294298172,0.044082541002534815,-4.030494424715407,0.016372888581061895,0.008433076705246588,-0.008680781451917797,-0.6333597215016997,0.7737628773920087,0.0,0.0,0.0,0.0,0.0,0.0
36.17019557952881,0.03882380974580523,-4.032487841325983,0.014763392311407117,0.008128345742423335,-0.008643162977148419,-0.6338712099888364,0.7733476028776027,0.0,0.0,0.0,0.0,0.0,0.0
36.272820711135864,0.0377748598058733,-4.031430496653691,0.014828650077979079,0.007901440557945954,-0.008668429949718162,-0.6336214781022097,0.7735542954743971,0.0,0.0,0.0,0.0,0.0,0.0
36.38063359260559,0.03793081471333383,-4.034698982260236,0.014844179558229174,0.008159944409025698,-0.008435301226974305,-0.6333043965972724,0.7738138033474335,0.0,0.0,0.0,0.0,0.0,0.0
36.4710476398468,0.037770776233242376,-4.03492925572592,0.01692495847182302,0.008145831099111382,-0.008747946136432701,-0.6336425076541968,0.7735336394545511,0.0,0.0,0.0,0.0,0.0,0.0
36.57918453216553,0.04026811127865744,-4.0297707877959565,0.016134928447159226,0.008040449466896424,-0.008544394040731026,-0.6335425564016517,0.7736188814467432,0.0,0.0,0.0,0.0,0.0,0.0
36.6699001789093,0.04378938261204724,-4.02716925384808,0.015458934676250752,0.008333997136716774,-0.00870203804316341,-0.6333662490799484,0.7737583689705851,0.0,0.0,0.0,0.0,0.0,0.0
36.78445553779602,0.04312055787352436,-4.030516709605102,0.015187418722383685,0.008289501525273813,-0.008555741725146759,-0.6335589255678711,0.7736027218678093,0.0,0.0,0.0,0.0,0.0,0.0
36.86994910240173,0.04210775485318457,-4.029632035691623,0.0142830589587579,0.008356777702113205,-0.008755592725490549,-0.6335564805313076,0.7736017643718563,0.0,0.0,0.0,0.0,0.0,0.0
36.977041482925415,0.04233042166309263,-4.027860867156906,0.015348599712335247,0.00827673579223866,-0.008856092012915333,-0.6333951031150439,0.7737336160648386,0.0,0.0,0.0,0.0,0.0,0.0
37.090442180633545,0.03802203119525058,-4.027654426413306,0.016940654099682192,0.008452656170230003,-0.008777572072514185,-0.6336311091762431,0.7735393489126903,0.0,0.0,0.0,0.0,0.0,0.0
37.171529054641724,0.03749926752335777,-4.026502753766074,0.017469916909733773,0.00836051819381699,-0.008808116240987651,-0.633298738331233,0.7738121392507938,0.0,0.0,0.0,0.0,0.0,0.0
37.27210783958435,0.03921961818899576,-4.025824368744983,0.014477911475902334,0.00819930852240496,-0.008643311724797362,-0.6334202440107347,0.7737162651641556,0.0,0.0,0.0,0.0,0.0,0.0
37.37085223197937,0.039123659264555743,-4.029299035291514,0.014066627239240192,0.008111289098728802,-0.008568905102648372,-0.6332282552160342,0.7738751563725005,0.0,0.0,0.0,0.0,0.0,0.0
37.477935791015625,0.03694877090235529,-4.031167456477221,0.01450267689861902,0.008193776190092959,-0.008562487858816845,-0.6334920468773538,0.7736584339206549,0.0,0.0,0.0,0.0,0.0,0.0
37.57172131538391,0.039729046142645434,-4.030094220339058,0.014078335296502622,0.00785399166830205,-0.008368773329534717,-0.633893283208076,0.7733353631843852,0.0,0.0,0.0,0.0,0.0,0.0
37.6703519821167,0.042949140176892685,-4.027639661863574,0.015396412212760193,0.00822782581208863,-0.008922832657885378,-0.6336958625688668,0.7734870649874316,0.0,0.0,0.0,0.0,0.0,0.0
37.784701347351074,0.039542367531979844,-4.0280136326906675,0.01737756587460047,0.008554132967504444,-0.008902611055365462,-0.6338584246873438,0.7733505465042718,0.0,0.0,0.0,0.0,0.0,0.0
37.87104058265686,0.03711966619581382,-4.023132844134884,0.015909475468232362,0.008167800820197992,-0.00868508081539448,-0.6334290436685556,0.7737089265596828,0.0,0.0,0.0,0.0,0.0,0.0
37.97206783294678,0.035018551841943094,-4.025918588856551,0.017253120992318332,0.008341304564101763,-0.008629251056656087,-0.633633353983481,0.7735403876876894,0.0,0.0,0.0,0.0,0.0,0.0
38.075092792510986,0.03521667789437642,-4.0248881811306685,0.015268600331273537,0.008118193063867657,-0.008423350310600021,-0.6335920675376157,0.7735788479943968,0.0,0.0,0.0,0.0,0.0,0.0
38.16827034950256,0.03684240175445252,-4.025241043172127,0.015172217596569178,0.008242592272278209,-0.008508406588342812,-0.6335834521511815,0.7735836579518452,0.0,0.0,0.0,0.0,0.0,0.0
38.277045011520386,0.037158163189813305,-4.03216247827159,0.012698182140131247,0.008053030465719837,-0.008235677146685993,-0.6336975659695654,0.7734951306934696,0.0,0.0,0.0,0.0,0.0,0.0
38.37089705467224,0.03967739591779735,-4.028561688451356,0.013024116591551544,0.008255893213118783,-0.008471591886684098,-0.6334541816233417,0.7736897777158924,0.0,0.0,0.0,0.0,0.0,0.0
38.473467111587524,0.04041139992268904,-4.028191415980513,0.014389135918665925,0.008290824422612461,-0.008613955705700251,-0.6335466395837368,0.7736121233988346,0.0,0.0,0.0,0.0,0.0,0.0
38.57880640029907,0.04048838599109359,-4.026815072130723,0.015845755370434856,0.008232196238435963,-0.008815818802126249,-0.6335456917545635,0.7736112516911686,0.0,0.0,0.0,0.0,0.0,0.0
38.67569589614868,0.036387080942978066,-4.028221080890977,0.01711725097460819,0.008354766819063554,-0.008912928364861407,-0.6335352403054906,0.7736173840280676,0.0,0.0,0.0,0.0,0.0,0.0
38.77278542518616,0.035359763197323,-4.028206211600751,0.015939035002500962,0.008104133683759783,-0.008546420688666812,-0.6334751564024041,0.7736733858235018,0.0,0.0,0.0,0.0,0.0,0.0
38.869905948638916,0.03681174287114535,-4.031919604011112,0.01678512194014541,0.008587404641016368,-0.008568731522378404,-0.6335671389064386,0.7735926019679483,0.0,0.0,0.0,0.0,0.0,0.0
38.97177243232727,0.034772553410630805,-4.029688130323459,0.01553659976624486,0.00855725484258706,-0.008679585029207243,-0.6337845969103869,0.7734135523201158,0.0,0.0,0.0,0.0,0.0,0.0
39.07819724082947,0.03903142921336411,-4.0284060969341535,0.01630599844351089,0.008407412316459747,-0.008782080791632058,-0.6331861885186078,0.7739040257967326,0.0,0.0,0.0,0.0,0.0,0.0
39.177221059799194,0.03823861198711955,-4.027536713095172,0.016414114096805918,0.008547817249127343,-0.008615977100090254,-0.6333587213045937,0.7737631613784013,0.0,0.0,0.0,0.0,0.0,0.0
39.26913380622864,0.03496053491567786,-4.026901075356035,0.015103170828095614,0.00821639235410269,-0.008582609038129671,-0.6333678913884947,0.7737596163388708,0.0,0.0,0.0,0.0,0.0,0.0
39.381470680236816,0.038196958183940595,-4.027575277446222,0.014162087844470601,0.008013663096050208,-0.008613766351634274,-0.6332058852788848,0.7738939792253255,0.0,0.0,0.0,0.0,0.0,0.0
39.496896505355835,0.03965713928357079,-4.028278090250428,0.015364514873839417,0.008504401367512208,-0.008696823685183274,-0.6331164468603607,0.7739609842427998,0.0,0.0,0.0,0.0,0.0,0.0
39.57357096672058,0.03563742754290076,-4.026654796266105,0.016363263334331437,0.008541770167704816,-0.008705478901173208,-0.633312574554207,0.7737999972286302,0.0,0.0,0.0,0.0,0.0,0.0
39.67127561569214,0.03858703181315126,-4.031226373547361,0.0157409565634786,0.008371521308496313,-0.008672815153118948,-0.6335590769463043,0.7736004110180208,0.0,0.0,0.0,0.0,0.0,0.0
39.79147434234619,0.036989422961826286,-4.0259114306945145,0.016530988153147453,0.008651213228702838,-0.008737772025262509,-0.6333579447749439,0.7737612820761761,0.0,0.0,0.0,0.0,0.0,0.0
39.891870737075806,0.03381680114440456,-4.026296473795127,0.01556387564134826,0.008192199491461851,-0.008697284767920628,-0.6337476249573626,0.7734476019524931,0.0,0.0,0.0,0.0,0.0,0.0
39.97175884246826,0.03356753743018942,-4.028694427920308,0.015524223368030454,0.007887011931355178,-0.008531820878935031,-0.6335426664616516,0.7736205095833143,0.0,0.0,0.0,0.0,0.0,0.0
40.071791648864746,0.040591992369490036,-4.028333709162962,0.01546402270068755,0.008278487423420864,-0.008903474345682973,-0.6337200016654528,0.7734669703870339,0.0,0.0,0.0,0.0,0.0,0.0
40.179415702819824,0.041853918518567644,-4.024970075767927,0.015105455632440899,0.00834262294508454,-0.00848862808776681,-0.6330662360760366,0.7740061269628984,0.0,0.0,0.0,0.0,0.0,0.0
40.29675793647766,0.03974440268017367,-4.0267940704822855,0.014579799888765215,0.008347646992789818,-0.008637160387962703,-0.6335416081472699,0.7736153740692403,0.0,0.0,0.0,0.0,0.0,0.0
40.37188386917114,0.038310690129310564,-4.025095618861377,0.013772449182874251,0.008334290462643685,-0.008709729822754577,-0.6331179232772841,0.7739614818800492,0.0,0.0,0.0,0.0,0.0,0.0
40.47092247009277,0.03799972872509988,-4.026433903951209,0.016414031548434866,0.008603004449755085,-0.0086491568024545,-0.6334152214337879,0.7737159282689176,0.0,0.0,0.0,0.0,0.0,0.0
40.571083784103394,0.03927160631763586,-4.027776729677262,0.01932636893503513,0.008550493738595552,-0.008698498156193437,-0.6335851231288031,0.7735768332470381,0.0,0.0,0.0,0.0,0.0,0.0
40.67224884033203,0.03677161835475957,-4.027165176244461,0.018070386685883698,0.00856972136284174,-0.00892272024665948,-0.6334812456263061,0.7736591344894146,0.0,0.0,0.0,0.0,0.0,0.0
40.78561043739319,0.039791785093858625,-4.027368743263567,0.015074461165409779,0.008355898752543917,-0.008636984947184824,-0.6333301079416426,0.7737884438408794,0.0,0.0,0.0,0.0,0.0,0.0
40.871179819107056,0.03917547321133072,-4.027769615814007,0.013724366490051251,0.008469691644100906,-0.008470862486604525,-0.6335096660286714,0.7736420437517801,0.0,0.0,0.0,0.0,0.0,0.0
40.98618030548096,0.038908238173927995,-4.030488532670716,0.013243308006936724,0.008320156571339249,-0.008942765966707743,-0.633360849569503,0.7737601929306613,0.0,0.0,0.0,0.0,0.0,0.0
41.074556827545166,0.03777087733510728,-4.028259672558598,0.015391283329700252,0.008268797387633552,-0.008956283588135713,-0.6335868862217912,0.7735755099418734,0.0,0.0,0.0,0.0,0.0,0.0
41.18390989303589,0.038968962533618604,-4.030643264138241,0.016106191613655334,0.008382160419703752,-0.008819982129505499,-0.6335567110792614,0.7736005695114027,0.0,0.0,0.0,0.0,0.0,0.0
41.27087616920471,0.03657242164654113,-4.02849603955636,0.017412369739473632,0.008660868076736352,-0.00878234788884178,-0.6333862838902183,0.7737374716979012,0.0,0.0,0.0,0.0,0.0,0.0
41.37292504310608,0.035459312722897415,-4.027107416126512,0.01526319887940056,0.008556281529482597,-0.008725678458046053,-0.6333462045637988,0.7737720838505808,0.0,0.0,0.0,0.0,0.0,0.0
41.478965282440186,0.039156602654687005,-4.026359609692438,0.015622725010071704,0.008634714874028004,-0.008812748006960374,-0.6335266976623956,0.7736224534749455,0.0,0.0,0.0,0.0,0.0,0.0
41.57177805900574,0.03861409739430325,-4.027915632825745,0.014320945244922827,0.008534347099081897,-0.008263169346108512,-0.633662344731076,0.7735185310138788,0.0,0.0,0.0,0.0,0.0,0.0
41.66874051094055,0.039167550882589934,-4.032530597773661,0.013678950242704045,0.008385645108956251,-0.008762607802785913,-0.6333799263189872,0.7737459315542539,0.0,0.0,0.0,0.0,0.0,0.0
41.76985740661621,0.04164758912240483,-4.029525763667846,0.01423882139929154,0.008370674196220142,-0.008915062266447941,-0.6336577757879741,0.7735168237742013,0.0,0.0,0.0,0.0,0.0,0.0
41.876696825027466,0.03546669825683954,-4.026727629680631,0.015624650171948577,0.00843731589826621,-0.008644177551791934,-0.633361554463794,0.7737617406037196,0.0,0.0,0.0,0.0,0.0,0.0
41.98766326904297,0.03727370452713379,-4.0257203849282766,0.015955832043729325,0.008487743312521343,-0.008916763779347362,-0.6332370264350784,0.773860011816627,0.0,0.0,0.0,0.0,0.0,0.0
42.1056272983551,0.038523057401515466,-4.022287947087138,0.016125950961605823,0.008517795346408483,-0.008693710647808654,-0.6333170054254829,0.7737967673727476,0.0,0.0,0.0,0.0,0.0,0.0
42.16864061355591,0.03671669059667999,-4.020103962332851,0.016927416277458928,0.008598876604220866,-0.008736068313905769,-0.6334318307050295,0.7737013999478358,0.0,0.0,0.0,0.0,0.0,0.0
42.29866313934326,0.033185448915772756,-4.020417938528329,0.01747268492483799,0.008885399882037669,-0.00865257533126458,-0.633117988526837,0.7739559388058285,0.0,0.0,0.0,0.0,0.0,0.0
42.38802170753479,0.03372966947894161,-4.025346112858765,0.015838103546162687,0.00837625026813353,-0.008800343006351517,-0.6334512678218157,0.7736872001586668,0.0,0.0,0.0,0.0,0.0,0.0
42.486655712127686,0.03976810482169246,-4.0217707844346915,0.01521519059175909,0.008158791748485186,-0.008724389257227705,-0.6332008522843402,0.7738953416423212,0.0,0.0,0.0,0.0,0.0,0.0
42.58568334579468,0.04055337768899853,-4.024375295208241,0.015184794162445184,0.00848667103780621,-0.008604107342645459,-0.6331828282825086,0.7739079090690976,0.0,0.0,0.0,0.0,0.0,0.0
42.70190787315369,0.039274736551125955,-4.025173546532108,0.016635708873034345,0.00842174933950267,-0.00881923727890365,-0.6334258536904704,0.7737072980581134,0.0,0.0,0.0,0.0,0.0,0.0
42.78818392753601,0.03470222941533265,-4.029244952543838,0.01593409088249907,0.008340301668083463,-0.008878943665060347,-0.6333961056705237,0.7737318508688259,0.0,0.0,0.0,0.0,0.0,0.0
42.892502546310425,0.034183239453616086,-4.0313803813120765,0.01446934961955667,0.008353078484547917,-0.00851856784332007,-0.6335720092239158,0.7735917328990184,0.0,0.0,0.0,0.0,0.0,0.0
42.9855740070343,0.032120251835241156,-4.029384791847333,0.016265396015816946,0.008471409532801694,-0.008663679227962108,-0.6334786799735797,0.7736652621784821,0.0,0.0,0.0,0.0,0.0,0.0
43.084593534469604,0.032161776156775526,-4.0288431909221964,0.014415329925971426,0.008063320095996718,-0.008859049514777,-0.6332819920823974,0.7738284167791203,0.0,0.0,0.0,0.0,0.0,0.0
43.192447900772095,0.03260884684544479,-4.02671815514363,0.01504999300196306,0.008394025422099475,-0.008878652740995398,-0.6336472539797566,0.7735256087464962,0.0,0.0,0.0,0.0,0.0,0.0
43.282902240753174,0.034700835174745016,-4.02386253279343,0.014687788350048466,0.00841351194846571,-0.008433841571154375,-0.6334147246066398,0.7737207957555141,0.0,0.0,0.0,0.0,0.0,0.0
43.385178327560425,0.03742906043017238,-4.0265439755255965,0.015097806434870121,0.00826648713823722,-0.008540654380410009,-0.6332461078913415,0.7738592179806479,0.0,0.0,0.0,0.0,0.0,0.0
43.48195838928223,0.03507243344527128,-4.026220904707131,0.015489124664350614,0.008242225875731254,-0.008714853107813317,-0.6334830256377919,0.7736636047254103,0.0,0.0,0.0,0.0,0.0,0.0
43.58151340484619,0.03658326554734673,-4.027988605649469,0.018245864198577523,0.008449143123143927,-0.008814938138291848,-0.6335906906906861,0.7735720687280576,0.0,0.0,0.0,0.0,0.0,0.0
43.68666219711304,0.03732634777069569,-4.026679182797389,0.017290580816081185,0.008557566306977314,-0.008672344657903406,-0.6330798012748244,0.7739906483381238,0.0,0.0,0.0,0.0,0.0,0.0
43.78018617630005,0.04085354629031899,-4.025906282805942,0.017021775037121215,0.008738619415828586,-0.008943347597300035,-0.6333694825261655,0.7737485067313542,0.0,0.0,0.0,0.0,0.0,0.0
43.89007234573364,0.04144019305223319,-4.029153303853707,0.017334123693137617,0.008408936392776194,-0.008994951163979383,-0.6337737396614376,0.7734204726782582,0.0,0.0,0.0,0.0,0.0,0.0
43.982666015625,0.04187777311944336,-4.026998143786468,0.016195183168809323,0.008748374037406602,-0.008614417761599965,-0.6333100365950287,0.7738007852841304,0.0,0.0,0.0,0.0,0.0,0.0
44.08159875869751,0.040526783126145965,-4.026242329443273,0.016169548425091832,0.008618092005466909,-0.008787020426147516,-0.6336665138978494,0.7735084136108447,0.0,0.0,0.0,0.0,0.0,0.0
44.1864652633667,0.03570433193109844,-4.0242156331514645,0.015766684032969335,0.00827076447725055,-0.00886416372276703,-0.6333999405701471,0.7737296274165776,0.0,0.0,0.0,0.0,0.0,0.0
44.27910089492798,0.03654585882798206,-4.022627812899273,0.016358876018054726,0.008680762512275769,-0.008768064182837026,-0.6334613065110706,0.7736759906873047,0.0,0.0,0.0,0.0,0.0,0.0
44.379324197769165,0.03665661314519921,-4.026960076237424,0.01723619181479352,0.00857077383006467,-0.008780725358073182,-0.6334466717922307,0.7736890555601065,0.0,0.0,0.0,0.0,0.0,0.0
44.4816689491272,0.03524130504867723,-4.028207119208902,0.01614800220544398,0.00840691880101721,-0.008856949147329976,-0.6334181973316722,0.7737132966785396,0.0,0.0,0.0,0.0,0.0,0.0
44.57743740081787,0.034013323968360105,-4.027022206477711,0.015385703088692913,0.008444454439842514,-0.008800090302961396,-0.6334788224361129,0.7736639006214734,0.0,0.0,0.0,0.0,0.0,0.0
44.68594527244568,0.03351797535199017,-4.024143351221311,0.015414438209416246,0.008267455914534592,-0.008272993523259626,-0.633242916697694,0.7738647266822971,0.0,0.0,0.0,0.0,0.0,0.0
44.77879357337952,0.03716727685780775,-4.025724645066174,0.014165855474357938,0.008586715324814398,-0.008733105236398593,-0.6335902127918823,0.7735718734850706,0.0,0.0,0.0,0.0,0.0,0.0
44.876872062683105,0.0338967644759471,-4.023227875103493,0.014060843616612707,0.00795276779628413,-0.008534282062451314,-0.6332136148002943,0.7738891636052325,0.0,0.0,0.0,0.0,0.0,0.0
44.97559118270874,0.0360109440604563,-4.026530137614939,0.014871596606137018,0.008254345695361986,-0.00848730533775029,-0.6336277446509962,0.7735474857006142,0.0,0.0,0.0,0.0,0.0,0.0
45.08205437660217,0.03654466291881666,-4.028227091266773,0.016035200805841216,0.008740495133338478,-0.008783899159855805,-0.6334012129176283,0.7737243374321736,0.0,0.0,0.0,0.0,0.0,0.0
45.176393270492554,0.030989443952838546,-4.0288441715113095,0.012966804426124627,0.007803885720105052,-0.008647037044316859,-0.6334672188259893,0.7736818537298733,0.0,0.0,0.0,0.0,0.0,0.0
45.28636431694031,0.03352654305806512,-4.028166138349199,0.013959288541441555,0.008277806428746601,-0.00894513047173984,-0.633463168567544,0.7736768554312221,0.0,0.0,0.0,0.0,0.0,0.0
45.37614178657532,0.03599984029741808,-4.0211243034192385,0.017278521828410668,0.008636825124628137,-0.00870286183031544,-0.6334926246534339,0.7736515752956481,0.0,0.0,0.0,0.0,0.0,0.0
45.47391319274902,0.037571475340204226,-4.022098264277997,0.017750671106369142,0.008347117433748014,-0.008741405399625103,-0.6333823258449411,0.7737446237418675,0.0,0.0,0.0,0.0,0.0,0.0
45.57230806350708,0.03566172483523801,-4.0231576595076195,0.016779049160885604,0.008394629943734671,-0.008618562743016886,-0.6332594889675313,0.7738460248634339,0.0,0.0,0.0,0.0,0.0,0.0
45.67680215835571,0.036426750225794446,-4.025609065267932,0.01700421349680008,0.008667129861392958,-0.00886009251769887,-0.6335671529911155,0.7735884191682816,0.0,0.0,0.0,0.0,0.0,0.0
45.77786684036255,0.03787008354253643,-4.029070724493564,0.016802895685519938,0.008478163551249597,-0.008745815170939458,-0.633855256273836,0.7733557690699856,0.0,0.0,0.0,0.0,0.0,0.0
45.87262296676636,0.03293796800605734,-4.028319739052789,0.016697263741830667,0.00835106761445054,-0.008841121228307729,-0.6335678407774481,0.7735915494482425,0.0,0.0,0.0,0.0,0.0,0.0
45.974637269973755,0.03368753731877842,-4.02870206947182,0.01643928911022471,0.008416713373848375,-0.008879098650309315,-0.633669789284953,0.7735068963433419,0.0,0.0,0.0,0.0,0.0,0.0
46.07180738449097,0.03470752897268799,-4.0269897610062175,0.01599979089593527,0.008571689943253365,-0.008619711431555046,-0.6333176875232395,0.7737964418221217,0.0,0.0,0.0,0.0,0.0,0.0
46.17220664024353,0.03425083800975055,-4.022341830045221,0.015186755990120144,0.00812990770014574,-0.008816015559439722,-0.6336125337054453,0.7735575864806795,0.0,0.0,0.0,0.0,0.0,0.0
46.27557373046875,0.03393007656040178,-4.026485104563785,0.014740487422690239,0.008241880033631563,-0.009013328254294808,-0.6335736018415733,0.7735860148534178,0.0,0.0,0.0,0.0,0.0,0.0
46.37119960784912,0.03860028229731035,-4.0220127713200196,0.01698063570017441,0.008462589723677423,-0.008902695778781585,-0.6336115892174741,0.7735537994169194,0.0,0.0,0.0,0.0,0.0,0.0
46.471818685531616,0.039485412705031454,-4.023409318608188,0.01590753638421533,0.008827212144837589,-0.008713016471768162,-0.6337665273465991,0.7734249494842729,0.0,0.0,0.0,0.0,0.0,0.0
46.57632875442505,0.03234163477333952,-4.027227129389501,0.0156546030846451,0.008313761530618543,-0.008620452400859426,-0.6333586791742636,0.7737656962441887,0.0,0.0,0.0,0.0,0.0,0.0
46.695674419403076,0.036047861035894455,-4.029985124714739,0.017746729252742538,0.008695452113397971,-0.009021946475367429,-0.6333722937477279,0.7737457793791744,0.0,0.0,0.0,0.0,0.0,0.0
46.775232553482056,0.038559615984586605,-4.0303272399329835,0.01572767455341294,0.008393905927172254,-0.008855187678438844,-0.6336768087099841,0.7735016678053126,0.0,0.0,0.0,0.0,0.0,0.0
46.876380443573,0.03746274416875991,-4.028910643924733,0.016188657390081965,0.00863678335416207,-0.008819721786007104,-0.6336287645380406,0.773538756127262,0.0,0.0,0.0,0.0,0.0,0.0
46.96903944015503,0.0357594424220852,-4.029386256994614,0.01545070994248938,0.008360573683572166,-0.00880978363244396,-0.6335552896702631,0.7736020834064916,0.0,0.0,0.0,0.0,0.0,0.0
47.07194685935974,0.03994169514045262,-4.02112764473383,0.015186991996394193,0.008387604690384897,-0.008765646227056554,-0.6332825113107181,0.7738256085202756,0.0,0.0,0.0,0.0,0.0,0.0
47.16819214820862,0.04158927757167817,-4.017686737362633,0.016195496633521538,0.00885924470590303,-0.00890158351864476,-0.6336409219144179,0.7735253439090101,0.0,0.0,0.0,0.0,0.0,0.0
47.291723012924194,0.037407830061361495,-4.02394749994452,0.0166496583063832,0.008464363559011747,-0.008664705235241207,-0.6335088978338446,0.7736405843788698,0.0,0.0,0.0,0.0,0.0,0.0
47.378764390945435,0.04072378244690451,-4.028216827210512,0.01844593645240587,0.008787214088715863,-0.00882241836752992,-0.633581750486818,0.7735755394612547,0.0,0.0,0.0,0.0,0.0,0.0
47.487717151641846,0.03960238436736001,-4.034276799853903,0.01764172858671364,0.008742193153058707,-0.009036642035426166,-0.6339983923451449,0.7732321460359588,0.0,0.0,0.0,0.0,0.0,0.0
47.58659291267395,0.032413169820906064,-4.03183735746914,0.015817730210505577,0.00799656682622175,-0.008706868435332334,-0.6334719137166669,0.7736753711300309,0.0,0.0,0.0,0.0,0.0,0.0
47.68541622161865,0.03238891289022874,-4.030945890213518,0.01391794791595498,0.008108473925929607,-0.008807026063027223,-0.6333251307047292,0.7737932332092072,0.0,0.0,0.0,0.0,0.0,0.0
47.78607892990112,0.03944587891589435,-4.028420485872847,0.013917271863220407,0.008478424807051068,-0.008814181926712529,-0.6334807479931901,0.7736617920200958,0.0,0.0,0.0,0.0,0.0,0.0
47.88685846328735,0.041647187655596954,-4.026360008301637,0.015114920823168324,0.008512839671720427,-0.008619831795244974,-0.633470497246342,0.7736719971532005,0.0,0.0,0.0,0.0,0.0,0.0
47.987163066864014,0.04058879738102234,-4.028048172034137,0.016277475198287438,0.008287062867218796,-0.00865772541569113,-0.6334830953172512,0.7736637101008031,0.0,0.0,0.0,0.0,0.0,0.0
48.084197759628296,0.040832629809623155,-4.0285780858964415,0.018020570420138212,0.008866968740204144,-0.008735469028494109,-0.633796958556146,0.7733993042220789,0.0,0.0,0.0,0.0,0.0,0.0
48.18256402015686,0.0395607859869287,-4.025816210162545,0.017351504453524555,0.008815115627258698,-0.008788684200446551,-0.6332889024110347,0.7738153648316461,0.0,0.0,0.0,0.0,0.0,0.0
48.28581714630127,0.03322420762158541,-4.02494343140895,0.014527921174155207,0.008138395899831155,-0.008803686250758568,-0.6335455022461036,0.7736125375175302,0.0,0.0,0.0,0.0,0.0,0.0
48.3830087184906,0.03567187090634411,-4.0220607398693495,0.016992459534175046,0.008730338561750204,-0.00894413157009851,-0.6333035189324783,0.773802582450329,0.0,0.0,0.0,0.0,0.0,0.0
48.48369741439819,0.03683847619096118,-4.024493124839334,0.018237588972019728,0.008727164836876423,-0.00878049625633004,-0.6333577268319971,0.7737601239024999,0.0,0.0,0.0,0.0,0.0,0.0
48.58122253417969,0.0346528296627905,-4.02553647950737,0.018539259753106465,0.008622317608782284,-0.008859630054549277,-0.6332957699169423,0.7738111076998448,0.0,0.0,0.0,0.0,0.0,0.0
48.69821548461914,0.03547416475290659,-4.031569494666108,0.017189531626191294,0.00821706920071873,-0.008683088740198972,-0.6335752923626656,0.7735886714858529,0.0,0.0,0.0,0.0,0.0,0.0
48.782222032547,0.03603147834549804,-4.030035658013155,0.016238886412495237,0.008598547710861562,-0.008795962635433465,-0.6332630961814079,0.7738388378941191,0.0,0.0,0.0,0.0,0.0,0.0
48.87966179847717,0.03737401513261174,-4.0286537758683805,0.016653537785489603,0.008566993109553373,-0.008810477322972791,-0.6334955842608646,0.7736487102299024,0.0,0.0,0.0,0.0,0.0,0.0
48.99370002746582,0.03446608384229565,-4.03038750296832,0.018207129858312365,0.008734595599835882,-0.008921711535291026,-0.6331215931477467,0.7739516510694002,0.0,0.0,0.0,0.0,0.0,0.0
49.081873178482056,0.03693992445878551,-4.03317958947547,0.016492254954117692,0.008348719860409047,-0.00874842483319819,-0.6335817095219963,0.7735812700025888,0.0,0.0,0.0,0.0,0.0,0.0
49.17990517616272,0.0351701423805552,-4.030511243971616,0.0171139897104262,0.008882066835562195,-0.008900574889558779,-0.6333811233829857,0.773737837511824,0.0,0.0,0.0,0.0,0.0,0.0
49.278961181640625,0.033990119817113314,-4.029821655415944,0.016628347168258194,0.008616544982342694,-0.00884211230830718,-0.633738124927938,0.7734491329204,0.0,0.0,0.0,0.0,0.0,0.0
49.3887460231781,0.03468212215368488,-4.029169644002205,0.014309431832755187,0.008207590625444423,-0.008648749042211886,-0.633719904515752,0.7734706957711321,0.0,0.0,0.0,0.0,0.0,0.0
49.480838775634766,0.037743369856252124,-4.026702692943806,0.012577253938145749,0.008308249263162166,-0.008589599280780999,-0.6331734079593483,0.7739177134757439,0.0,0.0,0.0,0.0,0.0,0.0
49.579410791397095,0.03968610373225436,-4.024206918748208,0.0133566481277889,0.00875199050511661,-0.008761642649172221,-0.6334127999991805,0.7737149740553603,0.0,0.0,0.0,0.0,0.0,0.0
49.678284883499146,0.033286651569748124,-4.024622008925579,0.016248881582371727,0.008462732185771737,-0.008612329501898596,-0.6332876054321754,0.7738223431450438,0.0,0.0,0.0,0.0,0.0,0.0
49.768967390060425,0.034157862603999854,-4.022840585998799,0.018787640160702643,0.008695073039798567,-0.008806910361167474,-0.6331424015034942,0.7739363885056144,0.0,0.0,0.0,0.0,0.0,0.0
49.87324380874634,0.034669631491287524,-4.025034801990773,0.016916561021681476,0.008457600782497465,-0.00892791691801525,-0.6335949872633888,0.7735671615336428,0.0,0.0,0.0,0.0,0.0,0.0
49.96993041038513,0.03143326889251371,-4.030161331259315,0.016782201932841388,0.008162656316587785,-0.008684611295899765,-0.6338226128798157,0.773386607054131,0.0,0.0,0.0,0.0,0.0,0.0
50.08640480041504,0.03376388370181481,-4.032022061662122,0.015555064853215707,0.00842491794481737,-0.00902580628472344,-0.6336552073614494,0.7735170546033572,0.0,0.0,0.0,0.0,0.0,0.0
50.169132232666016,0.036518691662307985,-4.031298227121841,0.016479420286405793,0.008513397178492848,-0.008802705056407968,-0.6332018102807472,0.7738898512768833,0.0,0.0,0.0,0.0,0.0,0.0
50.26730918884277,0.036563357250288545,-4.02739867108107,0.015424453871643219,0.008343101679851124,-0.008498028894646403,-0.6335615195757979,0.7736006573627453,0.0,0.0,0.0,0.0,0.0,0.0
50.3701810836792,0.03295649634358743,-4.028094274230171,0.01573983441585826,0.008362949584799972,-0.008615140719246276,-0.633247452610542,0.7738562555067245,0.0,0.0,0.0,0.0,0.0,0.0
50.46895909309387,0.03559642392772334,-4.026919516635737,0.01743634668522208,0.008626730030901439,-0.008796315407279072,-0.6333355413124971,0.7737792298030721,0.0,0.0,0.0,0.0,0.0,0.0
50.569748401641846,0.03590206618281865,-4.029072287194702,0.01674367385638793,0.00852608082270915,-0.008830987026904531,-0.6336878229778601,0.7734914754691975,0.0,0.0,0.0,0.0,0.0,0.0
50.66887950897217,0.03281216382220703,-4.031374944762833,0.01528680317965075,0.008243550161238943,-0.008800849802075203,-0.6333191752555227,0.7737967505599684,0.0,0.0,0.0,0.0,0.0,0.0
50.78656768798828,0.03520969374644869,-4.031910576776231,0.015429963822559218,0.008272021025445489,-0.008764230671395524,-0.6333657601834466,0.7737587322648704,0.0,0.0,0.0,0.0,0.0,0.0
50.871437549591064,0.035828809230460064,-4.032131199138678,0.015565201893313802,0.008441507630730823,-0.00868990798832184,-0.6335815290366255,0.7735810704196994,0.0,0.0,0.0,0.0,0.0,0.0
50.96900200843811,0.032417376732504194,-4.0309844651911995,0.015232450794913577,0.008435103095105784,-0.008651600659270791,-0.6333654081812192,0.7737585272946891,0.0,0.0,0.0,0.0,0.0,0.0
51.06737732887268,0.03276145921553636,-4.029334674336527,0.014648945321637743,0.008140921729367704,-0.008519819246162925,-0.6331278610595464,0.7739575244311369,0.0,0.0,0.0,0.0,0.0,0.0
51.1693389415741,0.03780992255349275,-4.026107304623622,0.014519318615447545,0.00820852302663663,-0.008736258333104511,-0.6334629011769223,0.7736801992894583,0.0,0.0,0.0,0.0,0.0,0.0
51.27347254753113,0.0360797521657401,-4.030179734358423,0.013154075873794165,0.008442655124004654,-0.008835146183017999,-0.633866672883992,0.7733457847388584,0.0,0.0,0.0,0.0,0.0,0.0
51.377734422683716,0.03620080672540766,-4.032834363925766,0.014136305377025116,0.008270020158992425,-0.008852042734141969,-0.6333159173162869,0.7737985506446968,0.0,0.0,0.0,0.0,0.0,0.0
51.47770881652832,0.03739802915837113,-4.033308643945043,0.016543022451159326,0.008300837159260947,-0.008673614753357674,-0.6334006592993707,0.773730876538276,0.0,0.0,0.0,0.0,0.0,0.0
51.56901502609253,0.03815380179795892,-4.031216673518169,0.01650527024242559,0.008510826889500039,-0.008680052180112037,-0.6330632615957812,0.7740046055014921,0.0,0.0,0.0,0.0,0.0,0.0
51.67198824882507,0.03588438749674546,-4.031617215970487,0.01684926417642824,0.00856020264126709,-0.008822188712071192,-0.6336973242522629,0.7734834149176008,0.0,0.0,0.0,0.0,0.0,0.0
51.7682991027832,0.034142605972244736,-4.032253161370906,0.01660356857680485,0.008447732878437982,-0.008738061925453145,-0.6336643104020454,0.7735126526474558,0.0,0.0,0.0,0.0,0.0,0.0
51.873780727386475,0.035308250596414695,-4.025590834051152,0.015093488627464376,0.00865881965977985,-0.008774339167289013,-0.6330584316772027,0.7740058513323264,0.0,0.0,0.0,0.0,0.0,0.0
51.97795844078064,0.034613767583351746,-4.022575196882009,0.013543248592513863,0.008323745147666189,-0.008445541591250293,-0.633425011836601,0.7737132172024406,0.0,0.0,0.0,0.0,0.0,0.0
52.06829786300659,0.034944917851779944,-4.02654220685827,0.015517857494245026,0.008210727287329522,-0.00866465563848302,-0.6334553727173233,0.7736871450887872,0.0,0.0,0.0,0.0,0.0,0.0
52.18154335021973,0.0382299411640661,-4.029019504044809,0.016661638337752128,0.008732466711353417,-0.009072988412033795,-0.6332154962757186,0.773873090488813,0.0,0.0,0.0,0.0,0.0,0.0
52.26993179321289,0.037437187921389524,-4.030786167643915,0.016875203355738767,0.008734393460797567,-0.008793072597160376,-0.6331870139526968,0.7738996043459652,0.0,0.0,0.0,0.0,0.0,0.0
52.37017893791199,0.031847045353634064,-4.02963862194695,0.01645471949566763,0.008581004655119689,-0.008921923758336395,-0.6336291345468636,0.7735379017791906,0.0,0.0,0.0,0.0,0.0,0.0
52.48351573944092,0.03453234985725425,-4.032396275096327,0.015360871296680132,0.008514339755023186,-0.008779798511612192,-0.6335914945381707,0.7735710951202345,0.0,0.0,0.0,0.0,0.0,0.0
52.56894588470459,0.03292224311629429,-4.033828611526716,0.016037802624193895,0.008796597005745513,-0.008951293528005735,-0.6334619800285494,0.7736720326363135,0.0,0.0,0.0,0.0,0.0,0.0
52.67151689529419,0.036325273894798615,-4.027909238080361,0.015278242817264476,0.008377553591821154,-0.008990345281987059,-0.6337182260634606,0.7734663536589741,0.0,0.0,0.0,0.0,0.0,0.0
52.78789782524109,0.035476954316026085,-4.027432573390614,0.013706091787344018,0.008115766558567725,-0.008678320282979567,-0.6333295851417016,0.7737909651026391,0.0,0.0,0.0,0.0,0.0,0.0
52.89209222793579,0.03929714736618541,-4.029443891029374,0.015703640112189648,0.008617907991284994,-0.008765496898472391,-0.6328999931403885,0.7741359676496585,0.0,0.0,0.0,0.0,0.0,0.0
52.969767570495605,0.03976107950214373,-4.0266994936507805,0.016467751813890125,0.008747846443791939,-0.008940951214658625,-0.6336933653814582,0.7734831951926912,0.0,0.0,0.0,0.0,0.0,0.0
53.06814241409302,0.036818691963627144,-4.027431571093612,0.016377491071436122,0.008807531013931011,-0.00870666888588479,-0.6336144843930592,0.7735498086624214,0.0,0.0,0.0,0.0,0.0,0.0
53.1703941822052,0.03438062759140301,-4.030967005180121,0.016102416807041976,0.008589467469201386,-0.008876807585657193,-0.6334488967581762,0.7736859301625781,0.0,0.0,0.0,0.0,0.0,0.0
53.269182205200195,0.031078529367303136,-4.027821619088394,0.015857396919157263,0.008795567643929903,-0.008878195947887989,-0.6332552017883851,0.773842144777916,0.0,0.0,0.0,0.0,0.0,0.0
53.36911177635193,0.028709515167972977,-4.0282613336468645,0.01516544039233685,0.008181123530941355,-0.00842566222765148,-0.6333120845490295,0.7738073927005105,0.0,0.0,0.0,0.0,0.0,0.0
53.467447996139526,0.030709694072490235,-4.030063421620711,0.013500668214390634,0.007805085558396494,-0.008455663814154801,-0.6334999214969365,0.7736571797975287,0.0,0.0,0.0,0.0,0.0,0.0
53.5678493976593,0.03472283733345936,-4.027341849538308,0.015931996733398946,0.008783891110794851,-0.008917209552403854,-0.6331979477225196,0.7738886778023987,0.0,0.0,0.0,0.0,0.0,0.0
53.67028045654297,0.036720231910606034,-4.02763057970806,0.017909346194751753,0.008580869952442012,-0.008771975309642068,-0.6334187695637045,0.7737118866118265,0.0,0.0,0.0,0.0,0.0,0.0
53.77119255065918,0.036602572519695384,-4.026587321289785,0.016358142775979207,0.008700532906849898,-0.008589138978789998,-0.6334459401601213,0.7736903568698544,0.0,0.0,0.0,0.0,0.0,0.0
53.86830163002014,0.03892109781235037,-4.026649401168883,0.016739777129490794,0.008758238631766078,-0.009110643496186475,-0.6336649933748024,0.7735043410366028,0.0,0.0,0.0,0.0,0.0,0.0
53.968793630599976,0.03670441748077076,-4.026066855579184,0.015166264174498772,0.008359267843363556,-0.00871096401499914,-0.6333462050033187,0.7737744027524749,0.0,0.0,0.0,0.0,0.0,0.0
54.07129764556885,0.03429563602705019,-4.023965556430564,0.016409337061873988,0.008713112731123941,-0.008742483204696817,-0.6333622436989658,0.7737570154192883,0.0,0.0,0.0,0.0,0.0,0.0
54.168707609176636,0.034451571648652174,-4.026664359670897,0.015182782272183172,0.008423077424748569,-0.008645072422174372,-0.633408019950425,0.7737238491554959,0.0,0.0,0.0,0.0,0.0,0.0
54.26835560798645,0.03645589855730717,-4.026279466520012,0.016757635213498417,0.008476695334442908,-0.008853714651271587,-0.633474392541779,0.7736665634282691,0.0,0.0,0.0,0.0,0.0,0.0
54.36818289756775,0.03917137704069194,-4.026337518035792,0.01490376831039653,0.008514574878192608,-0.008757090738941327,-0.6334482442814248,0.7736886564977009,0.0,0.0,0.0,0.0,0.0,0.0
54.4698326587677,0.03451864518618251,-4.029291572790105,0.012749210399053799,0.008427629290079397,-0.00849360040716881,-0.633396190398388,0.7737351612829063,0.0,0.0,0.0,0.0,0.0,0.0
54.56779718399048,0.03405107825306984,-4.031319654863249,0.011112667491604408,0.007861185252035125,-0.00884244146412265,-0.6334905485278741,0.7736599627234458,0.0,0.0,0.0,0.0,0.0,0.0
54.667988300323486,0.031055777064199805,-4.029816627050478,0.012804597556765203,0.008141162832123159,-0.008397133937013168,-0.6335020752982302,0.7736525901218346,0.0,0.0,0.0,0.0,0.0,0.0
54.770413398742676,0.029511918732307345,-4.0264820689074865,0.01651845823993952,0.00848416344614099,-0.008709263744369332,-0.6333917346780393,0.7737357934962024,0.0,0.0,0.0,0.0,0.0,0.0
54.86937952041626,0.03326883654873998,-4.025356383446787,0.013691850095361092,0.007979163176833403,-0.008477349797520172,-0.6331011559698443,0.7739815203252973,0.0,0.0,0.0,0.0,0.0,0.0
54.968191146850586,0.03353936955157797,-4.023582573462082,0.015328419028078273,0.00838858376895407,-0.008875468946128923,-0.6331743417963188,0.7739128572417824,0.0,0.0,0.0,0.0,0.0,0.0
55.068063735961914,0.036309775904818306,-4.0217630748019815,0.016065831984094708,0.008623039740324936,-0.008641189584895362,-0.6332914970133782,0.773817066779192,0.0,0.0,0.0,0.0,0.0,0.0
55.16936206817627,0.03465849841719867,-4.025135053765314,0.01438864975326743,0.008235288398998074,-0.008753835839163136,-0.6334589909101512,0.7736829177500186,0.0,0.0,0.0,0.0,0.0,0.0
55.270225524902344,0.037836261105266555,-4.034905071524783,0.014324528370308063,0.008252147804290809,-0.00887126286698431,-0.63371670331596,0.7734703243758713,0.0,0.0,0.0,0.0,0.0,0.0
55.36907720565796,0.04075204911024019,-4.0306174007193425,0.013349354229974587,0.008406542334347861,-0.008865628139168767,-0.6335556848796661,0.7736006236038973,0.0,0.0,0.0,0.0,0.0,0.0
55.47010612487793,0.03997376080154163,-4.0266478992022545,0.012621039073792768,0.008401348667472731,-0.008440371236609158,-0.6333315893824868,0.7737889087885739,0.0,0.0,0.0,0.0,0.0,0.0
55.569737672805786,0.03462820099986884,-4.028086736606612,0.015981366179915465,0.00862432760984032,-0.00904240054042336,-0.633573143905262,0.7735818814370914,0.0,0.0,0.0,0.0,0.0,0.0
55.66887950897217,0.040347777705191094,-4.02714025113883,0.01656639090208186,0.00864101361676882,-0.008946697431028737,-0.6336516990990825,0.7735184637211977,0.0,0.0,0.0,0.0,0.0,0.0
55.76833963394165,0.041507220840198235,-4.022987094515732,0.0194821913408591,0.008962364292473752,-0.008741233462785773,-0.6333063254302389,0.7737999515597621,0.0,0.0,0.0,0.0,0.0,0.0
55.868404150009155,0.039055714609470236,-4.022461181256734,0.0186706819968309,0.00875118972376173,-0.008904199669951261,-0.6331624917696278,0.7739182068686177,0.0,0.0,0.0,0.0,0.0,0.0
55.96749830245972,0.036239033663757025,-4.022377093687704,0.019337511932040943,0.008865446383482684,-0.00919157773442027,-0.6331586144542585,0.7739167188409495,0.0,0.0,0.0,0.0,0.0,0.0
56.07795524597168,0.03863141990078445,-4.023966769649537,0.017695254710146727,0.008597814218863957,-0.008701250273141874,-0.6333002837683832,0.7738094832794641,0.0,0.0,0.0,0.0,0.0,0.0
56.18326163291931,0.03343966023015121,-4.025670617807968,0.0151433656047729,0.00830119128981148,-0.008543289746882309,-0.6335809274683487,0.7735847146704887,0.0,0.0,0.0,0.0,0.0,0.0
56.26879906654358,0.0319062699869762,-4.031818364777907,0.014194035003501415,0.008516262007445681,-0.008962336666481902,-0.6333160494749625,0.7737945019708576,0.0,0.0,0.0,0.0,0.0,0.0
56.37079572677612,0.031871470626219436,-4.027000990185242,0.01608643396624208,0.00858717131896376,-0.008817160004008034,-0.633323611767767,0.7737891967168036,0.0,0.0,0.0,0.0,0.0,0.0
56.468393325805664,0.033218952469895785,-4.023691382590257,0.01835869948942252,0.008780612484354113,-0.008754649387776151,-0.6333194424486338,0.7737911480335318,0.0,0.0,0.0,0.0,0.0,0.0
56.56873655319214,0.03680761413391698,-4.026912039082017,0.015700860724932257,0.008164307249175993,-0.00864446193442734,-0.6336663753182769,0.773515056192188,0.0,0.0,0.0,0.0,0.0,0.0
56.67152190208435,0.038821560209397026,-4.027231299154306,0.015455437520318638,0.008544606624355822,-0.008813637443508736,-0.633267450111194,0.7738356712651063,0.0,0.0,0.0,0.0,0.0,0.0
56.76856517791748,0.03737512445821804,-4.02615201920875,0.01572951698203693,0.0088097984854254,-0.009050753353709806,-0.6336245937241963,0.7735375527679477,0.0,0.0,0.0,0.0,0.0,0.0
56.87142372131348,0.036165554564329024,-4.024409643990443,0.01617931782166323,0.008367561243626137,-0.008665095771841177,-0.6332857845614929,0.773824279217469,0.0,0.0,0.0,0.0,0.0,0.0
56.97590088844299,0.036310981062249253,-4.025727288490285,0.017309316035710544,0.008780417720686965,-0.009035644507608383,-0.6334687715538551,0.773665675120096,0.0,0.0,0.0,0.0,0.0,0.0
57.068177700042725,0.03648896897256089,-4.025537286427483,0.016172916409310328,0.008577823064996078,-0.008712533143367271,-0.633245030549652,0.773854795166292,0.0,0.0,0.0,0.0,0.0,0.0
57.176260471343994,0.034049395002272775,-4.024807677460329,0.015717678592670616,0.008631767896343005,-0.008610848102569976,-0.6331772702238991,0.7739107767370546,0.0,0.0,0.0,0.0,0.0,0.0
57.26952290534973,0.034504898646187984,-4.028935405682047,0.015235582549736936,0.008269976628978624,-0.008630070286640793,-0.6333713689149577,0.7737556710048707,0.0,0.0,0.0,0.0,0.0,0.0
57.37213850021362,0.03461265991534257,-4.024656625455134,0.018328457397718385,0.008789862742503417,-0.009168817136944977,-0.6335286096408048,0.77361500235703,0.0,0.0,0.0,0.0,0.0,0.0
57.47970652580261,0.035000727193528036,-4.022028941804174,0.01810273162556867,0.008898631435601745,-0.008779836311315597,-0.6332200547925532,0.7738708490707201,0.0,0.0,0.0,0.0,0.0,0.0
57.57063031196594,0.03628672994382095,-4.026323653728776,0.014628729104527768,0.008250355513000617,-0.008615962655191366,-0.6332793768943326,0.773831330214641,0.0,0.0,0.0,0.0,0.0,0.0
57.6696937084198,0.03508509960820314,-4.028674582266565,0.015728840314411362,0.008491915818531674,-0.008834529831144413,-0.6334224466442115,0.7737091459558012,0.0,0.0,0.0,0.0,0.0,0.0
57.78125047683716,0.03387282536054632,-4.024818016612734,0.014620416048140118,0.008594885445709676,-0.008788362160537182,-0.6333072601410783,0.7738028217106161,0.0,0.0,0.0,0.0,0.0,0.0
57.870726585388184,0.03314877456782443,-4.026707174889491,0.013035212083991618,0.008137010691684573,-0.008679214050932844,-0.6332743617371929,0.7738359277436093,0.0,0.0,0.0,0.0,0.0,0.0
57.97029519081116,0.029949357659505134,-4.028709490926702,0.015959626592673172,0.008726560291180036,-0.008922038671566802,-0.6335901686275061,0.7735681887138305,0.0,0.0,0.0,0.0,0.0,0.0
58.068994998931885,0.03181710330086473,-4.026850957454438,0.01655935983538983,0.008279682503325142,-0.008718213267536296,-0.6332398229747345,0.7738622398166186,0.0,0.0,0.0,0.0,0.0,0.0
58.169026613235474,0.03363509749872849,-4.027312655338024,0.016285982501791016,0.008491025852038214,-0.008620792556711608,-0.6335161620696917,0.773634834280465,0.0,0.0,0.0,0.0,0.0,0.0
58.26936364173889,0.037341937874878155,-4.030485242613808,0.017171287295576706,0.008832168170500575,-0.008949206266867474,-0.6333325286756988,0.7737776247952937,0.0,0.0,0.0,0.0,0.0,0.0
58.376646518707275,0.03778087060932431,-4.031271875787573,0.015532492716034687,0.008509721020109254,-0.008741620005870771,-0.6334238226000095,0.7737088791597416,0.0,0.0,0.0,0.0,0.0,0.0
58.468255281448364,0.036213760632507634,-4.027257129236665,0.014901336012910922,0.00895159165309708,-0.008614315416890688,-0.633295905916703,0.7738100271551899,0.0,0.0,0.0,0.0,0.0,0.0
58.56717538833618,0.03239297244234759,-4.024715317611523,0.015015039915355596,0.008268901402257178,-0.008450969782479074,-0.6335119686386244,0.7736425479321495,0.0,0.0,0.0,0.0,0.0,0.0
58.668039321899414,0.034317765093810716,-4.02578951732676,0.01729977550494938,0.009012782739359822,-0.009006515955480073,-0.633569460160163,0.7735808888345126,0.0,0.0,0.0,0.0,0.0,0.0
58.767948150634766,0.03725397419124118,-4.026400289695582,0.015974799336211813,0.008650195285786809,-0.008692254801683678,-0.6333885100032633,0.7737367861384292,0.0,0.0,0.0,0.0,0.0,0.0
58.86918520927429,0.03512343458625281,-4.02759105785723,0.014272452663904488,0.00850713830158126,-0.008834173236070927,-0.6334249023199479,0.7737069723752767,0.0,0.0,0.0,0.0,0.0,0.0
58.96837496757507,0.03722049766648009,-4.0274693172727085,0.013827875322252279,0.008357226479537285,-0.008741946893701964,-0.6336321874492069,0.7735399059896071,0.0,0.0,0.0,0.0,0.0,0.0
59.06884288787842,0.039019211416016955,-4.026455997950801,0.01442903872401872,0.008730340463190751,-0.008781723436862406,-0.6333511636877057,0.7737654463364874,0.0,0.0,0.0,0.0,0.0,0.0
59.1690399646759,0.04238242299734878,-4.024445297998793,0.015041984240401802,0.008625548753519603,-0.008906797381227903,-0.633350505952482,0.7737657303595481,0.0,0.0,0.0,0.0,0.0,0.0
59.26877427101135,0.037887692646336714,-4.022171946575038,0.014585795567617982,0.008095632741283961,-0.008601740210310651,-0.6334560856016263,0.7736884763327794,0.0,0.0,0.0,0.0,0.0,0.0
59.36880397796631,0.035895275770733426,-4.028705981044117,0.017028818577785595,0.00849585046467743,-0.008867660245902116,-0.6334037880058663,0.7737239988952551,0.0,0.0,0.0,0.0,0.0,0.0
59.469332695007324,0.03571182462712574,-4.028305220348001,0.018010643631670636,0.008829104211027642,-0.008899206621468675,-0.6332568332741968,0.7738401864415388,0.0,0.0,0.0,0.0,0.0,0.0
59.56769895553589,0.034985525116527985,-4.026452648212383,0.016634334795732317,0.008659732036097026,-0.008491755565824915,-0.6336554917393857,0.7735202756986989,0.0,0.0,0.0,0.0,0.0,0.0
59.669105052948,0.03129000254316793,-4.025073802453185,0.013893932786187021,0.008005126291660848,-0.008674130071158529,-0.6335185987250783,0.7736374231447034,0.0,0.0,0.0,0.0,0.0,0.0
59.77290487289429,0.02996788254325492,-4.03035170673076,0.01491581847227147,0.008278909009803081,-0.008632641647757183,-0.633745925822493,0.7734487951165099,0.0,0.0,0.0,0.0,0.0,0.0
59.869367361068726,0.0327955956558199,-4.028694161476898,0.01573282431770647,0.008711924954470188,-0.008842421506530286,-0.6333580629368165,0.7737593153290065,0.0,0.0,0.0,0.0,0.0,0.0
59.968688011169434,0.0350308637288574,-4.027850370796304,0.01627205985979745,0.00824163936162169,-0.008776213135167382,-0.6332691688408643,0.7738379761030348,0.0,0.0,0.0,0.0,0.0,0.0
60.080174684524536,0.03670220294752979,-4.0264528671659665,0.016755738990886972,0.008748126540903432,-0.009051505705600914,-0.6333040069748547,0.7738007335716862,0.0,0.0,0.0,0.0,0.0,0.0
60.17189121246338,0.03902563336782772,-4.021825034650971,0.015571192489102033,0.008729865167405506,-0.008851134636219726,-0.6329670750777528,0.7740788905126692,0.0,0.0,0.0,0.0,0.0,0.0
60.26837110519409,0.03886501538036934,-4.0248739736178925,0.01543706174954276,0.008670859547733422,-0.008980518518349922,-0.6335744196758812,0.7735810372638509,0.0,0.0,0.0,0.0,0.0,0.0
60.36960959434509,0.03492070590591525,-4.029645256174932,0.01598756043666555,0.00879352375871973,-0.008696906926304697,-0.6335498479194037,0.7736030170256065,0.0,0.0,0.0,0.0,0.0,0.0
60.47124457359314,0.03310513050697088,-4.025905134689756,0.016016020731898613,0.008626651186762958,-0.008707186094059538,-0.63340059917512,0.7737269846426613,0.0,0.0,0.0,0.0,0.0,0.0
60.576416015625,0.03334256814710018,-4.027098424334054,0.015057367333286541,0.008469071767354348,-0.008657861931301794,-0.6329849507588811,0.7740693563001672,0.0,0.0,0.0,0.0,0.0,0.0
60.66959476470947,0.03085660361717962,-4.023253229704647,0.013777466960800207,0.008506331669759157,-0.008721606789874546,-0.633276557045431,0.7738296829362463,0.0,0.0,0.0,0.0,0.0,0.0
60.77435302734375,0.03100994467597023,-4.023617511395777,0.014084482447879253,0.008214583738409536,-0.008575578747393365,-0.6333909866998818,0.7737408080426554,0.0,0.0,0.0,0.0,0.0,0.0
60.86916399002075,0.030694346789337888,-4.022655943009475,0.01352883021744297,0.008898869015512388,-0.008581437382297998,-0.6332421292659308,0.773855008890844,0.0,0.0,0.0,0.0,0.0,0.0
60.969178438186646,0.02972457575214801,-4.0227880816593435,0.014573027633777361,0.008176083013652904,-0.008749854971616395,-0.6335564660161398,0.7736037720135992,0.0,0.0,0.0,0.0,0.0,0.0
61.07026243209839,0.029030387785074264,-4.032981001736805,0.01603444740867347,0.008628388263181365,-0.00879749811561813,-0.6333417516197872,0.7737741147118221,0.0,0.0,0.0,0.0,0.0,0.0
61.16911458969116,0.03798597467035711,-4.033797789018998,0.017795150045491624,0.008681553681355815,-0.009000608051306263,-0.6331483109212095,0.773929477444814,0.0,0.0,0.0,0.0,0.0,0.0
61.2692391872406,0.040032216639986774,-4.03365485589263,0.017269357465388678,0.008734499131786566,-0.008813165860375135,-0.633464767954567,0.7736720392987585,0.0,0.0,0.0,0.0,0.0,0.0
61.379778146743774,0.03438751615765617,-4.030989660834102,0.017260921861762358,0.008814959830515721,-0.008924355320346319,-0.6332868055919102,0.7738155298444812,0.0,0.0,0.0,0.0,0.0,0.0
61.471245765686035,0.033886050401719416,-4.029861506001719,0.015208944767612165,0.00862709516751632,-0.008789691669957194,-0.633293019905323,0.773814102668407,0.0,0.0,0.0,0.0,0.0,0.0
61.57187867164612,0.03490469524144502,-4.026237747191143,0.01426189350206906,0.008635178465477334,-0.008728581632006528,-0.6331586180815656,0.7739246797360858,0.0,0.0,0.0,0.0,0.0,0.0
61.673826456069946,0.035971064817637975,-4.022491373173268,0.014847754595434241,0.008748754441251892,-0.008782519021723867,-0.6334987049733035,0.7736444386489858,0.0,0.0,0.0,0.0,0.0,0.0
61.770469427108765,0.03424332818401902,-4.02444214055326,0.015325966919958925,0.008384709742318763,-0.008800988969141643,-0.6333840873350823,0.7737420998927258,0.0,0.0,0.0,0.0,0.0,0.0
61.8839066028595,0.037950124537642405,-4.024202614482709,0.017578631000988748,0.008971689410161245,-0.008904025004389818,-0.6328400769591256,0.7741793488089275,0.0,0.0,0.0,0.0,0.0,0.0
61.98113489151001,0.034133194543674236,-4.025883300258843,0.014306089538988825,0.008270248745276649,-0.008579335833444359,-0.6338462433294038,0.7733672722578508,0.0,0.0,0.0,0.0,0.0,0.0
62.06786823272705,0.03186235202932229,-4.0300982238537255,0.014342556146666196,0.008660587891033786,-0.008728356148113191,-0.6335701187965285,0.7735875610326759,0.0,0.0,0.0,0.0,0.0,0.0
62.168652296066284,0.03243117311448122,-4.035530503479135,0.01479427546342981,0.008591352324291951,-0.008699943007915252,-0.6336704207062878,0.7735064948523787,0.0,0.0,0.0,0.0,0.0,0.0
62.26879525184631,0.03519075017975212,-4.030871767367298,0.01661914769423428,0.008626440754938541,-0.008770181053483752,-0.6331500978037666,0.7739312773723959,0.0,0.0,0.0,0.0,0.0,0.0
62.378482818603516,0.037599424551281145,-4.0292880203087496,0.015129424308618118,0.008801884488362857,-0.00878317802963169,-0.6334610744990691,0.7736746407293154,0.0,0.0,0.0,0.0,0.0,0.0
62.47697305679321,0.037201356753951774,-4.034481365239065,0.01681156979725755,0.008791577540339926,-0.009020860415100824,-0.6336775296920588,0.7734947450403852,0.0,0.0,0.0,0.0,0.0,0.0
62.56804895401001,0.03932239165742484,-4.030010570388831,0.01693563104396672,0.00880064670465091,-0.008797039847709342,-0.6333342777200116,0.7737782972999223,0.0,0.0,0.0,0.0,0.0,0.0
62.66787934303284,0.03558728300252126,-4.024816834104821,0.015529773430367036,0.008512350003770168,-0.00884423801216944,-0.6338182205038531,0.7733846279237292,0.0,0.0,0.0,0.0,0.0,0.0
62.768858194351196,0.03319171212372141,-4.027019990881355,0.015195414154275428,0.008526373260323124,-0.008748542983909499,-0.6333933427861244,0.7737335699508603,0.0,0.0,0.0,0.0,0.0,0.0
62.86823558807373,0.03316065752865935,-4.028103993179792,0.016310242102877643,0.008687491877412088,-0.008749320623256531,-0.6332084540653476,0.7738830858557915,0.0,0.0,0.0,0.0,0.0,0.0
62.984750509262085,0.03407163220047976,-4.026324147704015,0.014046215072813185,0.008635364848570352,-0.00859744266183305,-0.6331760445902589,0.7739118884024473,0.0,0.0,0.0,0.0,0.0,0.0
63.08119821548462,0.033693061598518315,-4.024737058495536,0.01469119343980383,0.00847687534214311,-0.008612522689608276,-0.6332352671378554,0.7738650163240378,0.0,0.0,0.0,0.0,0.0,0.0
63.17050313949585,0.030157065995376146,-4.02886651919326,0.016519456443213,0.00849754011241518,-0.008796697156828542,-0.6333791634045863,0.7737449484785509,0.0,0.0,0.0,0.0,0.0,0.0
63.268895864486694,0.03212017828398641,-4.024256039587815,0.01609278481299596,0.008600381503370143,-0.008528953147695863,-0.6330423300766084,0.7740224148740006,0.0,0.0,0.0,0.0,0.0,0.0
63.37206983566284,0.030435776572022608,-4.021343617556339,0.01493232799295955,0.008188204386476147,-0.008571485785853166,-0.6333796320763284,0.7737504278584947,0.0,0.0,0.0,0.0,0.0,0.0
63.468674659729004,0.02769534427051171,-4.028180803742619,0.016141902678775223,0.008365309071824947,-0.008648950103934261,-0.6334275250895927,0.7737084642971833,0.0,0.0,0.0,0.0,0.0,0.0
63.569833278656006,0.03086293830318603,-4.025390699415772,0.015558810026974403,0.008291502227498674,-0.008633548932796784,-0.6334474077620514,0.7736931526278192,0.0,0.0,0.0,0.0,0.0,0.0
63.676286935806274,0.03461037257535532,-4.020815448645195,0.016166723075639208,0.00876183463925325,-0.008814786761127711,-0.6333082532471922,0.773799835976398,0.0,0.0,0.0,0.0,0.0,0.0
63.786720514297485,0.034245802616102695,-4.020632009153343,0.014904889365275079,0.008454317157534025,-0.00879944318470132,-0.6332294628428544,0.7738679097292955,0.0,0.0,0.0,0.0,0.0,0.0
63.8760781288147,0.035877130676161474,-4.026570279697029,0.014845124069230308,0.008599545760198429,-0.008950764888332406,-0.6335276528017011,0.7736204785010535,0.0,0.0,0.0,0.0,0.0,0.0
63.97044587135315,0.03852877342828325,-4.023475557356338,0.014362731962198571,0.00885010851140129,-0.008910408408126983,-0.6332477792038623,0.7738472267409852,0.0,0.0,0.0,0.0,0.0,0.0
64.06881475448608,0.03852948703365171,-4.021026286819163,0.013523559720566763,0.008402967044680729,-0.008804958241373033,-0.6332209794813691,0.773875347843482,0.0,0.0,0.0,0.0,0.0,0.0
64.16952538490295,0.03478286911518242,-4.022343107158028,0.014675655381261797,0.008660099927716625,-0.008927999902726311,-0.6332348527133775,0.7738597513736242,0.0,0.0,0.0,0.0,0.0,0.0
64.26892614364624,0.038411701132568456,-4.02488208292609,0.016221016678473716,0.008644195171289042,-0.008979291261323819,-0.6337404754817073,0.7734453180118851,0.0,0.0,0.0,0.0,0.0,0.0
64.37117171287537,0.03950408978925251,-4.023885485523956,0.01490025499739781,0.008608290236713563,-0.008665358301248614,-0.6331440115649446,0.7739376392992927,0.0,0.0,0.0,0.0,0.0,0.0
64.48383474349976,0.03710590812745051,-4.026436308801216,0.014517156939353995,0.008219161303877781,-0.008658334195748922,-0.6334716750859521,0.7736737784752785,0.0,0.0,0.0,0.0,0.0,0.0
64.57155323028564,0.03434381784412369,-4.028399838312117,0.014565376100677836,0.008280511800749311,-0.008805960500311868,-0.6333344728246688,0.7737837771082335,0.0,0.0,0.0,0.0,0.0,0.0
64.66965436935425,0.035239210336690745,-4.028019446186602,0.01457647131440829,0.00856825851022281,-0.008683735756104687,-0.6334134124183077,0.7737174074867491,0.0,0.0,0.0,0.0,0.0,0.0
64.77418494224548,0.0370565251018831,-4.028611990214605,0.015603632025416174,0.00860445607271848,-0.008939926728154008,-0.6331797639539526,0.7739053091722561,0.0,0.0,0.0,0.0,0.0,0.0
64.87054324150085,0.03407131973074697,-4.026180555557771,0.014731507162806329,0.008746810511529295,-0.008720468236125389,-0.6333485250571469,0.7737681129043481,0.0,0.0,0.0,0.0,0.0,0.0
64.96945428848267,0.037321249996048064,-4.026794475652014,0.01374347262344853,0.008260480562290161,-0.008635117515617586,-0.6335412306319047,0.77361664168746,0.0,0.0,0.0,0.0,0.0,0.0
65.08035659790039,0.03860588116926292,-4.024636751530504,0.014248655254088262,0.008560860852342932,-0.008601239623547662,-0.6335795939716563,0.7735823346232238,0.0,0.0,0.0,0.0,0.0,0.0
65.16877508163452,0.0353234601217942,-4.025015652347985,0.015018840592368861,0.008495440528909185,-0.008879109670205113,-0.6334429793668664,0.7736917866906132,0.0,0.0,0.0,0.0,0.0,0.0
65.27773833274841,0.03175798343388713,-4.025627586989724,0.014646291932822117,0.00816549339291347,-0.00842217581109449,-0.6331731926507128,0.7739212490820767,0.0,0.0,0.0,0.0,0.0,0.0
65.37367987632751,0.03321201443285934,-4.026622316514606,0.015318482231980733,0.00863483199880385,-0.00866886273270007,-0.6332999447291907,0.7738097120747963,0.0,0.0,0.0,0.0,0.0,0.0
65.46870803833008,0.029560458422060478,-4.021103641123426,0.014431487659789128,0.008475704506654733,-0.008655939478347658,-0.6331848464977089,0.7739058000238382,0.0,0.0,0.0,0.0,0.0,0.0
65.57065749168396,0.030296630130072374,-4.025137461444294,0.014364429283044733,0.008498486896269752,-0.008534463210422564,-0.6334054908943109,0.7737263229095424,0.0,0.0,0.0,0.0,0.0,0.0
65.67169237136841,0.03563667522386788,-4.0269544867992515,0.013909089827271476,0.008534427160583403,-0.008831879120031184,-0.6331041512865159,0.7739691822598818,0.0,0.0,0.0,0.0,0.0,0.0
65.77011466026306,0.03803199082017688,-4.028782385753932,0.013547904581246302,0.008705502095744461,-0.008676661750341591,-0.6332448816421088,0.7738538942514943,0.0,0.0,0.0,0.0,0.0,0.0
65.87889170646667,0.03485107916983698,-4.030673822096462,0.015467581215039156,0.00851067366896549,-0.008699811201677466,-0.633607629945482,0.7735588232278299,0.0,0.0,0.0,0.0,0.0,0.0
65.96873736381531,0.03289321507924575,-4.025940039279147,0.016982019519357235,0.008264803698510476,-0.008574124013650241,-0.6331785503556502,0.773914143033154,0.0,0.0,0.0,0.0,0.0,0.0
66.06833577156067,0.03532775501060126,-4.0267503352213225,0.016439123146133848,0.008872706485409507,-0.00868836622386843,-0.633309656832442,0.7737988536659632,0.0,0.0,0.0,0.0,0.0,0.0
66.17977547645569,0.03651402427965576,-4.020913301303703,0.015448523630554297,0.00870277497168882,-0.008900152141604974,-0.633178716562658,0.7739055251719776,0.0,0.0,0.0,0.0,0.0,0.0
66.26803946495056,0.03725251081012574,-4.023711868041421,0.01404603188011001,0.00862516872322055,-0.008672992949845963,-0.6332338034112103,0.7738639000981772,0.0,0.0,0.0,0.0,0.0,0.0
66.37002301216125,0.03974181484351373,-4.023850753050892,0.012207530936396998,0.008457601700342775,-0.008789044109219511,-0.6332027111655778,0.7738898812167575,0.0,0.0,0.0,0.0,0.0,0.0
66.4821093082428,0.037681382584095396,-4.021647991894261,0.014527039851658478,0.008904772296063661,-0.00868244002418734,-0.6330931481468647,0.7739757011916294,0.0,0.0,0.0,0.0,0.0,0.0
66.57241463661194,0.03814919967784985,-4.026130450611663,0.015404064195646477,0.008795513171208701,-0.008828971697047563,-0.6335684403583945,0.7735862715875066,0.0,0.0,0.0,0.0,0.0,0.0
66.66839170455933,0.03735549818776863,-4.029520841637934,0.01372718695326902,0.0082623756647192,-0.008718935019017353,-0.6335408145943884,0.7736160220442622,0.0,0.0,0.0,0.0,0.0,0.0
66.76932120323181,0.04071272842706903,-4.0265659794994235,0.014297421330737439,0.008639646641281699,-0.00875274040990726,-0.6333652664827948,0.7737552489349645,0.0,0.0,0.0,0.0,0.0,0.0
66.873295545578,0.03543826464501473,-4.020705692712855,0.016112668438944582,0.008607783357732407,-0.00871389018408322,-0.6332692232928016,0.7738346496595104,0.0,0.0,0.0,0.0,0.0,0.0
66.96911716461182,0.03188469431734026,-4.019791230340152,0.014767827589574548,0.00856327515287936,-0.008728835511389525,-0.6332867132454262,0.7738206617660679,0.0,0.0,0.0,0.0,0.0,0.0
67.07338953018188,0.03300440580435917,-4.024545503791893,0.014298036651355586,0.00878201515830757,-0.009003897896166601,-0.6334505299046812,0.7736809627979173,0.0,0.0,0.0,0.0,0.0,0.0
67.16810870170593,0.03210357171424669,-4.025838498989369,0.014273003663361695,0.008704488476915028,-0.008742651943360987,-0.6333650364145179,0.773754824582689,0.0,0.0,0.0,0.0,0.0,0.0
67.2829258441925,0.03163750964409776,-4.02542614638139,0.016519292172074183,0.008789284626347293,-0.008625672702057835,-0.6334910511259058,0.7736520111714233,0.0,0.0,0.0,0.0,0.0,0.0
67.36955547332764,0.03419281348550241,-4.025481254489369,0.016154780544483344,0.00835890422583702,-0.00863872931509249,-0.6335506934396753,0.7736077946337342,0.0,0.0,0.0,0.0,0.0,0.0
67.4673399925232,0.04135701906688026,-4.0262859337758,0.014632746224998706,0.008456255786633546,-0.008835094814083884,-0.6334629510247578,0.7736763680743399,0.0,0.0,0.0,0.0,0.0,0.0
67.57842564582825,0.03875998173485329,-4.021418866267327,0.01579212770253641,0.008943306115477298,-0.008611953906443858,-0.6333948318269672,0.7737291764826532,0.0,0.0,0.0,0.0,0.0,0.0
67.67172241210938,0.036287344428330856,-4.021874256457522,0.015441952024052664,0.008532148117592106,-0.008631996658585547,-0.6332810233053557,0.773826748441475,0.0,0.0,0.0,0.0,0.0,0.0
67.77515077590942,0.03789997907556138,-4.0199967496787306,0.013573531557079313,0.008325855397309815,-0.008835816088836169,-0.6332647561956559,0.7738400073958456,0.0,0.0,0.0,0.0,0.0,0.0
67.86865782737732,0.0389263523145648,-4.015409402732611,0.015800825755565243,0.00878692263258151,-0.008658310693528893,-0.6332360513928736,0.7738604052818205,0.0,0.0,0.0,0.0,0.0,0.0
67.98249983787537,0.034621138663302346,-4.020127003395924,0.01635382491857973,0.009063288940222878,-0.00911700930288675,-0.6331887570023784,0.7738906479217452,0.0,0.0,0.0,0.0,0.0,0.0
68.06845998764038,0.03183858733148519,-4.0253699916602885,0.015821503114738848,0.008471867601250072,-0.008610973453097366,-0.633840197229951,0.7733696935948763,0.0,0.0,0.0,0.0,0.0,0.0
68.17062544822693,0.030336719359605635,-4.024841071110461,0.014220320803179866,0.008237114029947097,-0.008459315691106735,-0.633411069123882,0.7737254082953692,0.0,0.0,0.0,0.0,0.0,0.0
68.28496074676514,0.029791452236924615,-4.021602937562613,0.013203138800389168,0.008671877768570833,-0.008627286824077542,-0.6330908619584654,0.7739808324259123,0.0,0.0,0.0,0.0,0.0,0.0
68.36910462379456,0.03138221716623142,-4.027934212972634,0.011527587970543809,0.007932541284553849,-0.008482677082735991,-0.633572032404636,0.7735965348506523,0.0,0.0,0.0,0.0,0.0,0.0
68.48010540008545,0.039266830563806025,-4.026916069118722,0.012672972774307657,0.008621534547549542,-0.00881469289704529,-0.6332937059274143,0.7738133188075125,0.0,0.0,0.0,0.0,0.0,0.0
68.57708477973938,0.04179228758012994,-4.023729297952187,0.016966565093028987,0.008888277737064179,-0.00860798365057798,-0.6331429158425143,0.7739360110853986,0.0,0.0,0.0,0.0,0.0,0.0
68.66941332817078,0.038920598833517034,-4.021002104538336,0.017499686890645346,0.008749922450629668,-0.00868627519644844,-0.6330966307567244,0.7739745755545223,0.0,0.0,0.0,0.0,0.0,0.0
68.77889060974121,0.039151270178514164,-4.026338284339611,0.015991233025091162,0.008769837993136093,-0.008824408335986434,-0.6335850367182376,0.7735730224134264,0.0,0.0,0.0,0.0,0.0,0.0
68.87256908416748,0.036849956087303654,-4.024399156398938,0.01696255449802843,0.00872529994118383,-0.008826162881954024,-0.6334464404939356,0.7736870006761656,0.0,0.0,0.0,0.0,0.0,0.0
68.97018361091614,0.034047568576187084,-4.024087040820928,0.01617827672673259,0.00872634706014305,-0.00876063992988578,-0.6334088446334688,0.7737185131526193,0.0,0.0,0.0,0.0,0.0,0.0
69.0760555267334,0.031068465935564612,-4.025434592291592,0.015412524937857554,0.008297705739472172,-0.008521779042619039,-0.6331801201035379,0.773913084827411,0.0,0.0,0.0,0.0,0.0,0.0
69.16965317726135,0.03517776029342606,-4.026363090792972,0.015625956411059346,0.008574173751820171,-0.008618696060277615,-0.6334146887547502,0.7737170243004977,0.0,0.0,0.0,0.0,0.0,0.0
69.2683846950531,0.03419383627910833,-4.0231191159061375,0.01543091185796714,0.00867158892625218,-0.008588097559418674,-0.6333159628414393,0.7737970918374045,0.0,0.0,0.0,0.0,0.0,0.0
69.37774348258972,0.03188161752043302,-4.021420469143554,0.013915853309267468,0.008455720657511127,-0.008502404695014648,-0.6332598980277829,0.773846309968851,0.0,0.0,0.0,0.0,0.0,0.0
69.49051022529602,0.033699606521826374,-4.024200256135816,0.013241860732504785,0.008413092144558995,-0.009080854676885627,-0.6334021895926587,0.7737237389263243,0.0,0.0,0.0,0.0,0.0,0.0
69.57971930503845,0.03405301673405505,-4.023670503645098,0.01561141909460497,0.008678824064499503,-0.00884043113635538,-0.6334516163136038,0.7736831228480201,0.0,0.0,0.0,0.0,0.0,0.0
69.670166015625,0.0336416616868744,-4.020675518553006,0.015310789860339366,0.00845669988147523,-0.008600622939878544,-0.6334388719039279,0.773698719834304,0.0,0.0,0.0,0.0,0.0,0.0
69.77230429649353,0.034248428556455345,-4.023774085354476,0.015614042368618226,0.008486819743168283,-0.00868910499217973,-0.6333728221786556,0.7737514726774538,0.0,0.0,0.0,0.0,0.0,0.0
69.87005019187927,0.03830227992311515,-4.021591530879068,0.016921405049120753,0.008412370957966106,-0.008812364311890258,-0.6333714936917891,0.7737519791436618,0.0,0.0,0.0,0.0,0.0,0.0
69.96913886070251,0.03629177466096249,-4.0214049013581,0.01877183322656342,0.008889377556384642,-0.008660172855091575,-0.6332606623327135,0.7738390749469268,0.0,0.0,0.0,0.0,0.0,0.0
70.07151103019714,0.0354909642139655,-4.019324479860256,0.016245422026636477,0.00843909338523241,-0.008565716744310925,-0.6328070439620821,0.7742161554187988,0.0,0.0,0.0,0.0,0.0,0.0
70.17170405387878,0.03697543893057441,-4.023460543542465,0.014550098750570459,0.008548014514330324,-0.008929162415495821,-0.6334110595788877,0.7737167641389026,0.0,0.0,0.0,0.0,0.0,0.0
70.26909327507019,0.036663594892047735,-4.023868515310867,0.015221156829184672,0.008885117808601286,-0.008794902801837928,-0.6331584734689786,0.7739212181098724,0.0,0.0,0.0,0.0,0.0,0.0
70.37840914726257,0.028837068496005973,-4.021041157605619,0.015321803220815158,0.008221374087961877,-0.008554717836682728,-0.6331149192422316,0.773966875805254,0.0,0.0,0.0,0.0,0.0,0.0
70.49003672599792,0.03067045552974208,-4.0241476217983285,0.014317892032462901,0.008483931003256572,-0.008842746274213529,-0.6334378420038203,0.7736965355167411,0.0,0.0,0.0,0.0,0.0,0.0
70.57539796829224,0.03505834473238285,-4.019736615382068,0.016519840918638572,0.008758819300197966,-0.008778632754239683,-0.6334053210324124,0.7737208269002852,0.0,0.0,0.0,0.0,0.0,0.0
70.66956400871277,0.03398065227505265,-4.023764937460304,0.014792619264532006,0.008199895404853209,-0.008563394561793837,-0.6337153062607579,0.7734754945050063,0.0,0.0,0.0,0.0,0.0,0.0
70.77039074897766,0.03723001462827157,-4.024547409804459,0.01622406728856732,0.008803887710558567,-0.008904096089132344,-0.6334097867892933,0.773715225799234,0.0,0.0,0.0,0.0,0.0,0.0
70.87095332145691,0.03842960151203708,-4.025950993468122,0.014609376212631907,0.008604115097074165,-0.00857198691812447,-0.6335089765834547,0.7736400111368711,0.0,0.0,0.0,0.0,0.0,0.0
70.96853971481323,0.033481963246263326,-4.026166392181979,0.013878141761068899,0.008393076949393258,-0.008517259365842874,-0.6333361391848368,0.7737844320963457,0.0,0.0,0.0,0.0,0.0,0.0
71.08960127830505,0.03210002185724017,-4.032582343153389,0.014171485869280697,0.008455352843444357,-0.008698877094178919,-0.633783100305799,0.7734156827427052,0.0,0.0,0.0,0.0,0.0,0.0
71.18709993362427,0.03712522497754093,-4.031148547982086,0.015121404447373518,0.008679153652328919,-0.009168848307154275,-0.6333029418885312,0.7738010004567928,0.0,0.0,0.0,0.0,0.0,0.0
71.26945900917053,0.038827872919266905,-4.027826278889906,0.01705632896394436,0.008685030133472464,-0.008775076936111114,-0.6333682289485569,0.7737520628954191,0.0,0.0,0.0,0.0,0.0,0.0
71.36863589286804,0.04022453283412431,-4.022196538497177,0.016999925985674465,0.008789384594049895,-0.008854549461747995,-0.6331481012546598,0.773930116709454,0.0,0.0,0.0,0.0,0.0,0.0
71.4677665233612,0.040910581783946166,-4.024909649881062,0.014672277491047487,0.008628752612409788,-0.008854938053939877,-0.6337264272471833,0.7734584346355905,0.0,0.0,0.0,0.0,0.0,0.0
71.56885194778442,0.040770271152243645,-4.023537440229839,0.013648956809797684,0.008308501714378434,-0.008649871950327449,-0.6335242947362811,0.7736298316982134,0.0,0.0,0.0,0.0,0.0,0.0
71.6685938835144,0.03617707405356087,-4.018837686939347,0.01542651953484246,0.008655040541962526,-0.008602785101072647,-0.6332422438898614,0.7738574435353442,0.0,0.0,0.0,0.0,0.0,0.0
71.77209305763245,0.026384437887013647,-4.020946351609233,0.015352658729002133,0.008371296092810574,-0.008592278651080613,-0.6332075067436181,0.7738891054620443,0.0,0.0,0.0,0.0,0.0,0.0
71.86940097808838,0.028621562819852953,-4.022116861469795,0.016195951453399474,0.008684713743637336,-0.008883850976252456,-0.6332317167846807,0.7738625496798204,0.0,0.0,0.0,0.0,0.0,0.0
71.98134398460388,0.0354408654481103,-4.025781664423311,0.015670011438415052,0.00869576875057386,-0.008602516137648083,-0.6333086662301555,0.773802632200048,0.0,0.0,0.0,0.0,0.0,0.0
72.0748291015625,0.037339208910283125,-4.029640295608293,0.01523641924235611,0.008443634027712973,-0.008475573262314946,-0.633343059696449,0.7737786753566064,0.0,0.0,0.0,0.0,0.0,0.0
72.16892790794373,0.0390514517254275,-4.028319450820792,0.014578450246195768,0.008368198315426798,-0.00875723975820007,-0.6337245334544583,0.7734639614789451,0.0,0.0,0.0,0.0,0.0,0.0
72.26886177062988,0.03636778099738588,-4.03122438507832,0.015096027928028192,0.008884498705247587,-0.008787972298188592,-0.6330981355178414,0.7739706635457693,0.0,0.0,0.0,0.0,0.0,0.0
72.37058877944946,0.03528359909142155,-4.029138793327272,0.016906588572727158,0.008794276183345872,-0.008851528586965232,-0.6335782959467621,0.7735779560285345,0.0,0.0,0.0,0.0,0.0,0.0
72.46863198280334,0.03553665945277918,-4.024817648321782,0.015572501551904906,0.008363473072742295,-0.008612305146409026,-0.6336377800287478,0.7735367116294285,0.0,0.0,0.0,0.0,0.0,0.0
72.58448505401611,0.03478830754584885,-4.022296236721486,0.014248149026028577,0.008662413568190705,-0.0086054369454724,-0.633346765185908,0.7737717906945821,0.0,0.0,0.0,0.0,0.0,0.0
72.67935729026794,0.035830540261666835,-4.022090893169031,0.01575202366667505,0.008867049329077328,-0.008814330304039155,-0.6332794061252215,0.7738222514215888,0.0,0.0,0.0,0.0,0.0,0.0
72.7719497680664,0.03049215459223112,-4.021184424194482,0.014498551127959211,0.008236051257633015,-0.0084998304639904,-0.6336335098328297,0.7735428207660501,0.0,0.0,0.0,0.0,0.0,0.0
72.86890459060669,0.0320867874087635,-4.023379783204399,0.0148659718065509,0.008640573505464396,-0.00868573155936162,-0.6336375620771363,0.7735330235237031,0.0,0.0,0.0,0.0,0.0,0.0
72.97031426429749,0.031666380363314595,-4.026746184073875,0.014690781783194226,0.00884501595808473,-0.008868124256687012,-0.6330291195903579,0.7740266505848024,0.0,0.0,0.0,0.0,0.0,0.0
73.0707004070282,0.03224773546934759,-4.024098366486699,0.01562866442499548,0.00912271216030692,-0.00899065119912791,-0.6335068937992687,0.7736310230482356,0.0,0.0,0.0,0.0,0.0,0.0
73.17012691497803,0.030908733664772054,-4.027882182037628,0.015803030652243217,0.0086055924179506,-0.008481141645587133,-0.6335859471607452,0.7735779608907858,0.0,0.0,0.0,0.0,0.0,0.0
73.27522134780884,0.03156022038860389,-4.025580973073067,0.016421707109375423,0.0087038309455439,-0.00869742401588482,-0.6331948489031299,0.7738946190954573,0.0,0.0,0.0,0.0,0.0,0.0
73.37877535820007,0.03542781222560111,-4.025786889739599,0.015130450958030617,0.008686116298598338,-0.008774071164963634,-0.633703648531467,0.7734773771072735,0.0,0.0,0.0,0.0,0.0,0.0
73.47561526298523,0.03271971064509576,-4.023481755116051,0.014827691269507596,0.008370510369365817,-0.00866416618144941,-0.6334428524970251,0.7736956891446207,0.0,0.0,0.0,0.0,0.0,0.0
73.57045459747314,0.03548442427591871,-4.022985669803936,0.015072094418294204,0.008641662960238508,-0.009140542372714213,-0.6332300427688939,0.7738614120637619,0.0,0.0,0.0,0.0,0.0,0.0
73.66870331764221,0.033498299863519605,-4.023188521397391,0.01491760186940277,0.008857177590326745,-0.008658953420354252,-0.6334033837813584,0.7737226417425845,0.0,0.0,0.0,0.0,0.0,0.0
73.77128767967224,0.032890662479287965,-4.022740681963124,0.016317049527583633,0.008277108107021666,-0.008618635273725512,-0.6334677191696646,0.773676842988975,0.0,0.0,0.0,0.0,0.0,0.0
73.86869502067566,0.034188932801826936,-4.0276280848532195,0.01698764427892434,0.008635221571280903,-0.008741593560069936,-0.6334546929421953,0.7736822147884461,0.0,0.0,0.0,0.0,0.0,0.0
73.96929502487183,0.03580741600693327,-4.0269747355742895,0.01579268381908236,0.00873420534458813,-0.008724707279803215,-0.6334737531556961,0.7736656882676896,0.0,0.0,0.0,0.0,0.0,0.0
74.08469200134277,0.03675296770843831,-4.026606477657754,0.014230185296720758,0.008354288598889129,-0.008634719114126768,-0.6335001767358577,0.773649257456804,0.0,0.0,0.0,0.0,0.0,0.0
74.19396758079529,0.03793037569491985,-4.026932815077733,0.014507303507839145,0.00852096471162305,-0.008733598098172141,-0.63344826700758,0.7736888330910155,0.0,0.0,0.0,0.0,0.0,0.0
74.27002620697021,0.04102517143866164,-4.027547009411667,0.016013153807383856,0.008741135397523284,-0.008692756240045275,-0.6335170500567554,0.7736305163502152,0.0,0.0,0.0,0.0,0.0,0.0
74.37422561645508,0.03700966526127147,-4.027668686865841,0.01758133837191198,0.008779588813266032,-0.008851863057760543,-0.6335200199176761,0.7736258447752278,0.0,0.0,0.0,0.0,0.0,0.0
74.46933197975159,0.03367210495689935,-4.028436376124324,0.017172882570293,0.008709784695314462,-0.009119826116894445,-0.6334267529051787,0.7736998882810843,0.0,0.0,0.0,0.0,0.0,0.0
74.58321833610535,0.03186777048559083,-4.027833828079168,0.016962188161499085,0.008349471522901598,-0.008478755530061765,-0.6332398209915557,0.7738641522518881,0.0,0.0,0.0,0.0,0.0,0.0
74.6722822189331,0.031809482188909353,-4.024869019451642,0.014361592752251446,0.008554991960054454,-0.008520266920162304,-0.6332939405340858,0.7738171631897186,0.0,0.0,0.0,0.0,0.0,0.0
74.77197074890137,0.03208032008809476,-4.021490416172569,0.012117748857168454,0.008450982255508119,-0.008471253046512278,-0.6336288192477942,0.773544658173907,0.0,0.0,0.0,0.0,0.0,0.0
74.88581943511963,0.03263892838080555,-4.025448172772132,0.012175245769383787,0.008574151753056094,-0.008581944091335138,-0.6332570997435248,0.7738464187303253,0.0,0.0,0.0,0.0,0.0,0.0
74.9713442325592,0.03468935473166789,-4.021267802521239,0.013591104212105364,0.008762796704032232,-0.008853008015147474,-0.6334596997544872,0.7736754141304761,0.0,0.0,0.0,0.0,0.0,0.0
75.06942796707153,0.03440703222997269,-4.0227839677216615,0.012762994493051894,0.008778973259967725,-0.008347003374097904,-0.6334176258550467,0.7737153019162348,0.0,0.0,0.0,0.0,0.0,0.0
75.18027949333191,0.029456029399003002,-4.027274239802763,0.014346850615048484,0.008353172207220191,-0.00856662255933595,-0.6333025546856332,0.7738118063978177,0.0,0.0,0.0,0.0,0.0,0.0
75.26986384391785,0.02753714498468275,-4.031349858671414,0.015391691976960012,0.008484414073479152,-0.008499889936626356,-0.633543153785632,0.7736141408223166,0.0,0.0,0.0,0.0,0.0,0.0
75.36922788619995,0.02806102705019552,-4.028271728507875,0.016868247695946754,0.008997264582383053,-0.008700772988946245,-0.6333375565525875,0.7737744408026337,0.0,0.0,0.0,0.0,0.0,0.0
75.48051285743713,0.02938947841624275,-4.026918969824248,0.016772654345289247,0.008391079456953806,-0.008768282115985664,-0.6332600180315897,0.7738439484656534,0.0,0.0,0.0,0.0,0.0,0.0
75.57698178291321,0.030590443425914052,-4.026829425052906,0.0153994394429158,0.008332478185567151,-0.0084940966311671,-0.6332864323361477,0.7738260235664489,0.0,0.0,0.0,0.0,0.0,0.0
75.6702721118927,0.0365378348420568,-4.028527967082209,0.017993261128493962,0.008775035485911308,-0.008965317762987424,-0.6332440772548773,0.7738504768049504,0.0,0.0,0.0,0.0,0.0,0.0
75.76957297325134,0.03466359084362189,-4.026620928891453,0.01641580140407211,0.008445433733187915,-0.008456148831681507,-0.6334534305489015,0.773688515826507,0.0,0.0,0.0,0.0,0.0,0.0
75.87477135658264,0.03153055136159804,-4.023613692989351,0.014107873516293175,0.008648688692178887,-0.008673612014622866,-0.6334977770093116,0.7736475522890159,0.0,0.0,0.0,0.0,0.0,0.0
75.9718554019928,0.031123314181312697,-4.024573603227741,0.012174788598967694,0.00831047755328058,-0.008656754101895708,-0.6332109292223268,0.7738862420825507,0.0,0.0,0.0,0.0,0.0,0.0
76.08915901184082,0.030710166035931564,-4.025034410182217,0.01401743596910305,0.008632705261884675,-0.008598330102244723,-0.6335832301111787,0.7735785904749424,0.0,0.0,0.0,0.0,0.0,0.0
76.1715202331543,0.033027848764427284,-4.0263091491506025,0.01656686556089204,0.008468771084136843,-0.008517742089918616,-0.6336372746551173,0.7735370270088231,0.0,0.0,0.0,0.0,0.0,0.0
76.26880526542664,0.03145938585424391,-4.028726287142427,0.016372659455887176,0.008299422861624425,-0.008605173462062016,-0.6334471333845856,0.7736936084631325,0.0,0.0,0.0,0.0,0.0,0.0
76.36879420280457,0.03924350398861622,-4.033194591161164,0.01722239133650524,0.00867423634169258,-0.008669799582406065,-0.6334460723731361,0.7736896442334853,0.0,0.0,0.0,0.0,0.0,0.0
76.4808075428009,0.03798556072363308,-4.0287807386264385,0.015076722531934771,0.008451761749045225,-0.008795126799472912,-0.6334690773489148,0.7736718564809201,0.0,0.0,0.0,0.0,0.0,0.0
76.56990361213684,0.034188190500076474,-4.028565738941386,0.016977929475381074,0.008733307522742394,-0.008802789680665543,-0.6333062895388611,0.7738019022101659,0.0,0.0,0.0,0.0,0.0,0.0
76.68570876121521,0.03550346585734227,-4.025142538488429,0.01743792737661328,0.008781108221983388,-0.008754217003604138,-0.6333081201575973,0.7738004140380762,0.0,0.0,0.0,0.0,0.0,0.0
76.77058935165405,0.033681792726771145,-4.023904092436034,0.015774427958233948,0.00875118236425917,-0.008637568527016054,-0.6334838003545554,0.7736582474875574,0.0,0.0,0.0,0.0,0.0,0.0
76.86927485466003,0.031609174088753945,-4.026002679815135,0.01619712492218693,0.008553020474934723,-0.008812902292426995,-0.6332486187954051,0.773850996890003,0.0,0.0,0.0,0.0,0.0,0.0
76.9792366027832,0.028156600899387107,-4.027862229528734,0.01358728330636107,0.00825265170656258,-0.008338753350435782,-0.6332663718218765,0.7738449852857658,0.0,0.0,0.0,0.0,0.0,0.0
77.07957983016968,0.02972550256491891,-4.027796170150987,0.013519039224677815,0.008459260358120262,-0.00852037233594556,-0.6330638034845039,0.774006501837797,0.0,0.0,0.0,0.0,0.0,0.0
77.16883158683777,0.03173121153834925,-4.029540476932963,0.013650884391901388,0.008570588840121103,-0.008441638414995489,-0.6335335338459442,0.7736217068053824,0.0,0.0,0.0,0.0,0.0,0.0
77.27490067481995,0.03208114627352571,-4.029637152714664,0.01479243978511426,0.008514603715553928,-0.008503227282414736,-0.6335840409733062,0.773580286507668,0.0,0.0,0.0,0.0,0.0,0.0
77.37502765655518,0.037739778492244865,-4.029084168082813,0.01741425266826903,0.008844297411980626,-0.00875322448549605,-0.6335333918463836,0.7736152796319439,0.0,0.0,0.0,0.0,0.0,0.0
77.46778273582458,0.041705968713449754,-4.028438297753945,0.01935849967840899,0.00893422785234489,-0.008543078553964476,-0.6336723497793565,0.7735027786030321,0.0,0.0,0.0,0.0,0.0,0.0
77.5732192993164,0.03829600160083486,-4.027623156439947,0.018028811770431367,0.008693830129668002,-0.008863024623729685,-0.6335600521859407,0.7735939014666176,0.0,0.0,0.0,0.0,0.0,0.0
77.67018842697144,0.03634554739461867,-4.025945836633384,0.01678516869423021,0.00889747074749919,-0.00873920563486,-0.6333327219616192,0.7737791187359966,0.0,0.0,0.0,0.0,0.0,0.0
77.77688837051392,0.03564127148628329,-4.026620130843352,0.012435049164779761,0.008373830620395838,-0.008625021186041219,-0.6334762461860399,0.7736687491997625,0.0,0.0,0.0,0.0,0.0,0.0
77.87906408309937,0.03298351948436108,-4.021294333509082,0.010487955075210404,0.008014761264806084,-0.008447268348771917,-0.6332376308502479,0.773869827641883,0.0,0.0,0.0,0.0,0.0,0.0
77.9678122997284,0.03159086717954193,-4.030296390575139,0.01263595202046239,0.008367549654741476,-0.008326865056910406,-0.6336766356120674,0.773507963055631,0.0,0.0,0.0,0.0,0.0,0.0
78.08197808265686,0.03309535031535419,-4.029387063642282,0.014992590035190639,0.008500389070188498,-0.00846227595523878,-0.6331369076827531,0.7739468905559571,0.0,0.0,0.0,0.0,0.0,0.0
78.1827962398529,0.03372669719346675,-4.025768569820216,0.014880915836365777,0.008268732706983369,-0.008059424489783504,-0.6332449979803957,0.7738652636403341,0.0,0.0,0.0,0.0,0.0,0.0
78.26718354225159,0.03501489372264165,-4.028958144323796,0.014881462368922451,0.008645319198438809,-0.008749987096749417,-0.6334666408913312,0.7736722245625849,0.0,0.0,0.0,0.0,0.0,0.0
78.37697768211365,0.031979901668255165,-4.023211081251227,0.013356442823868362,0.008304290270934505,-0.008493964801096276,-0.6336597345892669,0.7735206733406129,0.0,0.0,0.0,0.0,0.0,0.0
78.46970248222351,0.038108944980902254,-4.01907163993518,0.012513879014354879,0.008764568587629256,-0.008835098637654746,-0.6333779838062357,0.7737424978628773,0.0,0.0,0.0,0.0,0.0,0.0
78.56644487380981,0.03590248557163419,-4.024304289861676,0.011636293889717224,0.008255311193195409,-0.008602607069008434,-0.6332467035608659,0.7738581636307891,0.0,0.0,0.0,0.0,0.0,0.0
78.6703999042511,0.03068578340022315,-4.027674557405375,0.011341072214470923,0.008195433944968885,-0.00853748470147621,-0.6336264341099094,0.7735486333868006,0.0,0.0,0.0,0.0,0.0,0.0
78.76644659042358,0.03590532559058544,-4.032997508459558,0.011869267683112122,0.008059504130515887,-0.008437513422307835,-0.63360331266538,0.7735700969788551,0.0,0.0,0.0,0.0,0.0,0.0
78.86494970321655,0.03963939578459091,-4.03523511369517,0.01135528569063363,0.00825778871064789,-0.008584225466440118,-0.6340132874703941,0.773230412819966,0.0,0.0,0.0,0.0,0.0,0.0
78.9684567451477,0.03691907741289181,-4.032383021058046,0.011359425009485702,0.00840294533929733,-0.008760340098405385,-0.6338048797557438,0.7733977122727947,0.0,0.0,0.0,0.0,0.0,0.0
79.062344789505,0.037753559547805945,-4.034275803285882,0.015005901789977308,0.007817913422311137,-0.007960415040936905,-0.6340646578096536,0.7731995355267779,0.0,0.0,0.0,0.0,0.0,0.0
79.16413593292236,0.04083755852220567,-4.028016459565547,0.01504052209166792,0.009019741894598346,-0.00941331179086871,-0.6332414140660524,0.7738445227104148,0.0,0.0,0.0,0.0,0.0,0.0
79.26352906227112,0.038845635109590444,-4.0286655200020896,0.012171791474195701,0.007992145019061116,-0.00854204896632647,-0.6338451517511643,0.7733715036248722,0.0,0.0,0.0,0.0,0.0,0.0
79.36576581001282,0.037883077505248254,-4.029430083152366,0.009237708004967456,0.008736911697813965,-0.008971318058585193,-0.6336944670681426,0.7734820645842413,0.0,0.0,0.0,0.0,0.0,0.0
79.4762032032013,0.03565999210622218,-4.027428691010296,0.010814974399565585,0.008182231850422796,-0.008656799323170209,-0.6336548621738972,0.773524160289002,0.0,0.0,0.0,0.0,0.0,0.0
79.56363892555237,0.03656162218821201,-4.025588423639009,0.010746147782513971,0.008490591835330016,-0.009025520588894846,-0.6335325606786044,0.7736167942776305,0.0,0.0,0.0,0.0,0.0,0.0
79.66827368736267,0.031239669682991165,-4.022602911858187,0.01174004755751897,0.008268674089717716,-0.008393576048314998,-0.6332483213347985,0.7738589926056176,0.0,0.0,0.0,0.0,0.0,0.0
79.76403403282166,0.0322600577051054,-4.027067846652452,0.011004872138539486,0.00802687350145676,-0.008798568905206286,-0.6336385338459395,0.7735375639958173,0.0,0.0,0.0,0.0,0.0,0.0
79.8720371723175,0.032499371546549874,-4.02665508549025,0.013830206286179985,0.008577061418088524,-0.008410736517488034,-0.6335386053297042,0.7736178184902155,0.0,0.0,0.0,0.0,0.0,0.0
79.96557879447937,0.033255736062062405,-4.025909787422482,0.016749712301397882,0.00846180294725854,-0.008513946096181923,-0.6333972871210317,0.773733666890923,0.0,0.0,0.0,0.0,0.0,0.0
80.06399059295654,0.03532460977366099,-4.026650484756807,0.0144796497757271,0.008175697606616579,-0.008543430438376388,-0.6334653353852467,0.7736807071591291,0.0,0.0,0.0,0.0,0.0,0.0
80.17630863189697,0.035143693767317005,-4.025651048073946,0.011622776100036956,0.008361802091544343,-0.009173709609211027,-0.6332652594473209,0.7738352760729559,0.0,0.0,0.0,0.0,0.0,0.0
80.26844477653503,0.035438497144535744,-4.021881426227602,0.012292575297127012,0.008158435166016952,-0.008440659117886948,-0.6333914016332641,0.7737425460360507,0.0,0.0,0.0,0.0,0.0,0.0
80.3643126487732,0.036113349401961856,-4.020799921477824,0.0125757338573069,0.008324711982412327,-0.008000295576572598,-0.6334743548109805,0.7736775402180885,0.0,0.0,0.0,0.0,0.0,0.0
80.46326208114624,0.03566057320666581,-4.023080205619798,0.0128750704943861,0.008526220464040786,-0.008688673675464921,-0.6336629277763189,0.7735134804748436,0.0,0.0,0.0,0.0,0.0,0.0
80.56353950500488,0.0357361449809843,-4.024473453394375,0.013032645932302177,0.008541596525084082,-0.00865557485879103,-0.6334154655225018,0.7737163370315902,0.0,0.0,0.0,0.0,0.0,0.0
80.66756176948547,0.03790088060211525,-4.022031315597362,0.013838614586096315,0.008566004313032402,-0.008568567887509189,-0.633591994621697,0.7735724837180853,0.0,0.0,0.0,0.0,0.0,0.0
80.76587796211243,0.035137128613645464,-4.021369991596554,0.012649044143493193,0.00879905422180793,-0.008610509429439134,-0.6336537205907365,0.7735188414988261,0.0,0.0,0.0,0.0,0.0,0.0
80.87202215194702,0.03583898678249317,-4.024190073657559,0.012872677407691487,0.008358300831578134,-0.008732525936040573,-0.633493704353873,0.7736534161638502,0.0,0.0,0.0,0.0,0.0,0.0
80.96286964416504,0.035367171943549526,-4.029367323372236,0.01220809537017023,0.008413185507342526,-0.008915991309772789,-0.6333323675482302,0.7737828090778055,0.0,0.0,0.0,0.0,0.0,0.0
81.06393146514893,0.035835290947995896,-4.025728390206087,0.012213051030290242,0.00828307021009547,-0.008341124184908563,-0.6334711794469833,0.7736769876410161,0.0,0.0,0.0,0.0,0.0,0.0
81.17512702941895,0.03446970327436266,-4.028547448029311,0.011014466889266767,0.00824878221177143,-0.008614662923382073,-0.6335819063102609,0.7735836820738902,0.0,0.0,0.0,0.0,0.0,0.0
81.26185464859009,0.030308002413418383,-4.028367376428911,0.010622209632791877,0.008065764093951856,-0.00875618295146219,-0.6333843063279492,0.7737458195086846,0.0,0.0,0.0,0.0,0.0,0.0
81.36115169525146,0.03292201085995378,-4.029135522680395,0.011117947097145076,0.008206082762389669,-0.00830425941110408,-0.6336497475318694,0.7735319624515398,0.0,0.0,0.0,0.0,0.0,0.0
81.46093392372131,0.032316441060483855,-4.030896399492327,0.011272961151618759,0.00816097946873246,-0.00814229639264592,-0.6337475313681042,0.7734540502889625,0.0,0.0,0.0,0.0,0.0,0.0
81.56301736831665,0.03467629794207056,-4.025150408244729,0.012386692699180097,0.008429035293199954,-0.008892845780978672,-0.6338611824498132,0.7733497721220769,0.0,0.0,0.0,0.0,0.0,0.0
81.66147994995117,0.03579177813769044,-4.023105125361119,0.013355590130075591,0.008632207411696138,-0.008796003226141656,-0.6337103807089559,0.7734722158579194,0.0,0.0,0.0,0.0,0.0,0.0
81.77446556091309,0.03727654733842106,-4.023477282638335,0.009522640861680727,0.007918915649825328,-0.008828999600222659,-0.6334602600199096,0.7736843274336772,0.0,0.0,0.0,0.0,0.0,0.0
81.86409139633179,0.037501059697647755,-4.029280730333537,0.011520340615838929,0.008699685624688326,-0.008944208902177314,-0.6333739254367375,0.7737452986442026,0.0,0.0,0.0,0.0,0.0,0.0
81.96152782440186,0.03633148564725795,-4.026982357576143,0.01610340407257667,0.008519109117934976,-0.00826492038485913,-0.6332190369206729,0.7738816234748866,0.0,0.0,0.0,0.0,0.0,0.0
82.07735276222229,0.034523044700911346,-4.020878135940946,0.016490636572839633,0.00804078439234929,-0.0080914612222256,-0.6322725764330449,0.7746620315546425,0.0,0.0,0.0,0.0,0.0,0.0
82.16423106193542,0.03496110604363278,-4.016789301604861,0.014910733849866244,0.008297191805043031,-0.00870428026874436,-0.6318280621214845,0.7750152850292467,0.0,0.0,0.0,0.0,0.0,0.0
82.26098155975342,0.03546541603724674,-4.018559147765437,0.015888111976083256,0.008185615795664245,-0.008589224969692723,-0.6330775623862596,0.7739974295251493,0.0,0.0,0.0,0.0,0.0,0.0
82.36070084571838,0.034031418187891134,-4.0202783635088695,0.015187892002338768,0.008409357859976228,-0.008385962444937651,-0.6319926670321278,0.7748833635792385,0.0,0.0,0.0,0.0,0.0,0.0
82.46756148338318,0.033341263551175254,-4.019167319425829,0.013321976429769108,0.007934554518395984,-0.008309806694186368,-0.6321177669908778,0.7747871440671736,0.0,0.0,0.0,0.0,0.0,0.0
82.56338334083557,0.03389627589002638,-4.023309641796406,0.01106873073234015,0.008486142832026084,-0.008717089492743515,-0.632500651207324,0.7744642819090639,0.0,0.0,0.0,0.0,0.0,0.0
82.66093111038208,0.03825052728956916,-4.022958907505738,0.011606783212291132,0.008252740843243019,-0.008947397688929786,-0.6320119927098551,0.774863005578463,0.0,0.0,0.0,0.0,0.0,0.0
82.7681667804718,0.036844184715734044,-4.023531148876881,0.012146455657470944,0.00849714121723944,-0.008287096222432249,-0.6330537424197462,0.7740168485476842,0.0,0.0,0.0,0.0,0.0,0.0
82.8615026473999,0.03705994489595508,-4.022824419987873,0.012138970771844436,0.00840872466991855,-0.008951919742664814,-0.6328587730292955,0.7741698327125655,0.0,0.0,0.0,0.0,0.0,0.0
82.96902585029602,0.03568963153122096,-4.022403575897809,0.013491306261966048,0.00889475640242754,-0.009147321967225097,-0.63337058489215,0.7737434406847951,0.0,0.0,0.0,0.0,0.0,0.0
83.0662112236023,0.031580664606202215,-4.018222153687507,0.01747724557328246,0.008333237740958309,-0.008021546646796707,-0.6334625926147205,0.773686858939702,0.0,0.0,0.0,0.0,0.0,0.0
83.15974140167236,0.02996662376680173,-4.0223221852385675,0.01657030482636646,0.007957090424127192,-0.008277276136308106,-0.6333355435394755,0.7737921301624244,0.0,0.0,0.0,0.0,0.0,0.0
83.260262966156,0.0352134850416925,-4.024406391532212,0.016724952763267725,0.008667769982966925,-0.00888039630912835,-0.6334314618731436,0.7736992900566522,0.0,0.0,0.0,0.0,0.0,0.0
83.36181998252869,0.036830652861296526,-4.023834250691691,0.018042273092110563,0.009048827066243261,-0.008699264492057362,-0.6329907389204174,0.7740575986107282,0.0,0.0,0.0,0.0,0.0,0.0
83.46096539497375,0.03943607842461027,-4.02065537133183,0.01836749207786303,0.008999068472776239,-0.008933104165505577,-0.6328831949222823,0.7741434479484767,0.0,0.0,0.0,0.0,0.0,0.0
83.56298995018005,0.038497956632560254,-4.022852673718896,0.016344813344507683,0.00882175691669175,-0.00925388045871169,-0.6329434962664346,0.7740924187946688,0.0,0.0,0.0,0.0,0.0,0.0
83.6670093536377,0.04201134008501696,-4.022200726444216,0.01548442571569125,0.008903852128864787,-0.008866545356998488,-0.6329669383444743,0.7740768442173703,0.0,0.0,0.0,0.0,0.0,0.0
83.76949763298035,0.04028490068482252,-4.02172667081888,0.01857496043578276,0.009113632765430207,-0.008458543948113514,-0.6326343575724982,0.7743508018662654,0.0,0.0,0.0,0.0,0.0,0.0
83.8602077960968,0.035190086695894886,-4.0245697283795385,0.016232674206684207,0.008655175506592748,-0.00863760768885412,-0.6334558746098472,0.7736821922421622,0.0,0.0,0.0,0.0,0.0,0.0
83.95949959754944,0.03473003254986379,-4.025366417919202,0.018626097849125372,0.00829478898803489,-0.008088347093667122,-0.6334253757259527,0.7737170467964195,0.0,0.0,0.0,0.0,0.0,0.0
84.05916333198547,0.03900334173186171,-4.023853271441403,0.01809484370887462,0.008803119999841577,-0.008671563031015564,-0.6333157720306593,0.7737948319613399,0.0,0.0,0.0,0.0,0.0,0.0
84.16166734695435,0.039532496458376094,-4.0246874910135615,0.018593378876275185,0.00883880509449598,-0.008379790456355188,-0.6330922577784044,0.7739805215749638,0.0,0.0,0.0,0.0,0.0,0.0
84.26034879684448,0.03846305359108003,-4.025509175520014,0.015850339105785545,0.008710347838375838,-0.009053892903768618,-0.6326395404973026,0.774344476743513,0.0,0.0,0.0,0.0,0.0,0.0
84.36088609695435,0.042552933992920754,-4.01932930732821,0.01644479455494328,0.008902407642074043,-0.008772304486776695,-0.6323030337472385,0.7746203375371744,0.0,0.0,0.0,0.0,0.0,0.0
84.47012734413147,0.04241093297748118,-4.021896597948587,0.01795117050250092,0.008417355665722624,-0.008689048568061783,-0.6345189288223497,0.7728126406346617,0.0,0.0,0.0,0.0,0.0,0.0
84.56669425964355,0.04032295688155993,-4.02741449866556,0.011970268158450864,0.008089071031492796,-0.00860075917055187,-0.632515451076829,0.774457744502962,0.0,0.0,0.0,0.0,0.0,0.0
84.66630625724792,0.038576291598513834,-4.025327278416955,0.010696842845130885,0.008340836548278566,-0.008874893739088846,-0.6329497688101389,0.7740970590759199,0.0,0.0,0.0,0.0,0.0,0.0
84.76293444633484,0.04030860233529291,-4.029645052374873,0.011042474210757044,0.008719405500367114,-0.008449481320761825,-0.6329154520778756,0.7741257060414611,0.0,0.0,0.0,0.0,0.0,0.0
84.8601291179657,0.03801525904080976,-4.027752992417968,0.011657066687626698,0.008296933726536004,-0.00843299928351727,-0.6332791678715165,0.7738330187797514,0.0,0.0,0.0,0.0,0.0,0.0
84.96237897872925,0.03749553376508359,-4.02471753495088,0.01125786661413714,0.008480890319361308,-0.008674048872806017,-0.6323832042172985,0.7745607260889285,0.0,0.0,0.0,0.0,0.0,0.0
85.0623128414154,0.03939767171492911,-4.022604213518532,0.011163513257357852,0.008497152855033668,-0.009342103672507374,-0.6329398017755836,0.7740980111204383,0.0,0.0,0.0,0.0,0.0,0.0
85.16899704933167,0.035555071159495556,-4.022027566874397,0.01126263268711247,0.008244042159261611,-0.008263869408420506,-0.6331380259168591,0.7739508927376348,0.0,0.0,0.0,0.0,0.0,0.0
85.26074719429016,0.03546956279120745,-4.017963890152033,0.0125194672175554,0.008656967446247157,-0.008197670602590194,-0.6331783211527396,0.7739141223246455,0.0,0.0,0.0,0.0,0.0,0.0
85.36616921424866,0.03540813762331566,-4.01855368953625,0.01439805932742381,0.00884101039815866,-0.009076245700261477,-0.6334355089801067,0.7736917436952808,0.0,0.0,0.0,0.0,0.0,0.0
85.46423196792603,0.03496829490657883,-4.01776753103853,0.014072097409665583,0.008531188873330047,-0.008562802518466816,-0.633031088831145,0.7740320005030122,0.0,0.0,0.0,0.0,0.0,0.0
85.56276655197144,0.03418766397443637,-4.018932861598423,0.013162262436736419,0.008936617695556355,-0.009007283838034045,-0.6324111658097432,0.7745289685100155,0.0,0.0,0.0,0.0,0.0,0.0
85.66020941734314,0.03316138473259434,-4.019890107347678,0.013052503554849973,0.0083387470473662,-0.008519939630700385,-0.6335024296810425,0.7736488528490085,0.0,0.0,0.0,0.0,0.0,0.0
85.76030921936035,0.0348429972930689,-4.026164713201888,0.013932045150005352,0.008281112938832524,-0.008532193929885771,-0.6331685297277864,0.7739226303692075,0.0,0.0,0.0,0.0,0.0,0.0
85.87132501602173,0.031936322120528035,-4.02089003683205,0.012748002141149566,0.008423608403472324,-0.008407199578861256,-0.6329997002742042,0.7740605540069047,0.0,0.0,0.0,0.0,0.0,0.0
85.97443127632141,0.03300973618963418,-4.020694160906127,0.014149748091744343,0.008858890488389481,-0.006913047460109759,-0.633229677619037,0.7738823587707773,0.0,0.0,0.0,0.0,0.0,0.0
86.0701699256897,0.037748232063350824,-4.023929011312612,0.013144356494327075,0.008210489152402464,-0.008055661306864878,-0.632724158571313,0.7742918269935523,0.0,0.0,0.0,0.0,0.0,0.0
86.16176223754883,0.04053899076147616,-4.025169627833331,0.010471553696992694,0.008947166667311619,-0.008776778566200447,-0.6328600433921615,0.7741647640162268,0.0,0.0,0.0,0.0,0.0,0.0
86.26062846183777,0.040139767592688586,-4.0274634703343954,0.008302320078108444,0.00819915450045535,-0.008471138668368487,-0.6326349351525983,0.7743604151166352,0.0,0.0,0.0,0.0,0.0,0.0
86.36076521873474,0.03897292310701597,-4.023472538016866,0.00950944375012744,0.008471472673706308,-0.008389794779750251,-0.6335471486830474,0.7736122128624093,0.0,0.0,0.0,0.0,0.0,0.0
86.46178436279297,0.03679008478432189,-4.023076319757576,0.00971140341988545,0.00818027637260507,-0.008615977800816596,-0.6330158688934142,0.7740476456485865,0.0,0.0,0.0,0.0,0.0,0.0
86.5610818862915,0.03312409145774541,-4.01840904533264,0.010011364705356166,0.008480102357408799,-0.008663700339014408,-0.6326626740299035,0.7743325958848534,0.0,0.0,0.0,0.0,0.0,0.0
86.66609597206116,0.031818850620729915,-4.0229418092735765,0.011755153040849215,0.008252598306399175,-0.008198781136280453,-0.6336012127849642,0.773572348113927,0.0,0.0,0.0,0.0,0.0,0.0
86.78159713745117,0.029478217048775592,-4.020464363696328,0.01215730856873286,0.008479947761376998,-0.00803219338821602,-0.6324409875499939,0.7745204785040403,0.0,0.0,0.0,0.0,0.0,0.0
86.87205719947815,0.036106392766933414,-4.023245780493814,0.011976142232107898,0.008603995552898397,-0.008510499049872321,-0.6319818971568587,0.774888652860826,0.0,0.0,0.0,0.0,0.0,0.0
86.96248769760132,0.03860282493877638,-4.0242774227103,0.013138247126407975,0.007603655192570028,-0.009289523448334355,-0.6307837978616392,0.7758657677311597,0.0,0.0,0.0,0.0,0.0,0.0
87.05995154380798,0.03883897357012438,-4.023168621662844,0.015846677938528318,0.008821982055725224,-0.008998682919905103,-0.6347044866081135,0.7726521927865385,0.0,0.0,0.0,0.0,0.0,0.0
87.15969276428223,0.03889496173401942,-4.023598714118681,0.017828708142100403,0.008268004364833055,-0.008855787308799256,-0.6324901977341294,0.7744736050410016,0.0,0.0,0.0,0.0,0.0,0.0
87.25949454307556,0.036448654095301784,-4.024162851702391,0.01708235139816189,0.00855448930388949,-0.008478880573787269,-0.632708119846928,0.7742966901496668,0.0,0.0,0.0,0.0,0.0,0.0
87.37136793136597,0.03439946858158443,-4.030096841788999,0.017752287866452887,0.008963987164391344,-0.008928337633629907,-0.6320399915969029,0.7748324856015021,0.0,0.0,0.0,0.0,0.0,0.0
87.46550369262695,0.0316310266895898,-4.033632208229817,0.016761529902963472,0.008491632993055278,-0.008321037441836472,-0.6329645691086674,0.7740894694788713,0.0,0.0,0.0,0.0,0.0,0.0
87.56562519073486,0.032595205620252844,-4.0284845523505375,0.012757560657616015,0.008499446470922606,-0.008479256580322022,-0.632605185908236,0.7743813920669437,0.0,0.0,0.0,0.0,0.0,0.0
87.67345476150513,0.03559734285985668,-4.024223100400609,0.012455964778170838,0.008458898037132503,-0.008672595439530391,-0.6327973331113104,0.774222686531176,0.0,0.0,0.0,0.0,0.0,0.0
87.7660174369812,0.03489851876579082,-4.023477174580898,0.013493309846901483,0.008759565962037733,-0.008559764571530803,-0.6329018442051257,0.7741351665157615,0.0,0.0,0.0,0.0,0.0,0.0
87.86737751960754,0.03438507991386589,-4.024134071352806,0.013479267809004004,0.008334849135284777,-0.008505621640731442,-0.632874565001295,0.7741627539896354,0.0,0.0,0.0,0.0,0.0,0.0
87.96313381195068,0.03585320500591035,-4.023948793509676,0.012373521277707595,0.008878869105004322,-0.008651865229174658,-0.6329803513647615,0.7740685923725451,0.0,0.0,0.0,0.0,0.0,0.0
88.06718635559082,0.03851435474755104,-4.024015772502744,0.01589496090903074,0.008926396400519555,-0.008513414138885164,-0.6331970067003725,0.7738923645654392,0.0,0.0,0.0,0.0,0.0,0.0
88.17099380493164,0.03765522957442546,-4.0258569108905,0.014727117027900843,0.008548037572836025,-0.00854650590657087,-0.6330898377185601,0.7739839440633938,0.0,0.0,0.0,0.0,0.0,0.0
88.27366805076599,0.03524155784956178,-4.022657258310333,0.01678197064150302,0.008723686534139812,-0.008219456353249471,-0.6333589878663733,0.7737652940778562,0.0,0.0,0.0,0.0,0.0,0.0
88.36585712432861,0.03557233963275147,-4.018487349519863,0.01771140668588592,0.008911374524288793,-0.00884413687441308,-0.6336993287135304,0.7734775558702736,0.0,0.0,0.0,0.0,0.0,0.0
88.46246671676636,0.03818147917242119,-4.024269584109268,0.015533232230564319,0.00890279786008608,-0.008892387764382175,-0.6336579867974785,0.7735109704444235,0.0,0.0,0.0,0.0,0.0,0.0
88.56661105155945,0.03869300140238488,-4.029729206500894,0.01683870762676365,0.008755687085897693,-0.00800183616309292,-0.6326215031607036,0.7743702875888004,0.0,0.0,0.0,0.0,0.0,0.0
88.66499280929565,0.040096234969082684,-4.028955080788978,0.017320096084956157,0.008755468725338557,-0.008197154740653677,-0.6334286256790799,0.7737081650027138,0.0,0.0,0.0,0.0,0.0,0.0
88.77878713607788,0.03864429532648681,-4.031612716481415,0.01614664037208273,0.00829547444074261,-0.008411518299989979,-0.6331368213432972,0.7739497379823798,0.0,0.0,0.0,0.0,0.0,0.0
88.87097525596619,0.03364705004049307,-4.028659905382441,0.015749127001138584,0.008497427547704814,-0.00857875705401866,-0.6330192393570522,0.7740418859831137,0.0,0.0,0.0,0.0,0.0,0.0
88.96427083015442,0.03147769756815933,-4.024754950205201,0.012607509413919363,0.008329541603102461,-0.00847059548895884,-0.63225140602001,0.774672206377938,0.0,0.0,0.0,0.0,0.0,0.0
89.0658049583435,0.027439813473406585,-4.02552797566387,0.012876645999297774,0.008468600448974115,-0.008485765161948489,-0.632809457093532,0.7742147412759833,0.0,0.0,0.0,0.0,0.0,0.0
89.1671814918518,0.02418722407302026,-4.026116234125966,0.00822278726054545,0.007467351217247414,-0.008174105890353446,-0.6325051511371372,0.7744770212496139,0.0,0.0,0.0,0.0,0.0,0.0
89.26267337799072,0.031335982382183505,-4.021429995732051,0.010869441238225275,0.00838979984454918,-0.008265661704544574,-0.6326497540281668,0.7743484866797709,0.0,0.0,0.0,0.0,0.0,0.0
89.3757426738739,0.03393284086926382,-4.020366175742414,0.01296770090477226,0.008351982930979685,-0.008065223081411525,-0.6323664010557023,0.7745824238734206,0.0,0.0,0.0,0.0,0.0,0.0
89.46530365943909,0.027701395545496294,-4.02230975544756,0.011259484336671306,0.0081757194413792,-0.008884470672288366,-0.6334135977917511,0.7737192242183181,0.0,0.0,0.0,0.0,0.0,0.0
89.5639100074768,0.026642098468164413,-4.028538836542975,0.011031024612712971,0.008786794974188647,-0.008346807419788226,-0.630821011389169,0.7758337287266659,0.0,0.0,0.0,0.0,0.0,0.0
89.66289186477661,0.028394035928050395,-4.026988872349586,0.01161556740937009,0.008372536096968294,-0.008286576110250491,-0.6318268097230206,0.7750200744567209,0.0,0.0,0.0,0.0,0.0,0.0
89.76669836044312,0.03405513074176023,-4.0258287613351404,0.014865771710701997,0.008295729181875672,-0.008126367558277186,-0.6311428515038077,0.7755796825750971,0.0,0.0,0.0,0.0,0.0,0.0
89.87567043304443,0.03274856236946698,-4.020371090872509,0.013407433005646462,0.008820544624444395,-0.008913035856737842,-0.6339871102539797,0.7732419413198887,0.0,0.0,0.0,0.0,0.0,0.0
89.96515488624573,0.03348556979069311,-4.016376170759522,0.012901320796254232,0.008495995938919351,-0.008562791134897134,-0.635451905892036,0.7720462239783072,0.0,0.0,0.0,0.0,0.0,0.0
90.06358909606934,0.03165225479239046,-4.016245645934876,0.013178172887910101,0.008281145453242697,-0.008364902924623772,-0.6344285011584946,0.7728919251401375,0.0,0.0,0.0,0.0,0.0,0.0
90.16494297981262,0.031430015305869134,-4.0226978240849425,0.013091765524744458,0.00800337935411242,-0.008620815632340526,-0.634732539779791,0.7726423690178019,0.0,0.0,0.0,0.0,0.0,0.0
90.26545095443726,0.03377351154144637,-4.025367059378913,0.012885992471196104,0.008357643207817705,-0.008969233409727708,-0.6342616678253585,0.7730212412213814,0.0,0.0,0.0,0.0,0.0,0.0
90.37189650535583,0.034723904401968916,-4.029400565725662,0.0154324750482705,0.008612607875132943,-0.00822800772022045,-0.6341078174180442,0.7731528948169745,0.0,0.0,0.0,0.0,0.0,0.0
90.46598291397095,0.03939763378036403,-4.024968692637914,0.01812162824473198,0.008713602124162135,-0.009118423562051475,-0.6339708624256005,0.7732540805486274,0.0,0.0,0.0,0.0,0.0,0.0
90.56284356117249,0.03864690067823159,-4.02171769139253,0.017236661232378138,0.008958245406936561,-0.009298273195875251,-0.6351718791267755,0.7722628930107693,0.0,0.0,0.0,0.0,0.0,0.0
90.66208052635193,0.03699535481590687,-4.0223414059213525,0.01682256117342441,0.009103636166262226,-0.008566917235077276,-0.629749606149541,0.7766976022186086,0.0,0.0,0.0,0.0,0.0,0.0
90.76241660118103,0.0335682248484719,-4.020951304620334,0.014985578245548904,0.008760288486758198,-0.00824043396059485,-0.6294239102508362,0.7769690430115701,0.0,0.0,0.0,0.0,0.0,0.0
90.86768746376038,0.03127143044738848,-4.024580827876142,0.01155012681890835,0.008377424093576034,-0.008595257459598967,-0.6298821531679865,0.7765979741379824,0.0,0.0,0.0,0.0,0.0,0.0
90.96478223800659,0.031557873060331115,-4.026642629146796,0.011066287359938662,0.00837226343094154,-0.008686809314499215,-0.629354003935,0.7770250847173199,0.0,0.0,0.0,0.0,0.0,0.0
91.06982827186584,0.03189288035279219,-4.0256835052105355,0.013654703471371273,0.008963652293026718,-0.008826218057778754,-0.6294442736857011,0.7769437927782449,0.0,0.0,0.0,0.0,0.0,0.0
91.16338658332825,0.035009719104862315,-4.025888690224684,0.01646763560618413,0.00880737007314752,-0.009089059348791236,-0.6294830560021254,0.7769111284045114,0.0,0.0,0.0,0.0,0.0,0.0
91.27456283569336,0.03446037981578849,-4.027701459345744,0.015903035428471452,0.00833402399950877,-0.008448100610289406,-0.6296955573750953,0.7767513621887763,0.0,0.0,0.0,0.0,0.0,0.0
91.37747621536255,0.03425013262653839,-4.027572597509261,0.014631712757715363,0.008736411051082185,-0.008795060244822284,-0.6294831085547695,0.776915270850984,0.0,0.0,0.0,0.0,0.0,0.0
91.46357107162476,0.03283237574954772,-4.023102529362583,0.01588657913041446,0.00853909419833722,-0.008498887573641013,-0.6295449413952828,0.7768706581818426,0.0,0.0,0.0,0.0,0.0,0.0
91.56588554382324,0.026334469520967758,-4.024414087640376,0.014880595337038434,0.007935957786067696,-0.008007682127313164,-0.6295580770388861,0.776871627256436,0.0,0.0,0.0,0.0,0.0,0.0
91.6699767112732,0.025376250597233026,-4.028413108176111,0.01305658911973831,0.008583864130093976,-0.008490506779028817,-0.6296091040722017,0.7768182571493975,0.0,0.0,0.0,0.0,0.0,0.0
91.76274585723877,0.028890153174189675,-4.024680788556858,0.01397050806876861,0.008787938092535452,-0.008774478532033551,-0.6295915635344799,0.7768270359589567,0.0,0.0,0.0,0.0,0.0,0.0
91.86166381835938,0.029710355668297734,-4.022265775393177,0.014405384099825278,0.008450246968372445,-0.008420716354961768,-0.6293592939791122,0.7770228850840579,0.0,0.0,0.0,0.0,0.0,0.0
91.96339321136475,0.02977732636112947,-4.0260319874394455,0.014267297922832883,0.00879944732206454,-0.008772648055953028,-0.6299085650343792,0.7765699003111309,0.0,0.0,0.0,0.0,0.0,0.0
92.06406664848328,0.036347089531445574,-4.024636766678708,0.014827117148851897,0.0085933575686048,-0.008595399298417955,-0.6282726720601545,0.7778982728217034,0.0,0.0,0.0,0.0,0.0,0.0
92.16385102272034,0.0375032578770079,-4.021338733467244,0.014863309827131705,0.008829942114590018,-0.00880075221986028,-0.6293819498792943,0.7769961004076865,0.0,0.0,0.0,0.0,0.0,0.0
92.27129793167114,0.034535264416214705,-4.026718387386924,0.013617843064648145,0.008236283178512143,-0.008609393300729257,-0.6289849321533513,0.7773261845007131,0.0,0.0,0.0,0.0,0.0,0.0
92.36220121383667,0.03479545335884815,-4.027012896814585,0.012329253425460592,0.00839096584562322,-0.00895395775134878,-0.6292273688438366,0.7771244022874478,0.0,0.0,0.0,0.0,0.0,0.0
92.46285009384155,0.03311091508416224,-4.02446041131713,0.014324637126386658,0.008843786321284016,-0.008602223850510418,-0.629432714304652,0.7769570434402433,0.0,0.0,0.0,0.0,0.0,0.0
92.57369327545166,0.03416781474041703,-4.025432629590091,0.015495639632214144,0.008553829539100076,-0.008467345259001514,-0.629121467174362,0.7772138158865004,0.0,0.0,0.0,0.0,0.0,0.0
92.66360712051392,0.02820104979012222,-4.025430646414563,0.012870331631239679,0.007723553250813213,-0.008313650784555364,-0.6304712169123876,0.7761296763948817,0.0,0.0,0.0,0.0,0.0,0.0
92.76172161102295,0.025812714351529813,-4.026936397749034,0.013776826107778105,0.008201815773165307,-0.008239439247753083,-0.630132152300829,0.7764008710039083,0.0,0.0,0.0,0.0,0.0,0.0
92.86131381988525,0.02908165242799422,-4.022498392452388,0.016095967237875746,0.008399609929776175,-0.008323281858264723,-0.6294278663396853,0.7769689379937937,0.0,0.0,0.0,0.0,0.0,0.0
92.96696066856384,0.029596836911923347,-4.024632284132166,0.01694832750878646,0.00845209027039491,-0.008302300075643289,-0.6299004725661506,0.7765854934548109,0.0,0.0,0.0,0.0,0.0,0.0
93.06248807907104,0.029590449727032755,-4.024514118365772,0.018074368144457034,0.008954546034664107,-0.008608899754177368,-0.6295725499577461,0.7768423953994995,0.0,0.0,0.0,0.0,0.0,0.0
93.16657328605652,0.029004736534861682,-4.019285533914632,0.018002632222923982,0.00861353511295246,-0.00822947092241537,-0.6293671335008009,0.7770167913823842,0.0,0.0,0.0,0.0,0.0,0.0
93.2629406452179,0.029867313732486057,-4.020847830202803,0.01733483578432565,0.008762966964842616,-0.008797656404847424,-0.6293953083974516,0.7769860728604003,0.0,0.0,0.0,0.0,0.0,0.0
93.36236596107483,0.030243551074045708,-4.029213432652678,0.015047308512075338,0.00860485790272924,-0.00871367730135149,-0.6295097722303392,0.7768960515505685,0.0,0.0,0.0,0.0,0.0,0.0
93.47661566734314,0.031854657147629875,-4.03286732551867,0.01361552366757396,0.008570232331002877,-0.008241256696877305,-0.6297114999796984,0.7767380894478928,0.0,0.0,0.0,0.0,0.0,0.0
93.56275129318237,0.03082061352328703,-4.0299659663467,0.013537990040761639,0.00875535343802195,-0.008546951058716671,-0.6305310804077192,0.7760675550837345,0.0,0.0,0.0,0.0,0.0,0.0
93.66072535514832,0.03285281965448085,-4.026909440688454,0.011994886648339581,0.008461705607992646,-0.009043585958645644,-0.6300082868232153,0.776489646824274,0.0,0.0,0.0,0.0,0.0,0.0
93.77836656570435,0.031137399020871655,-4.019753246680033,0.0138773648899519,0.008320632908808892,-0.008433577644168444,-0.6293841834470517,0.7770039842000817,0.0,0.0,0.0,0.0,0.0,0.0
93.87939596176147,0.030155460777103623,-4.015018387134169,0.01594855039803712,0.008040206051375433,-0.007694898588949822,-0.6297625862090834,0.776707942944837,0.0,0.0,0.0,0.0,0.0,0.0
93.96072578430176,0.027873574312806935,-4.021866560302005,0.01510637261109632,0.008532986004905041,-0.008386444359787672,-0.6296499487483298,0.7767868418955494,0.0,0.0,0.0,0.0,0.0,0.0
94.06283211708069,0.030046856804757143,-4.023940011749182,0.013180769490641711,0.008298921158438369,-0.008421732980689123,-0.6300288540202365,0.7764817096513933,0.0,0.0,0.0,0.0,0.0,0.0
94.16284155845642,0.033650634235298994,-4.021923682773774,0.015255738089138226,0.008551616089990794,-0.008223518348586204,-0.6296489932355231,0.7767891534552391,0.0,0.0,0.0,0.0,0.0,0.0
94.26200199127197,0.030058684261575878,-4.02505741754164,0.014683803387509796,0.008241320924311464,-0.008569892381535304,-0.6300299018496635,0.7764798518630665,0.0,0.0,0.0,0.0,0.0,0.0
94.36277413368225,0.02853568571879419,-4.024844652612391,0.015063737629218378,0.008374527790490029,-0.00818728239544436,-0.6296874708633176,0.7767602749426734,0.0,0.0,0.0,0.0,0.0,0.0
94.46327590942383,0.028786790802651938,-4.030193088124102,0.016690360507153973,0.00823770619859686,-0.008475878836144207,-0.6304057189315937,0.7761758365298911,0.0,0.0,0.0,0.0,0.0,0.0
94.5628182888031,0.026253477953875698,-4.025704110415555,0.01706507294954251,0.008479399562432032,-0.008216294321838418,-0.6292286692296255,0.7771305386549848,0.0,0.0,0.0,0.0,0.0,0.0
94.66176795959473,0.024419190720878777,-4.02888643468555,0.015261450711276848,0.008005885102303267,-0.007963734021865322,-0.6292496833460427,0.777121175077,0.0,0.0,0.0,0.0,0.0,0.0
94.77023959159851,0.03250859273703533,-4.028954051848317,0.01600063547417316,0.008909269532891164,-0.00842733867733769,-0.6283933184426662,0.7777991014496074,0.0,0.0,0.0,0.0,0.0,0.0
94.8643491268158,0.0332887501648461,-4.028197428087391,0.014139690582197214,0.008397734421665482,-0.008544637293801862,-0.629549580025129,0.7768679382754052,0.0,0.0,0.0,0.0,0.0,0.0
94.9636778831482,0.032730356079652134,-4.028612013273564,0.015270168097305527,0.009105957615193104,-0.008249620286078634,-0.6306403608622471,0.7759779381867598,0.0,0.0,0.0,0.0,0.0,0.0
95.06545233726501,0.034744186149644474,-4.030874626924288,0.014167326071080788,0.00873955321657619,-0.009003420934055036,-0.630019333743548,0.7764780729231114,0.0,0.0,0.0,0.0,0.0,0.0
95.16243505477905,0.0358926820147534,-4.027217486590879,0.0156981866251483,0.008944170847234695,-0.009133376359966616,-0.6298852977884836,0.7765829607157437,0.0,0.0,0.0,0.0,0.0,0.0
95.28507328033447,0.03377932236690218,-4.023511194388803,0.016034010939430476,0.009272199918184967,-0.009038306479899309,-0.6296599742568596,0.7767629317517006,0.0,0.0,0.0,0.0,0.0,0.0
95.36423087120056,0.03415906050813068,-4.024005303784272,0.014953899514034667,0.008655214909441655,-0.009007814687862128,-0.6297271840048074,0.7767159199184661,0.0,0.0,0.0,0.0,0.0,0.0
95.4641375541687,0.03417935092226438,-4.019362108506569,0.015526904991759747,0.008663579662345603,-0.008775784997539197,-0.6295172341345017,0.776888653484366,0.0,0.0,0.0,0.0,0.0,0.0
95.56370258331299,0.028101890902697307,-4.017980124540769,0.017582430121785522,0.008446815176083705,-0.00802426515694124,-0.6292904842005618,0.7770828456327472,0.0,0.0,0.0,0.0,0.0,0.0
95.66381859779358,0.02997020015127305,-4.017437552016944,0.017801200496560754,0.008972453364929385,-0.008027241603371474,-0.6298088936491982,0.7766568199360782,0.0,0.0,0.0,0.0,0.0,0.0
95.76159858703613,0.03017702912962942,-4.025467608543649,0.01504239966223317,0.008690546381177161,-0.008549418143764852,-0.6298063391725971,0.7766565244630373,0.0,0.0,0.0,0.0,0.0,0.0
95.86380529403687,0.029985178661702947,-4.026764112327864,0.014383585165665987,0.008446708697219283,-0.008471148577332683,-0.6294557761789833,0.776944218453855,0.0,0.0,0.0,0.0,0.0,0.0
95.96870350837708,0.029555702478744266,-4.030369964641765,0.015214900176528467,0.008617191891633798,-0.008579439953777133,-0.6299312739268036,0.7765556820620975,0.0,0.0,0.0,0.0,0.0,0.0
96.06495475769043,0.03153463268416882,-4.027470563955803,0.012785880787901355,0.008576785801440995,-0.008509716792068214,-0.6295943009486128,0.7768301227929147,0.0,0.0,0.0,0.0,0.0,0.0
96.16334819793701,0.033349987109778996,-4.0275069589606876,0.010938652197772293,0.00830415398885138,-0.008717966800550925,-0.6298974521412758,0.7765849843174378,0.0,0.0,0.0,0.0,0.0,0.0
96.26689958572388,0.03567179237687563,-4.022850756099738,0.01191333676689218,0.008496538308664462,-0.008474068539154783,-0.6295949478746178,0.7768308700160625,0.0,0.0,0.0,0.0,0.0,0.0
96.36305069923401,0.032764162589824765,-4.0204396638296025,0.014541855712092402,0.009136362936606074,-0.008962340583901877,-0.6294211517138277,0.776958954577898,0.0,0.0,0.0,0.0,0.0,0.0
96.46271109580994,0.0325350411992182,-4.027354469258605,0.01576158436270789,0.00846655704578101,-0.008557467475354186,-0.6299484732528126,0.7765436293014337,0.0,0.0,0.0,0.0,0.0,0.0
96.56149482727051,0.03444453392268822,-4.029311202672606,0.018319252119412873,0.008773762085130149,-0.008806669733264853,-0.6302947581418288,0.7762563890403801,0.0,0.0,0.0,0.0,0.0,0.0
96.66205024719238,0.03730837324085171,-4.029912487971156,0.01952430599539656,0.008827817032231946,-0.008282805231180397,-0.6304078294938188,0.7761697193892798,0.0,0.0,0.0,0.0,0.0,0.0
96.775634765625,0.03360625096047289,-4.027650940521942,0.01476488907288094,0.00837459449092692,-0.008757514804536157,-0.6301580107275827,0.7763723678863191,0.0,0.0,0.0,0.0,0.0,0.0
96.8777642250061,0.034025409711634036,-4.026745996776539,0.015114036890190667,0.00852130017097972,-0.008307037230435929,-0.6297338034753008,0.7767198448194644,0.0,0.0,0.0,0.0,0.0,0.0
96.9662082195282,0.03354714397197066,-4.0246589645241775,0.016362706007488768,0.00871324436744868,-0.008039673991527252,-0.6295916483279683,0.7768357608725083,0.0,0.0,0.0,0.0,0.0,0.0
97.06410264968872,0.03658729129450308,-4.025045849822667,0.016211012817820357,0.008857723435524996,-0.008876303201379901,-0.630181889073462,0.7763462749706568,0.0,0.0,0.0,0.0,0.0,0.0
97.16453170776367,0.038504443965177895,-4.0273242662241415,0.014949384559472962,0.008446127000158657,-0.008461260041774374,-0.6298577981571829,0.7766184546595473,0.0,0.0,0.0,0.0,0.0,0.0
97.26316595077515,0.03968322124199901,-4.02421273975793,0.016247882998958397,0.008841604833020562,-0.008172393806775253,-0.629903560818726,0.7765800294054234,0.0,0.0,0.0,0.0,0.0,0.0
97.36373257637024,0.04081223244887988,-4.025358054497792,0.01923718824039805,0.008824762489909476,-0.008545850579432895,-0.6295614278857371,0.7768535901463914,0.0,0.0,0.0,0.0,0.0,0.0
97.47603392601013,0.036546202126129135,-4.026564462132941,0.019833442651663126,0.008663823314457269,-0.008964524187425518,-0.6300440427520391,0.7764593226076506,0.0,0.0,0.0,0.0,0.0,0.0
97.57652401924133,0.0317445903752799,-4.021437470016174,0.016301128272394917,0.008496647996887395,-0.009315770449344686,-0.6299357214522736,0.7765449183609088,0.0,0.0,0.0,0.0,0.0,0.0
97.66323351860046,0.03195228159279921,-4.0236056852678015,0.016280117453985235,0.008781854922998187,-0.007882237950872098,-0.6296534158580337,0.7767865377613737,0.0,0.0,0.0,0.0,0.0,0.0
97.76609015464783,0.03166006674443053,-4.025137879001048,0.015755011611419973,0.008819815129330203,-0.008398061773088779,-0.6298264929883383,0.7766403750446825,0.0,0.0,0.0,0.0,0.0,0.0
97.8649172782898,0.0342474340504475,-4.029914274530688,0.01654382777125095,0.008595237809156815,-0.008551145168405556,-0.6302725558210621,0.7762792700968474,0.0,0.0,0.0,0.0,0.0,0.0
97.96238493919373,0.03461541089550826,-4.024724502553993,0.012249690210952301,0.00843136605633696,-0.008478701116669886,-0.6301918939951873,0.7763473452241283,0.0,0.0,0.0,0.0,0.0,0.0
98.06236553192139,0.03236691545645167,-4.022167051021413,0.014082433493404729,0.008412163993354359,-0.008362589189721506,-0.6302024441994906,0.7763402488110325,0.0,0.0,0.0,0.0,0.0,0.0
98.16324138641357,0.03189366301148121,-4.023308422930589,0.01762964573993105,0.008694882351250785,-0.008049910727582358,-0.6295901469429285,0.7768370774046205,0.0,0.0,0.0,0.0,0.0,0.0
98.27184081077576,0.033845406721213146,-4.024886261422275,0.01714982800994395,0.009045226183797926,-0.008492943167740585,-0.6294587845611128,0.7769348057195498,0.0,0.0,0.0,0.0,0.0,0.0
98.36547684669495,0.037445504219543034,-4.025337558917753,0.01719707811960704,0.008874450568922788,-0.008542174409117947,-0.6292937521410518,0.7770699124915947,0.0,0.0,0.0,0.0,0.0,0.0
98.46358728408813,0.03735709153835805,-4.022606284630881,0.01915647614795371,0.009117776753289291,-0.009067854355992019,-0.6282423925111743,0.7779113936794378,0.0,0.0,0.0,0.0,0.0,0.0
98.56233525276184,0.03597254784374171,-4.024132234276263,0.015793274346861154,0.008536060413440592,-0.009079476901778284,-0.6300039904726671,0.7764918999965924,0.0,0.0,0.0,0.0,0.0,0.0
98.6713433265686,0.03419821677984388,-4.02277651749394,0.014894951600555763,0.008605066020879192,-0.008133291707062017,-0.6286155498250307,0.777626062399501,0.0,0.0,0.0,0.0,0.0,0.0
98.76410388946533,0.03354980783158067,-4.02092515498899,0.015108701237393829,0.008779316030934773,-0.00894141240328804,-0.6289820744206867,0.7773188051319148,0.0,0.0,0.0,0.0,0.0,0.0
98.87668466567993,0.030471706591415335,-4.0229273683318345,0.0135117734967406,0.00822011457597105,-0.008667704303056557,-0.6289204007972479,0.7773779197272691,0.0,0.0,0.0,0.0,0.0,0.0
98.96362042427063,0.030990612970265587,-4.024680548699789,0.011098054224808269,0.008452201586057743,-0.008581710301597142,-0.6287433066606734,0.7775196260327099,0.0,0.0,0.0,0.0,0.0,0.0
99.06499934196472,0.029613078633707223,-4.0273825533175165,0.013253065997848831,0.00831826630430979,-0.008471773944463629,-0.6290086611929684,0.7773076222681397,0.0,0.0,0.0,0.0,0.0,0.0
99.17775964736938,0.03237397061920028,-4.026196310030278,0.01333788702935116,0.008608085696431119,-0.008611503576829358,-0.6288951243551363,0.7773947938011431,0.0,0.0,0.0,0.0,0.0,0.0
99.27388048171997,0.03151571129138134,-4.02401410686732,0.012182270254232271,0.008181705565708653,-0.008365440329365523,-0.6288567550636414,0.7774331229841925,0.0,0.0,0.0,0.0,0.0,0.0
99.36336851119995,0.03592133150550322,-4.023401020347808,0.01457633046438154,0.008747287475466057,-0.008237817200476508,-0.6284502371306002,0.7777569818266376,0.0,0.0,0.0,0.0,0.0,0.0
99.47460269927979,0.03766700656984012,-4.0271143414898845,0.01912834288466749,0.009138907439735302,-0.008295904175500765,-0.6289485075956078,0.7773489777043331,0.0,0.0,0.0,0.0,0.0,0.0
99.56549715995789,0.03412794098043069,-4.031795680009937,0.021144504372881116,0.008689438068996958,-0.008122166337337809,-0.6292226354518151,0.7771340933938627,0.0,0.0,0.0,0.0,0.0,0.0
99.66262626647949,0.03402835956930183,-4.029655545060374,0.017323281832672562,0.00876358501339467,-0.008584243780604659,-0.6286531767098,0.7775890262530072,0.0,0.0,0.0,0.0,0.0,0.0
99.76235151290894,0.035590188489195894,-4.029000559956122,0.01597792972173322,0.008866715924656618,-0.008795248977262922,-0.6288244188474152,0.7774470240507353,0.0,0.0,0.0,0.0,0.0,0.0
99.87340021133423,0.03721966431325518,-4.0297989123385225,0.01498005948303867,0.008900961070847842,-0.008629953419564466,-0.6292425128894478,0.7771101316856962,0.0,0.0,0.0,0.0,0.0,0.0
99.9639413356781,0.04059569075028501,-4.02931509828348,0.012799441016413523,0.00867645593733613,-0.008637511282947433,-0.6290826385405149,0.7772420127592842,0.0,0.0,0.0,0.0,0.0,0.0
100.06266450881958,0.03671561080658745,-4.02465869026079,0.013154397539252467,0.009066935935010817,-0.008699283649139989,-0.6289330761973105,0.7773578962110859,0.0,0.0,0.0,0.0,0.0,0.0
100.16166877746582,0.030754376164588797,-4.025055485045479,0.013507499292647548,0.009238508620659381,-0.009089904234236501,-0.6283035927324842,0.7778602824151175,0.0,0.0,0.0,0.0,0.0,0.0
100.27664256095886,0.029579682003945566,-4.026622260641732,0.014318147608613873,0.009351321218474791,-0.008294670196293276,-0.628118739163364,0.7780170954096218,0.0,0.0,0.0,0.0,0.0,0.0
100.36735343933105,0.03101457325859439,-4.0253719794608305,0.015329716724341007,0.009343386078521672,-0.008812671047187687,-0.6280616751334843,0.7780575622626638,0.0,0.0,0.0,0.0,0.0,0.0
100.4630982875824,0.029261944009049422,-4.025319423985887,0.01689587378110091,0.009071878875613712,-0.008538919915458644,-0.6286937954226421,0.7775531489598715,0.0,0.0,0.0,0.0,0.0,0.0
100.562579870224,0.03103896693519937,-4.025085287649328,0.016670370431233126,0.0089203273380193,-0.008577876130486613,-0.628886881154806,0.777398313937359,0.0,0.0,0.0,0.0,0.0,0.0
100.6643283367157,0.03499607708042613,-4.026454576048929,0.014431491113781869,0.008510769442049962,-0.008724406518943064,-0.6287688354204564,0.7774967544230617,0.0,0.0,0.0,0.0,0.0,0.0
100.76976299285889,0.03918228766095889,-4.023389357889435,0.014028721207272856,0.009252409039285288,-0.009057225535407196,-0.6281546483530351,0.7779807821180675,0.0,0.0,0.0,0.0,0.0,0.0
100.87012338638306,0.039330917005689206,-4.028561685494867,0.013721731225657981,0.00869611420595712,-0.009283581596282156,-0.6286458341634638,0.7775876850229687,0.0,0.0,0.0,0.0,0.0,0.0
100.96774482727051,0.037098754850268006,-4.027308161435552,0.010685140217606576,0.008463516598449234,-0.008626049874687418,-0.6287635735480914,0.7775026229726658,0.0,0.0,0.0,0.0,0.0,0.0
101.06138634681702,0.037986191783153586,-4.026694846390792,0.009155338240902713,0.008075186208573221,-0.00830178203980063,-0.6289229091411713,0.7773814032635845,0.0,0.0,0.0,0.0,0.0,0.0
101.16022038459778,0.03675350930206307,-4.0211312447804195,0.014931663781603259,0.008914639873968396,-0.008767788429317308,-0.628708457460173,0.7775405652440395,0.0,0.0,0.0,0.0,0.0,0.0
101.26551628112793,0.03225032390811985,-4.020467864262885,0.01838884368694424,0.008736923312179306,-0.00824811030684347,-0.6288735749145494,0.7774147294858724,0.0,0.0,0.0,0.0,0.0,0.0
101.36193060874939,0.02889751904476332,-4.024282832066287,0.015084728607698378,0.008373832567740998,-0.008601416414884277,-0.6285826581587353,0.7776501375463638,0.0,0.0,0.0,0.0,0.0,0.0
101.4755392074585,0.028877793278169885,-4.022079692903358,0.013700489777599478,0.008455783907279123,-0.008223628947252648,-0.6281362806149269,0.7780139360067351,0.0,0.0,0.0,0.0,0.0,0.0
101.55883622169495,0.025548640312546167,-4.0280341514744284,0.013088485529528467,0.009213944650016981,-0.00789398628739349,-0.6281815459222748,0.7779721933123169,0.0,0.0,0.0,0.0,0.0,0.0
101.65932059288025,0.03112506979753607,-4.0273030197969435,0.013008822537199809,0.009530626177132816,-0.00836124316133969,-0.6285181500554969,0.7776915788590487,0.0,0.0,0.0,0.0,0.0,0.0
101.75998091697693,0.03013946117893524,-4.025839309929828,0.01181585352561012,0.009484162294485952,-0.008263961817282749,-0.6282765799597851,0.7778883574618441,0.0,0.0,0.0,0.0,0.0,0.0
101.85943627357483,0.030658989302905764,-4.026867450264043,0.009917718250493765,0.009188308959448931,-0.008923608047928529,-0.6280459257128569,0.778070857565909,0.0,0.0,0.0,0.0,0.0,0.0
101.96222639083862,0.029621627162793058,-4.0278822006302,0.006914511744536004,0.008465517617319404,-0.008138719565691158,-0.6282076355255436,0.777957108665191,0.0,0.0,0.0,0.0,0.0,0.0
102.05869507789612,0.03307198732408292,-4.026717777417839,0.006511217433862783,0.008596752806583388,-0.008703367290959328,-0.6286057934059317,0.7776278697008463,0.0,0.0,0.0,0.0,0.0,0.0
102.16002631187439,0.028331880537468723,-4.025826918795373,0.006260534797245734,0.009142411861935876,-0.008340054725189033,-0.6282743446835464,0.7778934423203376,0.0,0.0,0.0,0.0,0.0,0.0
102.2567880153656,0.028727916894053032,-4.030969470346482,0.004986192212626349,0.008505437006221887,-0.008562714597351119,-0.6288628233350854,0.7774225922155077,0.0,0.0,0.0,0.0,0.0,0.0
102.35669183731079,0.031672487809243255,-4.033908368776498,0.0061259462225462195,0.008807519639038282,-0.008619195067323393,-0.6288632984796957,0.7774182200716888,0.0,0.0,0.0,0.0,0.0,0.0
102.45766687393188,0.03273466213333084,-4.031193079055279,0.0049728761847734155,0.009101602606231971,-0.00861204181811078,-0.6286436666092127,0.7775925243968349,0.0,0.0,0.0,0.0,0.0,0.0
102.57159399986267,0.031164150505803973,-4.026498732604369,0.004775484764490685,0.00805053299085924,-0.008533334744473493,-0.6284998599442088,0.7777212207255291,0.0,0.0,0.0,0.0,0.0,0.0
102.65820169448853,0.02645699557325587,-4.0234154486212015,0.0021423321303788434,0.007707201221205235,-0.00791608947882255,-0.6281817673239661,0.7779881758602966,0.0,0.0,0.0,0.0,0.0,0.0
102.75758838653564,0.028198211554980424,-4.0207199081383305,0.0038797613738884755,0.00807997314989606,-0.008954273689226497,-0.6281236775836324,0.7780200387364086,0.0,0.0,0.0,0.0,0.0,0.0
102.87249898910522,0.027645025940585273,-4.022164502122446,0.003893664790381146,0.008589557377558659,-0.00830833290558519,-0.6280838960796933,0.7780538609850447,0.0,0.0,0.0,0.0,0.0,0.0
102.96079611778259,0.02684998518788746,-4.021297486955496,0.004774210052667829,0.008500344986034374,-0.007836200618776172,-0.6282718855524155,0.777907948229987,0.0,0.0,0.0,0.0,0.0,0.0
103.05779695510864,0.024744573247239776,-4.024025053985606,0.0051364559896648265,0.008554576482153848,-0.008605727525846775,-0.6290720357334855,0.7772522978628529,0.0,0.0,0.0,0.0,0.0,0.0
103.16690707206726,0.02696027194540595,-4.028347750758456,0.007252829117471463,0.008044889310355324,-0.008339898970952771,-0.6284088234245924,0.7777969378206966,0.0,0.0,0.0,0.0,0.0,0.0
103.26091742515564,0.03210856892271983,-4.027999333650689,0.009695354252086286,0.008455582027973519,-0.00857848088992461,-0.6289348598406213,0.7773646858942345,0.0,0.0,0.0,0.0,0.0,0.0
103.36106252670288,0.03001550567234077,-4.032401403293941,0.01085158867207675,0.008625230426304533,-0.008862849292138859,-0.6287791953717764,0.7774855489140196,0.0,0.0,0.0,0.0,0.0,0.0
103.46142816543579,0.03131251605988622,-4.028369742745857,0.014215758518855995,0.009684531755496169,-0.009080034318943168,-0.6285149950399299,0.7776841671471751,0.0,0.0,0.0,0.0,0.0,0.0
103.5671637058258,0.031087605624346787,-4.027027564286328,0.016432572733715105,0.00880090387388523,-0.008569961091676653,-0.628463443768799,0.7777421164525852,0.0,0.0,0.0,0.0,0.0,0.0
103.66589593887329,0.03117846153923239,-4.027316693230167,0.015126810350688856,0.008806993660395527,-0.008560882638583608,-0.6285307564293047,0.7776877499186389,0.0,0.0,0.0,0.0,0.0,0.0
103.76278614997864,0.032222790195918234,-4.027277331754152,0.015525661376786853,0.008539760493601745,-0.00817202840074633,-0.628099838394847,0.778042983035572,0.0,0.0,0.0,0.0,0.0,0.0
103.87402868270874,0.03055207605290996,-4.023198932619882,0.013991725078919388,0.01012592426513934,-0.008622029359286049,-0.627690716240379,0.778349208911488,0.0,0.0,0.0,0.0,0.0,0.0
103.96280407905579,0.028623548215455152,-4.0266540972551015,0.013847250895539474,0.009236440466827289,-0.007947678753672164,-0.6278709323460626,0.7782220858372061,0.0,0.0,0.0,0.0,0.0,0.0
104.06626844406128,0.03274072483167494,-4.030600937562906,0.013256021514731101,0.00854558029406977,-0.0077922740707350715,-0.6292308463922999,0.7771324182342852,0.0,0.0,0.0,0.0,0.0,0.0
104.16208338737488,0.03350155592819543,-4.02505824902081,0.013277992442348964,0.008994621081294889,-0.008510341338487472,-0.6280749518011615,0.7780543205984202,0.0,0.0,0.0,0.0,0.0,0.0
104.2652235031128,0.03399990198970815,-4.025040626470365,0.016333012292314982,0.008951681698398788,-0.008409645400453454,-0.6281075500746758,0.7780295950657609,0.0,0.0,0.0,0.0,0.0,0.0
104.36280250549316,0.030283063818570065,-4.023883455098772,0.015147415323960058,0.00847335992416235,-0.008034841274714285,-0.62881330215556,0.7774686325051968,0.0,0.0,0.0,0.0,0.0,0.0
104.46387982368469,0.03226805930187239,-4.022261531967993,0.014904833875009876,0.009320872694062711,-0.008305081311656021,-0.6277844999204922,0.778287073396571,0.0,0.0,0.0,0.0,0.0,0.0
104.5628011226654,0.03413898433158535,-4.0246679845966025,0.016240107104137647,0.009259916660888278,-0.008520135381389973,-0.628597440998232,0.7776290364993995,0.0,0.0,0.0,0.0,0.0,0.0
104.66362977027893,0.03189493115375339,-4.0243932272960645,0.018478749618497707,0.009189591990559088,-0.008471272748422526,-0.6285192146220522,0.7776936323437025,0.0,0.0,0.0,0.0,0.0,0.0
104.76349139213562,0.030478523665149877,-4.0284791382603,0.01792772415102473,0.008841709274440775,-0.008812179247390372,-0.6283904996396875,0.7777978848239407,0.0,0.0,0.0,0.0,0.0,0.0
104.86583352088928,0.03140207514701715,-4.024687373276284,0.018324515038862305,0.009266076390467917,-0.00811197586523349,-0.6287270826775696,0.7775285147077465,0.0,0.0,0.0,0.0,0.0,0.0
104.96814799308777,0.030594908378783522,-4.0188817314478165,0.016878001102122186,0.008503627501337627,-0.008334580286298571,-0.6291277023028509,0.7772107547415305,0.0,0.0,0.0,0.0,0.0,0.0
105.06724548339844,0.03437272775699954,-4.021069255472154,0.014379443467788964,0.00823484704260157,-0.00801448630572031,-0.6288516916174056,0.7774403547883032,0.0,0.0,0.0,0.0,0.0,0.0
105.16394710540771,0.03574334676551565,-4.022549541242113,0.01747518906867797,0.008986739083727073,-0.008809258273456686,-0.6286025714876445,0.7776248726786125,0.0,0.0,0.0,0.0,0.0,0.0
105.26451230049133,0.035684038433272225,-4.020440288661414,0.016652750656220423,0.008971351482886785,-0.00869480291031297,-0.6279961938946743,0.778116119681837,0.0,0.0,0.0,0.0,0.0,0.0
105.36420941352844,0.03581404222661494,-4.024440257951613,0.014502245341054185,0.008796522524636256,-0.008429748755889185,-0.6287354063110773,0.7775238577550054,0.0,0.0,0.0,0.0,0.0,0.0
105.47225284576416,0.034171666929198305,-4.021366676919599,0.01715186803721817,0.009312907960965702,-0.008807390792603117,-0.6282445597783752,0.7779103243443984,0.0,0.0,0.0,0.0,0.0,0.0
105.59566855430603,0.03646788990883007,-4.022929869390089,0.01752906607564538,0.009081415450866197,-0.009017873504878291,-0.6286923853651843,0.7775487704541032,0.0,0.0,0.0,0.0,0.0,0.0
105.68282151222229,0.03318360642457021,-4.021234336233786,0.01661616990816443,0.008711822828957622,-0.00864246771102445,-0.6284387025088058,0.777762308860428,0.0,0.0,0.0,0.0,0.0,0.0
105.76199889183044,0.033253514970350596,-4.0252479758034685,0.01425098457493342,0.008768247753454226,-0.008824063664500056,-0.6285732815121864,0.777650875072339,0.0,0.0,0.0,0.0,0.0,0.0
105.86274528503418,0.03421343391431455,-4.0227192224754535,0.015319109204125337,0.00914823772347914,-0.00911243889722419,-0.6285713624712983,0.7776447231768939,0.0,0.0,0.0,0.0,0.0,0.0
105.96251273155212,0.03236044770087669,-4.021796888793656,0.016236250543105245,0.009415412103151905,-0.008856702804783793,-0.6279090043226837,0.7781794080550093,0.0,0.0,0.0,0.0,0.0,0.0
106.06221771240234,0.0348486117456608,-4.021782965718834,0.01577207083670664,0.009233428051845313,-0.008925286157427067,-0.6285683077098866,0.777648356017128,0.0,0.0,0.0,0.0,0.0,0.0
106.16808414459229,0.03604905272011513,-4.026653197264228,0.01621420244407401,0.008545059326950618,-0.008925183973862385,-0.6279566666138754,0.7781502090903236,0.0,0.0,0.0,0.0,0.0,0.0
106.26774072647095,0.03579156381790668,-4.025145221877625,0.016609106494437448,0.008935005217309845,-0.009011327091541807,-0.6281030842918336,0.7780266558215688,0.0,0.0,0.0,0.0,0.0,0.0
106.37799453735352,0.033694077244034726,-4.022327331105168,0.0176993097555466,0.008313383892181909,-0.007877980820433273,-0.6281128593493726,0.7780379560062616,0.0,0.0,0.0,0.0,0.0,0.0
106.4917643070221,0.03547719039237691,-4.024077496240758,0.015374006353093661,0.008620018895688553,-0.00911399684187315,-0.6284442135878977,0.7777534961308021,0.0,0.0,0.0,0.0,0.0,0.0
106.56484007835388,0.03846812584340769,-4.026851331389603,0.014382581400048163,0.007661490103132476,-0.008619005249197767,-0.628201716653739,0.7779650490293262,0.0,0.0,0.0,0.0,0.0,0.0
106.66375494003296,0.0362798637975119,-4.028325881589544,0.015714974320720488,0.008196927770915938,-0.008653901195284947,-0.6280663191660119,0.778068518254318,0.0,0.0,0.0,0.0,0.0,0.0
106.79548144340515,0.032548457844745846,-4.031173361330311,0.013806190676533886,0.007724468535058811,-0.008425126820535133,-0.6290597166253468,0.7772729396699328,0.0,0.0,0.0,0.0,0.0,0.0
106.88012552261353,0.033210292393566064,-4.031225646966448,0.018135568947981837,0.007998572704654254,-0.008531366216998702,-0.6287071862868511,0.7775541862381184,0.0,0.0,0.0,0.0,0.0,0.0
106.96249318122864,0.03309929176200268,-4.031917073022264,0.017944683439079286,0.00829292779360996,-0.008681051840327702,-0.6292773752704568,0.7770880591414798,0.0,0.0,0.0,0.0,0.0,0.0
107.07478260993958,0.03447995061440864,-4.031952655918188,0.017422106677603667,0.00889899123928545,-0.00868195651391521,-0.6292181552785951,0.77712929725613,0.0,0.0,0.0,0.0,0.0,0.0
107.1756763458252,0.03311691862925076,-4.033813862687282,0.014758910003572361,0.008508868240977,-0.008269674985200093,-0.6298339607321026,0.7766391656009882,0.0,0.0,0.0,0.0,0.0,0.0
107.27716898918152,0.03187748981121853,-4.033710375012814,0.013753604573246325,0.008785455808672283,-0.008826251333026695,-0.6296102652531941,0.7768113200394502,0.0,0.0,0.0,0.0,0.0,0.0
107.36205768585205,0.029760863540419413,-4.028253737770041,0.014436412624875092,0.00876376376531623,-0.008528069242199022,-0.6299339047156073,0.7765524735453516,0.0,0.0,0.0,0.0,0.0,0.0
107.46232104301453,0.0313760175258342,-4.022400198108863,0.016345242385555462,0.009114720679904617,-0.008757077433732406,-0.6293395579674629,0.777027641875793,0.0,0.0,0.0,0.0,0.0,0.0
107.57563257217407,0.03283967554849263,-4.024920550079785,0.018051321229296407,0.009004825420376242,-0.009287958022148006,-0.6309237784931871,0.7757369610162957,0.0,0.0,0.0,0.0,0.0,0.0
107.67339754104614,0.032081907917480085,-4.034982013645228,0.018777399537314894,0.009435026628416105,-0.00958078438336891,-0.6335722784348029,0.7735666466711474,0.0,0.0,0.0,0.0,0.0,0.0
107.76735663414001,0.03286034506355784,-4.036238884255652,0.01832724191192539,0.009537703897454201,-0.00869814075136758,-0.6333822430199667,0.7737314190200758,0.0,0.0,0.0,0.0,0.0,0.0
107.87490701675415,0.03076486624686782,-4.0369657536109775,0.01567398546197322,0.00916253112638911,-0.008569233651171222,-0.6325744997045557,0.7743979071391603,0.0,0.0,0.0,0.0,0.0,0.0
107.9777238368988,0.03173639267954573,-4.034945362355889,0.017071306634901837,0.008774309800764078,-0.008765061172237416,-0.632720948493621,0.7742805606028673,0.0,0.0,0.0,0.0,0.0,0.0
108.0752968788147,0.03506861540312003,-4.032275633561599,0.01606355747482814,0.009212585615428577,-0.008663703026725042,-0.6321258052828396,0.7747625667336124,0.0,0.0,0.0,0.0,0.0,0.0
108.17547225952148,0.030797596383987633,-4.03358025346522,0.014643234007834356,0.008817256728522724,-0.00859476978480707,-0.6320721269504812,0.7748117269688264,0.0,0.0,0.0,0.0,0.0,0.0
108.27584600448608,0.031387032054543865,-4.036487381609431,0.014491386764161545,0.008491668474040249,-0.008176125933122768,-0.6322270021496865,0.7746935266826901,0.0,0.0,0.0,0.0,0.0,0.0
108.37558221817017,0.036798494753073806,-4.037645445315196,0.01655529235229872,0.009216292335187466,-0.008139292573977547,-0.6322919517587395,0.7746326223527523,0.0,0.0,0.0,0.0,0.0,0.0
108.47575259208679,0.03279514446806327,-4.033639742790977,0.01777323099781412,0.009686168464784987,-0.009065798475463165,-0.6309319095109371,0.7757247675557014,0.0,0.0,0.0,0.0,0.0,0.0
108.58135652542114,0.029678473328748744,-4.035375442839277,0.01960750531004893,0.009068579343077159,-0.00876727081884083,-0.6313702964010433,0.775378903926033,0.0,0.0,0.0,0.0,0.0,0.0
108.67414784431458,0.028169494408283455,-4.0344474429914134,0.020272370779356914,0.009393231966542553,-0.009054651500551713,-0.6313554520595877,0.7753838234281453,0.0,0.0,0.0,0.0,0.0,0.0
108.77169632911682,0.03137837607361824,-4.032727265966847,0.01824962602473827,0.009052237205477008,-0.00874383098793339,-0.6313119910545566,0.7754268323781108,0.0,0.0,0.0,0.0,0.0,0.0
108.88219881057739,0.036410943077785606,-4.035707670647832,0.0174740994217814,0.009432580114075167,-0.009162415684287353,-0.6314044661470937,0.7753421674981394,0.0,0.0,0.0,0.0,0.0,0.0
108.97392964363098,0.03778909625785935,-4.035851865368736,0.01686684380300552,0.009345172605475408,-0.00860333827079253,-0.6311273401439343,0.775575225779166,0.0,0.0,0.0,0.0,0.0,0.0
109.07238221168518,0.03631161957224459,-4.028504423824867,0.016766666414509683,0.009652182027621066,-0.008285638661493448,-0.6310133284696784,0.7756676884257102,0.0,0.0,0.0,0.0,0.0,0.0
109.18000912666321,0.03318397977779002,-4.030387289529349,0.017419352474927128,0.009315751377543851,-0.009008323360375645,-0.6309154041017462,0.7757433981373135,0.0,0.0,0.0,0.0,0.0,0.0
109.27473878860474,0.029463256800467783,-4.033080413328682,0.015276557221075467,0.009016057093030003,-0.008460678045927506,-0.6310484878547837,0.775644850184463,0.0,0.0,0.0,0.0,0.0,0.0
109.3736834526062,0.02916623777410068,-4.027894111108668,0.01640509407523304,0.009360503107505263,-0.008442181784362362,-0.6310068799288232,0.7756748210627789,0.0,0.0,0.0,0.0,0.0,0.0
109.48190593719482,0.028900524811742344,-4.030283622445515,0.018145239279472588,0.009529454458704794,-0.008286285078019599,-0.6309450597841917,0.7757247311458073,0.0,0.0,0.0,0.0,0.0,0.0
109.57296514511108,0.030417542347699885,-4.03711060949923,0.01677222882327332,0.009207722238036039,-0.008523942596803,-0.6309515081674195,0.7757207968045206,0.0,0.0,0.0,0.0,0.0,0.0
109.6754641532898,0.03290309083795262,-4.034429747292362,0.015522531365016485,0.009275786925243243,-0.008273432567366488,-0.6305892089018796,0.7760172418876793,0.0,0.0,0.0,0.0,0.0,0.0
109.77248954772949,0.035476150298300396,-4.0347160443314145,0.017571891966942383,0.009511353119481333,-0.008358326324251587,-0.6312788470041895,0.7754525709983451,0.0,0.0,0.0,0.0,0.0,0.0
109.88032221794128,0.033282221969470886,-4.033573354261194,0.019406514230927707,0.009554023612455534,-0.008631653342318597,-0.6308973794893319,0.7757594419321446,0.0,0.0,0.0,0.0,0.0,0.0
109.97376108169556,0.03359017498308929,-4.031681923214153,0.018535804773939176,0.009277966444855486,-0.00863271855747136,-0.6308595895544672,0.7757935123318014,0.0,0.0,0.0,0.0,0.0,0.0
110.07328462600708,0.036895297636404714,-4.026376669250106,0.017518127258692943,0.009459619686222148,-0.008755998855174963,-0.6311968102215291,0.7755155929093848,0.0,0.0,0.0,0.0,0.0,0.0
110.18341112136841,0.03690108084493184,-4.031329051120957,0.017688293422372083,0.009583301134242894,-0.008549028198714673,-0.6311671513745385,0.7755405221405038,0.0,0.0,0.0,0.0,0.0,0.0
110.27323031425476,0.03685066224017531,-4.036683262538769,0.017050640850480667,0.009591571858600989,-0.008764111763153221,-0.6316645628945015,0.7751329383257879,0.0,0.0,0.0,0.0,0.0,0.0
110.38101816177368,0.03372393053057714,-4.040267984378197,0.015036527297890102,0.008797639305861584,-0.008379880446507655,-0.6309974542458658,0.7756897523376015,0.0,0.0,0.0,0.0,0.0,0.0
110.47220873832703,0.033969755757192965,-4.040425339147077,0.015069849953189189,0.00935601030652888,-0.008353396284075573,-0.6313350334237541,0.7754087705291184,0.0,0.0,0.0,0.0,0.0,0.0
110.58235168457031,0.030495836336380016,-4.042730923078798,0.018210187232370854,0.009398636277269156,-0.00867273882431161,-0.6313206883540663,0.7754164285682551,0.0,0.0,0.0,0.0,0.0,0.0
110.67431688308716,0.028839046568741197,-4.032396938203178,0.016638445578820094,0.00922143074208191,-0.008496300845968714,-0.6314607263057195,0.7753064743831592,0.0,0.0,0.0,0.0,0.0,0.0
110.78095364570618,0.031032658972746267,-4.02432413591901,0.01715160296588613,0.008595280546545524,-0.008542988608341245,-0.6314392305987391,0.7753306627232177,0.0,0.0,0.0,0.0,0.0,0.0
110.87176036834717,0.02934910530400943,-4.02731986497289,0.017308556674250884,0.00896068961414912,-0.00828184775005155,-0.6312631735783746,0.7754727092059591,0.0,0.0,0.0,0.0,0.0,0.0
110.98813843727112,0.02856090039814248,-4.032136901382552,0.018018681797934297,0.009734813806357127,-0.00860502088007053,-0.6316633327033775,0.7751339375448983,0.0,0.0,0.0,0.0,0.0,0.0
111.07430696487427,0.028823145369868918,-4.036278154338582,0.01521283047028484,0.009042485944831176,-0.008378868134685451,-0.6314590777683152,0.7753112027571223,0.0,0.0,0.0,0.0,0.0,0.0
111.19123697280884,0.03340247002301575,-4.038727437075405,0.016244027906688163,0.009307620531179,-0.00861281941155613,-0.6314728511233797,0.7752942833762735,0.0,0.0,0.0,0.0,0.0,0.0
111.3181881904602,0.02896081416247991,-4.039486394803213,0.015591497092231388,0.008588365375909372,-0.00833627442752494,-0.6314714637720915,0.7753067373306899,0.0,0.0,0.0,0.0,0.0,0.0
111.37321209907532,0.02635027235248848,-4.034934917467489,0.015878503602876515,0.009125851978924248,-0.0084478994965876,-0.631319879497888,0.77542282760473,0.0,0.0,0.0,0.0,0.0,0.0
111.47182607650757,0.030607864214414443,-4.036077030566598,0.014744869700249937,0.009045931788172671,-0.008198236409908284,-0.631941657969497,0.7749198029219551,0.0,0.0,0.0,0.0,0.0,0.0
111.57343578338623,0.02833700900769118,-4.0295847255479815,0.01643177114726804,0.009474939262057728,-0.008569557727071495,-0.6311674903925631,0.7755413511076528,0.0,0.0,0.0,0.0,0.0,0.0
111.67718601226807,0.025603787431341955,-4.038067479154485,0.014180034768767797,0.008875372759029514,-0.008654980498780768,-0.631804532849554,0.7750286132406323,0.0,0.0,0.0,0.0,0.0,0.0
111.77611303329468,0.02870667406693253,-4.0332651859598005,0.012596036828038632,0.009164156281891343,-0.00807769367578513,-0.6313397814107826,0.7754101169785537,0.0,0.0,0.0,0.0,0.0,0.0
111.88219714164734,0.028568463571067695,-4.029371978597585,0.013824823548516614,0.009090753405138386,-0.008448665233251332,-0.6315051028411381,0.7752723929973867,0.0,0.0,0.0,0.0,0.0,0.0
111.98784255981445,0.026969720889439445,-4.029699853089147,0.01340780703628731,0.008807995443360625,-0.0083187885637379,-0.6313948939864557,0.7753668195253917,0.0,0.0,0.0,0.0,0.0,0.0
112.08681225776672,0.021344052156658484,-4.030374694669527,0.015612195563391868,0.009123792363927618,-0.008290871379011725,-0.6314586130387685,0.775311574712914,0.0,0.0,0.0,0.0,0.0,0.0
112.1737961769104,0.021936515065921116,-4.028867049809161,0.017114483499572133,0.009004486876711081,-0.008220076722999342,-0.6314207531382025,0.775344556994584,0.0,0.0,0.0,0.0,0.0,0.0
112.27580094337463,0.027552681569592143,-4.026875441729099,0.01888816642616668,0.009278788872750444,-0.008490403052548223,-0.6310290482837844,0.7756572421856892,0.0,0.0,0.0,0.0,0.0,0.0
112.375075340271,0.028942577008911893,-4.027612334189671,0.018912184638246593,0.008977946413410962,-0.008444939785202714,-0.6314293333647293,0.7753354605825679,0.0,0.0,0.0,0.0,0.0,0.0
112.47783613204956,0.028024660282210387,-4.028972140166541,0.01729241025660914,0.009236690820708182,-0.00843504579784646,-0.6313315994866334,0.7754121130306817,0.0,0.0,0.0,0.0,0.0,0.0
112.57803916931152,0.02747164392351,-4.030400581367108,0.017116932365704225,0.009392598144631214,-0.008414718389774778,-0.6312744901076145,0.7754569554487676,0.0,0.0,0.0,0.0,0.0,0.0
112.68509650230408,0.028561626929123254,-4.031100167902248,0.015665326079797114,0.009218210565871092,-0.008427649019773152,-0.6314596791627157,0.7753081148276916,0.0,0.0,0.0,0.0,0.0,0.0
112.77980995178223,0.030236236978459122,-4.031347324225075,0.016242894216884234,0.009158382290022101,-0.008252759493597349,-0.6314771516192473,0.7752964742454324,0.0,0.0,0.0,0.0,0.0,0.0
112.87753796577454,0.030641313748061862,-4.026938086325313,0.016645337351851155,0.00929708949879851,-0.008802944603372172,-0.6315030058418047,0.7752677124103081,0.0,0.0,0.0,0.0,0.0,0.0
112.97846841812134,0.02854469305626921,-4.028046453862915,0.017640915134303287,0.00927421947860924,-0.008511486469506408,-0.6310867149382012,0.7756101479993909,0.0,0.0,0.0,0.0,0.0,0.0
113.07724237442017,0.03125161854286528,-4.027676210954596,0.018941437229262417,0.00935209093578347,-0.008699701393784317,-0.6311503717622121,0.7755553247932702,0.0,0.0,0.0,0.0,0.0,0.0
113.17748188972473,0.027650115939050902,-4.031206501417367,0.018814399420634023,0.009286337824101229,-0.008803242948403005,-0.6315913386194226,0.7751958770687059,0.0,0.0,0.0,0.0,0.0,0.0
113.2775661945343,0.02755185435874587,-4.031096995342559,0.018494846718910423,0.009271398352102986,-0.008552651115840202,-0.6314182034610615,0.775339890415474,0.0,0.0,0.0,0.0,0.0,0.0
113.39568591117859,0.02812883421016777,-4.033188991191546,0.018531065044877955,0.00940916620546017,-0.008489008979052066,-0.6314918273239236,0.7752789667861175,0.0,0.0,0.0,0.0,0.0,0.0
113.4920585155487,0.024365550576030258,-4.035073030338151,0.01552971401651335,0.00890025902607128,-0.008408885779188448,-0.6312381174488124,0.7754924339469004,0.0,0.0,0.0,0.0,0.0,0.0
113.57863688468933,0.02794569671528718,-4.034665016656933,0.015578271245002787,0.008981836375803721,-0.008386111265630757,-0.6314465209301464,0.7753220562826522,0.0,0.0,0.0,0.0,0.0,0.0
113.68338418006897,0.027747490725729334,-4.034624360679218,0.017165181094450036,0.009388565426399917,-0.008647103154327516,-0.6312678211505871,0.775459876735122,0.0,0.0,0.0,0.0,0.0,0.0
113.77780628204346,0.027216564235703202,-4.03175429266122,0.01772936923584274,0.009348177947747192,-0.008523997953701963,-0.6313982597491886,0.7753555253002492,0.0,0.0,0.0,0.0,0.0,0.0
113.87467193603516,0.022625172525763668,-4.03552900777169,0.019868669022390685,0.00924246344806685,-0.00857951601007772,-0.6313662697242005,0.7753822297608953,0.0,0.0,0.0,0.0,0.0,0.0
113.97853970527649,0.026307270294946967,-4.034280671984644,0.01956615657101218,0.009065073637127469,-0.00865374140933566,-0.631412850521397,0.7753455677283541,0.0,0.0,0.0,0.0,0.0,0.0
114.07829165458679,0.029059242327085146,-4.025896901523947,0.01923235461875982,0.009618662357114763,-0.008414638707568515,-0.6315206906935431,0.7752536955189677,0.0,0.0,0.0,0.0,0.0,0.0
114.18192100524902,0.026880317293985698,-4.028769829716369,0.015643364498737516,0.009263706807335783,-0.008335347728815503,-0.6314303304044229,0.7753324729171186,0.0,0.0,0.0,0.0,0.0,0.0
114.27822136878967,0.027571238909696958,-4.032402897845984,0.014971518401547264,0.00923895677485063,-0.008667896613935223,-0.6313116277970979,0.7754257784302544,0.0,0.0,0.0,0.0,0.0,0.0
114.38875222206116,0.028976001524150207,-4.0302193834469255,0.01669343861003461,0.009315822476757269,-0.008453783523375532,-0.6310755172459371,0.7756193915371633,0.0,0.0,0.0,0.0,0.0,0.0
114.4808783531189,0.02874078057783566,-4.030532541830189,0.01500181888404653,0.009010056434270471,-0.00818285372429747,-0.6314098337234682,0.7753537783910424,0.0,0.0,0.0,0.0,0.0,0.0
114.57471895217896,0.02809618448918866,-4.031334045809366,0.018018392844688806,0.009352772300257144,-0.008657464493731736,-0.6312465853837699,0.7754774802662906,0.0,0.0,0.0,0.0,0.0,0.0
114.67664098739624,0.027778246725158433,-4.032260414453094,0.01770965114196701,0.009413378871801626,-0.008670499327345652,-0.6312906331265482,0.7754407438781489,0.0,0.0,0.0,0.0,0.0,0.0
114.77815771102905,0.02947801144701739,-4.028226787625331,0.018912101171043715,0.009607471595209426,-0.00852753437769951,-0.631275634365587,0.7754521591325247,0.0,0.0,0.0,0.0,0.0,0.0
114.88317465782166,0.0284380861807016,-4.03258442924139,0.01603065805147098,0.009273243648588038,-0.008834785529695223,-0.6314676433196199,0.7752964394070364,0.0,0.0,0.0,0.0,0.0,0.0
114.97844386100769,0.028793224531618596,-4.031247982367662,0.016207709221877635,0.009543697690308146,-0.008800950206885991,-0.6310923383212967,0.7755990727315205,0.0,0.0,0.0,0.0,0.0,0.0
115.07810878753662,0.026919400731344786,-4.029790882711537,0.01648032479293628,0.00936113062435695,-0.008311306644680697,-0.6313088559681672,0.7754304738604493,0.0,0.0,0.0,0.0,0.0,0.0
115.17466330528259,0.02488965230164248,-4.034832680982722,0.015276082831585868,0.009277266100787673,-0.008325280866522245,-0.6312954650365907,0.7754422337327317,0.0,0.0,0.0,0.0,0.0,0.0
115.27530074119568,0.02736453002783688,-4.034211472219566,0.016659872583399453,0.009458199615070583,-0.008562395930775894,-0.6311784904505112,0.7755326821150508,0.0,0.0,0.0,0.0,0.0,0.0
115.37555408477783,0.030620093575221056,-4.0329491763897,0.018956689845927868,0.009621301416243257,-0.008594285728658242,-0.6310993688336408,0.7755947108313958,0.0,0.0,0.0,0.0,0.0,0.0
115.47263956069946,0.028397095820412863,-4.032105862945519,0.018342017860991863,0.009248327819118584,-0.008252057091772656,-0.6313591892810875,0.7753914792520078,0.0,0.0,0.0,0.0,0.0,0.0
115.58088612556458,0.029235152889965157,-4.033602486114953,0.017597269792788067,0.00917214762229,-0.008442343544426472,-0.6313200218078158,0.7754222260214345,0.0,0.0,0.0,0.0,0.0,0.0
115.68185901641846,0.03194951116446816,-4.031633737711011,0.018188065212535274,0.009328232551413634,-0.008545829607143937,-0.631248930736426,0.7754771049604862,0.0,0.0,0.0,0.0,0.0,0.0
115.77724695205688,0.03397845799625715,-4.03129410924507,0.019009228518163893,0.010006920649646622,-0.008765892118268897,-0.6315349404477638,0.7752332808052733,0.0,0.0,0.0,0.0,0.0,0.0
115.88412642478943,0.03213681604380795,-4.032639883128977,0.016242977292930706,0.007746395233167733,-0.008745114976903709,-0.6316148876212138,0.7751942660134676,0.0,0.0,0.0,0.0,0.0,0.0
115.97498059272766,0.027012982683161078,-4.035042071552681,0.01557710639287875,0.009419487488149405,-0.008909694843073726,-0.6311672438628338,0.7755383941932488,0.0,0.0,0.0,0.0,0.0,0.0
116.0732159614563,0.022076682498028417,-4.034658456249499,0.015628680048456498,0.009416902160623413,-0.008820566165162566,-0.6312180964224259,0.7754980556487922,0.0,0.0,0.0,0.0,0.0,0.0
116.1718201637268,0.017389112955793345,-4.032822524981132,0.01569201059990671,0.009729772959420423,-0.00850788175126811,-0.6308799992258325,0.7757727592813911,0.0,0.0,0.0,0.0,0.0,0.0
116.2738151550293,0.017547579238574543,-4.029071298064667,0.014527551963687208,0.009039989634544813,-0.008461809363551369,-0.6310079105117028,0.775677570412695,0.0,0.0,0.0,0.0,0.0,0.0
116.38357973098755,0.02297571247979423,-4.028949248583818,0.013998739834989601,0.009396915964621097,-0.008221604600968982,-0.6308200052623244,0.7758287337737398,0.0,0.0,0.0,0.0,0.0,0.0
116.47153806686401,0.026100449227260136,-4.028566991059332,0.015752161734803063,0.009409995617694294,-0.008339039047411782,-0.6311860097197687,0.7755295826364469,0.0,0.0,0.0,0.0,0.0,0.0
116.57331490516663,0.023697769261612645,-4.028831762658015,0.015151533427521995,0.009983429543968237,-0.008853474600395457,-0.6310409614285429,0.7756347414352742,0.0,0.0,0.0,0.0,0.0,0.0
116.68718647956848,0.026546484601650565,-4.031348070748944,0.01427607541046659,0.009806776304389185,-0.008819610106057557,-0.63105662577735,0.7756246364566959,0.0,0.0,0.0,0.0,0.0,0.0
116.79309582710266,0.030565618981715136,-4.0321217979325565,0.015950739324134024,0.009978946573250288,-0.008562747180451032,-0.6310739341360765,0.7756112361486328,0.0,0.0,0.0,0.0,0.0,0.0
116.8734929561615,0.032763924436727834,-4.028405904073549,0.016589267729379537,0.009766783450735419,-0.008861559016895568,-0.6310613264491416,0.7756208384082067,0.0,0.0,0.0,0.0,0.0,0.0
116.97095441818237,0.03435439587768223,-4.033728176458888,0.017949354248747138,0.009654170243562589,-0.008826708248868277,-0.6316016364284897,0.7751827262518401,0.0,0.0,0.0,0.0,0.0,0.0
117.07478761672974,0.03111212821144167,-4.035634986263146,0.016768623536516515,0.009726882304971108,-0.008600736578168346,-0.6314707118667934,0.7752910131978618,0.0,0.0,0.0,0.0,0.0,0.0
117.17300152778625,0.025153990645277943,-4.034133587452994,0.019075089065846252,0.010299563280580641,-0.008801789246840275,-0.6313972406997772,0.7753411971119392,0.0,0.0,0.0,0.0,0.0,0.0
117.2900743484497,0.022403169890641273,-4.037932737573177,0.020141289319853036,0.010654483790279654,-0.008976297615456085,-0.6310928584683051,0.7755821762047973,0.0,0.0,0.0,0.0,0.0,0.0
117.37236714363098,0.02240208599554752,-4.039981456743875,0.018079770625350502,0.010419359443382781,-0.008865684891503375,-0.6313000054305291,0.7754180419126138,0.0,0.0,0.0,0.0,0.0,0.0
117.47080874443054,0.024783066868543577,-4.0367477334775925,0.015175538604358333,0.010176624155915989,-0.008566297561883285,-0.6309120391166477,0.7757403262461791,0.0,0.0,0.0,0.0,0.0,0.0
117.57360744476318,0.025299599952889655,-4.038443841466579,0.012615659681281338,0.00983078375624129,-0.008880807303882368,-0.6309203282088504,0.7757345076797797,0.0,0.0,0.0,0.0,0.0,0.0
117.69297552108765,0.027910742615384173,-4.034829453861643,0.014777985676011983,0.0092619458676222,-0.008846263621671667,-0.631121368446803,0.775578350825047,0.0,0.0,0.0,0.0,0.0,0.0
117.77344727516174,0.02826603690497188,-4.03675906862144,0.016165144081052876,0.009849767414900295,-0.008732181456603722,-0.6306485454815032,0.7759569209504676,0.0,0.0,0.0,0.0,0.0,0.0
117.89897584915161,0.028513227633542464,-4.034899019890813,0.01623718004408894,0.009611768074363779,-0.00804968879164632,-0.6315537847353527,0.7752306968969164,0.0,0.0,0.0,0.0,0.0,0.0
117.98879480361938,0.02496752168205063,-4.036038657362903,0.01733459149003929,0.009472696884781744,-0.008790213370119529,-0.6306946912012595,0.775923454119779,0.0,0.0,0.0,0.0,0.0,0.0
118.07777786254883,0.029785123180132104,-4.0353424082999725,0.017830145593026463,0.009298171157711975,-0.008625482414352762,-0.6310210439995031,0.7756620314905218,0.0,0.0,0.0,0.0,0.0,0.0
118.1708652973175,0.026016953957825738,-4.034122888995506,0.015584268128909985,0.008759376883880612,-0.008615796857177338,-0.6310451510505632,0.775648798552978,0.0,0.0,0.0,0.0,0.0,0.0
118.27079701423645,0.022990646806021694,-4.035809364084996,0.015487983180639759,0.008588730130924753,-0.008597677559841673,-0.6312442745053037,0.7754888648843203,0.0,0.0,0.0,0.0,0.0,0.0
118.3863754272461,0.024953952449687046,-4.037678466847178,0.01269237700660654,0.008529592775992953,-0.008080900330116643,-0.6316584050439329,0.7751577932487481,0.0,0.0,0.0,0.0,0.0,0.0
118.48895215988159,0.02945645902106798,-4.038900906122315,0.012547358951741982,0.010416849056042706,-0.007331556417060005,-0.6316453663063214,0.7751528034910178,0.0,0.0,0.0,0.0,0.0,0.0
118.57262349128723,0.029952660048501223,-4.038073109165557,0.014960944987891895,0.009445275703552636,-0.008542842461871704,-0.6319464661198297,0.7749073948338593,0.0,0.0,0.0,0.0,0.0,0.0
118.67237281799316,0.025596332194665537,-4.0360141258498965,0.01387804753602475,0.0083933387614695,-0.009236688860786137,-0.6323264018384174,0.7746015472366352,0.0,0.0,0.0,0.0,0.0,0.0
118.78802609443665,0.02839855331842458,-4.0374139491412215,0.019988757325981175,0.008763676769049985,-0.008674718743129488,-0.631521149507583,0.7752605916392372,0.0,0.0,0.0,0.0,0.0,0.0
118.8890278339386,0.031532340888455766,-4.03534790880251,0.01901204592231892,0.008921630093053889,-0.008657248912712199,-0.6318304332532253,0.7750069420158586,0.0,0.0,0.0,0.0,0.0,0.0
118.97237133979797,0.030606188329780314,-4.038093089926571,0.017959764762746314,0.00850119108382032,-0.008729052704014324,-0.6317504344465937,0.77507607495366,0.0,0.0,0.0,0.0,0.0,0.0
119.10045862197876,0.036554418852425816,-4.037710274220258,0.016167588818276055,0.00874232770365945,-0.008625841566107077,-0.6314953764766275,0.7752823718183107,0.0,0.0,0.0,0.0,0.0,0.0
119.18865156173706,0.034030149442853624,-4.035432635958606,0.01796562095177023,0.00928420302224786,-0.008687599594401072,-0.6314143916817029,0.7753413410651713,0.0,0.0,0.0,0.0,0.0,0.0
119.30728316307068,0.02896530496082816,-4.033623596133771,0.01669616070888524,0.00939679510167841,-0.008681730866657465,-0.6310002337294639,0.7756771447092679,0.0,0.0,0.0,0.0,0.0,0.0
119.40504384040833,0.023530229664128384,-4.034213288825916,0.013858343042916789,0.00890018618704907,-0.008646275740296104,-0.6311687704859205,0.7755462666823526,0.0,0.0,0.0,0.0,0.0,0.0
119.47009348869324,0.026012710282160793,-4.030209457164054,0.015135853897909475,0.008816575815866591,-0.008306812449487559,-0.6313026926633194,0.7754419224505721,0.0,0.0,0.0,0.0,0.0,0.0
119.58739900588989,0.02551283386024373,-4.027045751473825,0.01454569171472699,0.008991888710418295,-0.00857130951403253,-0.6311228001229607,0.7755834511872793,0.0,0.0,0.0,0.0,0.0,0.0
119.68936347961426,0.026271821461655888,-4.031603914654006,0.01578742672373528,0.009057884636724996,-0.008578604320091355,-0.6311174511925142,0.7755869551984967,0.0,0.0,0.0,0.0,0.0,0.0
119.78747487068176,0.028526460975759584,-4.033892736489192,0.019456224254096717,0.009373236579731131,-0.00838930949690039,-0.6308073651025031,0.7758375023512373,0.0,0.0,0.0,0.0,0.0,0.0
119.888343334198,0.026755225583977204,-4.034340183812309,0.019693100963235163,0.009491403430803309,-0.008636866627730267,-0.6308144525510854,0.7758275866765934,0.0,0.0,0.0,0.0,0.0,0.0
119.99216628074646,0.02444990734306401,-4.035285178481033,0.01785597959262361,0.009066664918315674,-0.008704788714672354,-0.6313464429812998,0.775399052859581,0.0,0.0,0.0,0.0,0.0,0.0
120.08002638816833,0.025352068395512663,-4.039736785080404,0.01614393340767107,0.008808308834772722,-0.008497093758258512,-0.6317903997552398,0.775042646484845,0.0,0.0,0.0,0.0,0.0,0.0
120.18985533714294,0.02981377267539579,-4.042272242274676,0.015353546794584411,0.009188732609565202,-0.008607046618507787,-0.6313312207399425,0.7754111010686745,0.0,0.0,0.0,0.0,0.0,0.0
120.28722047805786,0.028193268962727967,-4.041122768499166,0.015852634278128306,0.009023831412617856,-0.008291989588331702,-0.6313853465710171,0.7753723992448295,0.0,0.0,0.0,0.0,0.0,0.0
120.38807344436646,0.027094060574301804,-4.038871310733074,0.01544046970836134,0.009064662332533275,-0.00837794200349478,-0.6313039304720015,0.7754372891183197,0.0,0.0,0.0,0.0,0.0,0.0
120.48871541023254,0.026290878339985068,-4.034996804061629,0.01617930706444832,0.009130426461714317,-0.008460175436138523,-0.6309601451626387,0.7757153833465867,0.0,0.0,0.0,0.0,0.0,0.0
120.58722400665283,0.028231877145453672,-4.029862485367261,0.015274175533599658,0.009024568763705186,-0.008083272448086388,-0.6310595743622658,0.7756397562469691,0.0,0.0,0.0,0.0,0.0,0.0
120.68633913993835,0.0242773476261205,-4.028891332955785,0.016535228478879043,0.009016787125034401,-0.008381462171283787,-0.6311357623592057,0.7755746889327031,0.0,0.0,0.0,0.0,0.0,0.0
120.79654288291931,0.026425255730447725,-4.036292696219891,0.01708334023423262,0.009235636848169738,-0.00860303953809905,-0.6313603693872006,0.7753868548601746,0.0,0.0,0.0,0.0,0.0,0.0
120.88694548606873,0.02714934481998307,-4.037570279023808,0.018291667557682103,0.009411297619768484,-0.008353874036505234,-0.6313853532406214,0.7753671233544089,0.0,0.0,0.0,0.0,0.0,0.0
120.98945355415344,0.0272428725125177,-4.037146350718167,0.018409442436355006,0.009683583688641147,-0.008335322428248576,-0.6312048103874892,0.7755109528244184,0.0,0.0,0.0,0.0,0.0,0.0
121.08833742141724,0.027128628531485604,-4.03812566656845,0.01797628799099948,0.009856806224723963,-0.008681910190230398,-0.6313713866192096,0.775369357122794,0.0,0.0,0.0,0.0,0.0,0.0
121.18715190887451,0.02714432538319322,-4.035238143103838,0.017232272351562675,0.00972926875277697,-0.008186660694134387,-0.631555536570183,0.7752263696132532,0.0,0.0,0.0,0.0,0.0,0.0
121.28938436508179,0.02996394656979396,-4.036059570948184,0.01586148825917472,0.009330143045467176,-0.0083833951135146,-0.6313134053899745,0.7754263674211865,0.0,0.0,0.0,0.0,0.0,0.0
121.38732051849365,0.02835011485652723,-4.034281540164452,0.015042823030861272,0.009189592558273686,-0.008744838123374612,-0.6312759114117512,0.775454578209487,0.0,0.0,0.0,0.0,0.0,0.0
121.50575423240662,0.02661109630064823,-4.038362817713976,0.01543051508597292,0.009393479899459633,-0.008427954694540251,-0.6314196384027824,0.775338617865979,0.0,0.0,0.0,0.0,0.0,0.0
121.62237668037415,0.029109402430503993,-4.032936023580503,0.01615565131627884,0.009331669418745445,-0.008537410106971817,-0.6311869180934194,0.7755276313596037,0.0,0.0,0.0,0.0,0.0,0.0
121.70060229301453,0.028751556590822392,-4.030955989145999,0.018343082967268907,0.009531390643649574,-0.00807593940808861,-0.6313300490164294,0.7754136322015295,0.0,0.0,0.0,0.0,0.0,0.0
121.79014348983765,0.027416075321765588,-4.028420155912508,0.019439847044956184,0.00967452725285492,-0.00882982221712024,-0.6309024498586887,0.7757515945999299,0.0,0.0,0.0,0.0,0.0,0.0
121.89038586616516,0.02969359839852894,-4.0287865683287505,0.017321734049818224,0.009377004432396547,-0.008147295338573555,-0.6313459102164123,0.7754018538922458,0.0,0.0,0.0,0.0,0.0,0.0
121.98741173744202,0.024499966470967614,-4.029187182989946,0.014255548962340695,0.009193734250814583,-0.007882614744876436,-0.6310225131737887,0.7756699862074894,0.0,0.0,0.0,0.0,0.0,0.0
122.08953261375427,0.02262975776340899,-4.0339750410395485,0.015533482656315335,0.009493403905811429,-0.008427892310425967,-0.6309435692908715,0.7757248599110139,0.0,0.0,0.0,0.0,0.0,0.0
122.18980503082275,0.02426696507703813,-4.037552542648613,0.013958451100208448,0.009127711537146147,-0.008413943687634253,-0.6308372472254564,0.7758158660060424,0.0,0.0,0.0,0.0,0.0,0.0
122.32419800758362,0.025626983108904353,-4.033695418414971,0.013941987214729272,0.009049615941019929,-0.008257934836899844,-0.6305867641038793,0.7760220640552237,0.0,0.0,0.0,0.0,0.0,0.0
122.38911366462708,0.02589156292625533,-4.036555767051546,0.01535276725213602,0.009494881580899396,-0.008528116023680123,-0.6309513863352522,0.7757173883202934,0.0,0.0,0.0,0.0,0.0,0.0
122.48907732963562,0.027003116366843345,-4.036967051556724,0.014448615997719865,0.00896665633379214,-0.008366929600253878,-0.6310902183728747,0.7756124869013619,0.0,0.0,0.0,0.0,0.0,0.0
122.58896565437317,0.030768743729685136,-4.036096693608718,0.015263373025360811,0.008924417247429936,-0.0082308020679435,-0.6308847942095154,0.7757815318176324,0.0,0.0,0.0,0.0,0.0,0.0
122.68801140785217,0.03479869959245458,-4.034057586823807,0.018617219634208784,0.009380802635119301,-0.008687042330829585,-0.6311081815527214,0.7755894526195305,0.0,0.0,0.0,0.0,0.0,0.0
122.78883767127991,0.034270812825271287,-4.033466909323048,0.018957374287754604,0.00998760134332498,-0.008499704634605594,-0.6310065963594959,0.7756666024725559,0.0,0.0,0.0,0.0,0.0,0.0
122.88875222206116,0.03047999548662529,-4.034819457268181,0.019664631905204406,0.009301450491196857,-0.008302331070915239,-0.6310569341540788,0.7756363195297046,0.0,0.0,0.0,0.0,0.0,0.0
123.00099205970764,0.02943319478881553,-4.029728952320576,0.018411749722444744,0.009543281744854637,-0.008485988515387838,-0.6310578126104796,0.7756306794575072,0.0,0.0,0.0,0.0,0.0,0.0
123.10252714157104,0.028425944625940558,-4.031030314574672,0.01939210207821508,0.009828922603553981,-0.008787973812262265,-0.6306623690505305,0.7759453202773264,0.0,0.0,0.0,0.0,0.0,0.0
123.2116346359253,0.02419591661150598,-4.033636405023201,0.017686358303938863,0.009513897330644207,-0.00848367278274551,-0.6311041259129769,0.7755933827137105,0.0,0.0,0.0,0.0,0.0,0.0
123.28891372680664,0.024827367865038395,-4.038122708183296,0.017127818740005265,0.009604340619307514,-0.008463339842063931,-0.6311999100939384,0.7755145401714731,0.0,0.0,0.0,0.0,0.0,0.0
123.38655853271484,0.024237138241738784,-4.03982054607903,0.01756418832843037,0.009667794910520302,-0.008656959293312685,-0.631458744193572,0.775300873970113,0.0,0.0,0.0,0.0,0.0,0.0
123.48645401000977,0.026734049162229465,-4.035598097170368,0.014885272149396365,0.008722553365367472,-0.008395741636777742,-0.6312105346660015,0.7755170465642901,0.0,0.0,0.0,0.0,0.0,0.0
123.58760023117065,0.029834458302713442,-4.0329430605003616,0.012812958746736818,0.008660997176076135,-0.00823631578109385,-0.6310407032260132,0.775657644262126,0.0,0.0,0.0,0.0,0.0,0.0
123.69305396080017,0.03072636318425426,-4.031524038851152,0.016914074271463703,0.00948276181191701,-0.008352454851716512,-0.6310532543339645,0.7756365797980799,0.0,0.0,0.0,0.0,0.0,0.0
123.8080723285675,0.03142360717818301,-4.027897876252496,0.018385275415229333,0.00984235879158606,-0.00867190423391463,-0.6312396881843413,0.7754768740015998,0.0,0.0,0.0,0.0,0.0,0.0
123.88616609573364,0.025967398465115515,-4.033758400050274,0.01723299389603685,0.009279557280624521,-0.00835530709879098,-0.6314810737639145,0.77529074039222,0.0,0.0,0.0,0.0,0.0,0.0
123.98981380462646,0.02393675846560632,-4.03681059048479,0.01706843217996422,0.009301772387776377,-0.008374244399083736,-0.6319725187561194,0.7748897241531977,0.0,0.0,0.0,0.0,0.0,0.0
124.09046840667725,0.028029159290103658,-4.031439360498459,0.016863275105149907,0.00953139025332658,-0.008751804067294196,-0.6311647956528149,0.7755408172713598,0.0,0.0,0.0,0.0,0.0,0.0
124.18592667579651,0.026684713261855383,-4.034682159458494,0.015595103475890564,0.009458556175297004,-0.008516479627002707,-0.6310992492812675,0.7755976681543362,0.0,0.0,0.0,0.0,0.0,0.0
124.28802227973938,0.028670966204912343,-4.035749406698894,0.01617555125969875,0.009029603101127288,-0.008659996660881242,-0.6309990827138379,0.7756826853423676,0.0,0.0,0.0,0.0,0.0,0.0
124.38788366317749,0.026683798945553346,-4.035902147598224,0.014317726245726357,0.008924544068973129,-0.008290067685883697,-0.6312969624510892,0.7754455316080776,0.0,0.0,0.0,0.0,0.0,0.0
124.48948311805725,0.02672572671024587,-4.037221027713943,0.015622694118338653,0.008955933621095005,-0.008285211930510357,-0.6311202152127559,0.7755890796459344,0.0,0.0,0.0,0.0,0.0,0.0
124.58774542808533,0.02558324312692545,-4.038062885782612,0.015150255373382824,0.009446819845548918,-0.008656841838448674,-0.6313954042346388,0.7753551832518748,0.0,0.0,0.0,0.0,0.0,0.0
124.6879358291626,0.02638613222962235,-4.036056153935917,0.01621400881955115,0.009301809912307274,-0.008200549832374322,-0.6312258272047154,0.7754999564052254,0.0,0.0,0.0,0.0,0.0,0.0
124.78991103172302,0.027431080773814374,-4.032146364853041,0.017495858169016384,0.009869930791543007,-0.00843294386717846,-0.6313655819736524,0.7753766644818221,0.0,0.0,0.0,0.0,0.0,0.0
124.90162515640259,0.02601093964075752,-4.03591283268851,0.01873434085554179,0.009221410039166903,-0.00825972676215081,-0.6315867436998511,0.7752063774849279,0.0,0.0,0.0,0.0,0.0,0.0
124.98812437057495,0.026219495495577932,-4.03313774665941,0.01881474603239884,0.009380919093444882,-0.008390898360738442,-0.6312137361062314,0.7755068088240472,0.0,0.0,0.0,0.0,0.0,0.0
125.08726406097412,0.0243786004574408,-4.03172205328988,0.016443037480422248,0.00911254635931307,-0.008317225882558557,-0.631131496666527,0.775577732511655,0.0,0.0,0.0,0.0,0.0,0.0
125.18796181678772,0.02667756299378241,-4.029370218354974,0.015171214615720916,0.008883934956595037,-0.008481330930781555,-0.6314478704810417,0.7753210493661769,0.0,0.0,0.0,0.0,0.0,0.0
125.28698205947876,0.030630436039014983,-4.030424122126895,0.01528096692478147,0.008971864155514342,-0.0084002535423232,-0.631602963531617,0.7751945806389908,0.0,0.0,0.0,0.0,0.0,0.0
125.38709425926208,0.027247268234260092,-4.0321484742023825,0.017126171583648382,0.00945070444719862,-0.008514113801850905,-0.631238899069849,0.7754841367511581,0.0,0.0,0.0,0.0,0.0,0.0
125.48854184150696,0.02145037851727835,-4.032732384912182,0.014813445017922837,0.009230417831353609,-0.008494186556331317,-0.6309803612516297,0.7756973842267036,0.0,0.0,0.0,0.0,0.0,0.0
125.58993172645569,0.022236976428831337,-4.03492421316251,0.016895222058727212,0.009686901927242081,-0.008397940142193873,-0.6310489518173398,0.7756370665089694,0.0,0.0,0.0,0.0,0.0,0.0
125.68611168861389,0.027449294149372,-4.031286119009866,0.018154982161769945,0.00914936772783175,-0.008116432956326216,-0.631677419716644,0.7751348592382825,0.0,0.0,0.0,0.0,0.0,0.0
125.78728342056274,0.025164212801927956,-4.033603817300639,0.017415593355764074,0.00938467249690501,-0.00842237325492163,-0.6312731656323858,0.7754580465140137,0.0,0.0,0.0,0.0,0.0,0.0
125.9104585647583,0.025273490069356096,-4.03595918001353,0.020007463491634358,0.00917709246547244,-0.0086009243375333,-0.6310875827685549,0.7756096105320933,0.0,0.0,0.0,0.0,0.0,0.0
125.98999333381653,0.027050300070003752,-4.034240610300146,0.01756952638160088,0.009023947439981236,-0.008494563075082303,-0.6316578259750731,0.7751482449539508,0.0,0.0,0.0,0.0,0.0,0.0
126.08581233024597,0.029111872454411204,-4.032182956225688,0.01746599448155427,0.009253219270374423,-0.008499036193807367,-0.6311058936069766,0.7755949299546974,0.0,0.0,0.0,0.0,0.0,0.0
126.18507766723633,0.029648264850064,-4.034126203588993,0.01627403571578172,0.00942091615978278,-0.008536567737111544,-0.6312878655124132,0.7754443914341909,0.0,0.0,0.0,0.0,0.0,0.0
126.2869439125061,0.031428200940271774,-4.033040086673482,0.017175370001596448,0.009420915230598853,-0.008510561423488341,-0.6314864037634059,0.7752830054647252,0.0,0.0,0.0,0.0,0.0,0.0
126.39114928245544,0.02948888126920832,-4.032519937219243,0.018563893097785576,0.009455467478092635,-0.008462070907388321,-0.6315077150876817,0.77526575654768,0.0,0.0,0.0,0.0,0.0,0.0
126.48731422424316,0.028734062763741186,-4.034486888383306,0.017597616109821496,0.009508115628268874,-0.008739080604012588,-0.6318915219264931,0.7749492426764467,0.0,0.0,0.0,0.0,0.0,0.0
126.5973916053772,0.027888710944559574,-4.039571187542079,0.016612434700676266,0.008955172316858481,-0.008529998567364283,-0.6318198726921631,0.7750165756191649,0.0,0.0,0.0,0.0,0.0,0.0
126.68755149841309,0.028986854392410152,-4.0346896790658775,0.016873021612017272,0.009103860945528279,-0.008287203260869246,-0.6318764647780253,0.7749713383329768,0.0,0.0,0.0,0.0,0.0,0.0
126.78832674026489,0.028448095580078426,-4.028835808167479,0.01711011583529465,0.00880108938155038,-0.008140406504808117,-0.6316479683795825,0.775162640127582,0.0,0.0,0.0,0.0,0.0,0.0
126.89932775497437,0.027902926001294934,-4.026538602062755,0.019025152349406764,0.009727862510921444,-0.008599067239256587,-0.631429684392575,0.7753244342863568,0.0,0.0,0.0,0.0,0.0,0.0
126.99928760528564,0.023787707672309383,-4.028162181259968,0.018167496658761922,0.00910473856362112,-0.00832902579679653,-0.6314469150596658,0.7753209171217925,0.0,0.0,0.0,0.0,0.0,0.0
127.08920669555664,0.023593552073825186,-4.0365495741829465,0.0167628996335654,0.009076745267143152,-0.00811312240379345,-0.6316062285194551,0.7751937577377853,0.0,0.0,0.0,0.0,0.0,0.0
127.18436217308044,0.01916564738537062,-4.03752018058118,0.015241908225178593,0.008837777911702543,-0.008285872534840597,-0.6315746771721674,0.7752203977919917,0.0,0.0,0.0,0.0,0.0,0.0
127.29020190238953,0.01799374411834612,-4.043594395690362,0.013952022416628676,0.00904453952756974,-0.008631521393390927,-0.6316961754168722,0.7751152398881396,0.0,0.0,0.0,0.0,0.0,0.0
127.38726282119751,0.02646471969115274,-4.040081937545303,0.015992778194079713,0.008905527802470063,-0.008312313850243098,-0.6315941638111088,0.7752034631325792,0.0,0.0,0.0,0.0,0.0,0.0
127.50322103500366,0.026174372756753744,-4.037176754721076,0.018962601646601848,0.009151023687559363,-0.00822463430469383,-0.6315190669318838,0.7752627182171795,0.0,0.0,0.0,0.0,0.0,0.0
127.60428929328918,0.02209696865738135,-4.036943988743778,0.019016063278019895,0.009230422213840109,-0.008233575083955842,-0.6317294036862836,0.7750902967172579,0.0,0.0,0.0,0.0,0.0,0.0
127.68646597862244,0.02697583496955233,-4.036919299336204,0.018156353989132262,0.009481549821336255,-0.008186330555859586,-0.6317990926588347,0.7750309611366971,0.0,0.0,0.0,0.0,0.0,0.0
127.78921604156494,0.028555464109378505,-4.0334300853966525,0.019168665461581687,0.009821043529305776,-0.008363503246916162,-0.6315678611076372,0.7752132840279129,0.0,0.0,0.0,0.0,0.0,0.0
127.89040112495422,0.02875406138388044,-4.036213097308127,0.01821927559089591,0.009439106718790986,-0.008547585778687155,-0.6317424889450398,0.7750737188830595,0.0,0.0,0.0,0.0,0.0,0.0
127.99925875663757,0.029574554245494183,-4.032576484288283,0.01654202524127348,0.009602386284754853,-0.00829019426895416,-0.6316072957560341,0.7751846817400054,0.0,0.0,0.0,0.0,0.0,0.0
128.08860683441162,0.025925024524471808,-4.02811695611891,0.016056356981325407,0.00939102452981815,-0.008175991787968141,-0.6314240274938154,0.775337771116586,0.0,0.0,0.0,0.0,0.0,0.0
128.18589043617249,0.022628829534581535,-4.032943085185882,0.019399251955805632,0.009711430528517747,-0.008455992148446582,-0.6310770724610002,0.7756132495824908,0.0,0.0,0.0,0.0,0.0,0.0
128.2867181301117,0.019250697734754362,-4.03572876897373,0.016838366052200883,0.009065514168200261,-0.008620166042724281,-0.6314595331197165,0.7753079176833381,0.0,0.0,0.0,0.0,0.0,0.0
128.3874433040619,0.025483255607521137,-4.0365888875465155,0.019260975859738447,0.009467249668866046,-0.008256065697066542,-0.6320359167542161,0.7748372787208632,0.0,0.0,0.0,0.0,0.0,0.0
128.48607659339905,0.025143794234987887,-4.031474398433421,0.0200335883100582,0.009801805777962322,-0.008228086463802383,-0.6313496795422677,0.7753926781563603,0.0,0.0,0.0,0.0,0.0,0.0
128.58540272712708,0.02948968988069864,-4.029447855074458,0.020911274153800043,0.009553028083828127,-0.008457672108959287,-0.6317913520718509,0.7750334798472457,0.0,0.0,0.0,0.0,0.0,0.0
128.68721079826355,0.029134494121293052,-4.032752878433688,0.01975990683548468,0.009897779924456665,-0.008466340106796408,-0.6315226177813912,0.7752480495094994,0.0,0.0,0.0,0.0,0.0,0.0
128.7930932044983,0.027793759300215767,-4.029403934186777,0.017480120088138786,0.010177787095404461,-0.007862769763990612,-0.6311933485634134,0.7755188883778175,0.0,0.0,0.0,0.0,0.0,0.0
128.88905453681946,0.02673843476428191,-4.0277553784399025,0.017015073062555175,0.010178533585976996,-0.007985236940639,-0.6311103907135912,0.775585139219648,0.0,0.0,0.0,0.0,0.0,0.0
128.98508667945862,0.0232891762614989,-4.0285031758261445,0.014603427227156617,0.009839924103281697,-0.008281806228499179,-0.631378953274095,0.7753677868867941,0.0,0.0,0.0,0.0,0.0,0.0
129.08489727973938,0.024946284870880846,-4.03328185603862,0.016090925470785493,0.009419466784463587,-0.008077657927833133,-0.6314453757352149,0.775321070622031,0.0,0.0,0.0,0.0,0.0,0.0
129.18637418746948,0.027298641764476172,-4.031501817081745,0.01856669551656097,0.009863883158357725,-0.008351847288537504,-0.6315079003203015,0.7752617121262555,0.0,0.0,0.0,0.0,0.0,0.0
129.28491187095642,0.029153734971218197,-4.037180613629545,0.0197219494646487,0.009312098413452794,-0.00857087740989522,-0.6316427892472111,0.7751562498461507,0.0,0.0,0.0,0.0,0.0,0.0
129.38570547103882,0.029133649205770093,-4.038557285465725,0.019912226977695343,0.009140281229267331,-0.008497834331819635,-0.6315550532916248,0.7752305829445293,0.0,0.0,0.0,0.0,0.0,0.0
129.49457836151123,0.027005230947583104,-4.0380102310437875,0.01649604368822277,0.008773121847390375,-0.008300650111891203,-0.6313425875503582,0.7754100003778467,0.0,0.0,0.0,0.0,0.0,0.0
129.62188529968262,0.02937724827889896,-4.038173960519086,0.01894061994593103,0.00950740965163614,-0.008627926414276989,-0.6320691221406969,0.7748056484588748,0.0,0.0,0.0,0.0,0.0,0.0
129.68774485588074,0.02313496821407866,-4.041186033742911,0.018991353505464267,0.009473987459718692,-0.008650992838441438,-0.6313202149226964,0.7754161399625785,0.0,0.0,0.0,0.0,0.0,0.0
129.78793168067932,0.022356730680087943,-4.038591937893204,0.016723952481710276,0.008708988580274296,-0.008204498795576283,-0.6317230021374676,0.7751018567180896,0.0,0.0,0.0,0.0,0.0,0.0
129.8839349746704,0.024773540784563865,-4.037413782715081,0.015191013542440672,0.008966656429504985,-0.008227004779174579,-0.6319990528946082,0.7748736107296077,0.0,0.0,0.0,0.0,0.0,0.0
129.9849898815155,0.0247264108078865,-4.034716324715496,0.01563594395011279,0.008690119562170787,-0.008618740669594307,-0.6317792770957728,0.7750517041872694,0.0,0.0,0.0,0.0,0.0,0.0
130.08507227897644,0.028535094072643378,-4.0286953709908735,0.014588364808012138,0.008374340106935529,-0.00841709039724909,-0.6321030678915257,0.7747933495966016,0.0,0.0,0.0,0.0,0.0,0.0
130.21035957336426,0.027931774901540522,-4.031179933894444,0.014068108329750187,0.008720857002268819,-0.00783779761384514,-0.6331883435116872,0.773908933416987,0.0,0.0,0.0,0.0,0.0,0.0
130.29165983200073,0.029466314034201337,-4.037164183969244,0.015962163381407202,0.009091034742415767,-0.008543278178236129,-0.6341767306589878,0.7730874722668457,0.0,0.0,0.0,0.0,0.0,0.0
130.3927104473114,0.026708111606011633,-4.041329675649847,0.015960381822490655,0.009199974881921253,-0.007959631484274898,-0.6338568059918102,0.773354740223818,0.0,0.0,0.0,0.0,0.0,0.0
130.49704575538635,0.02783811684011374,-4.0388567494211935,0.016739264047460102,0.009452085925023805,-0.008051752350879965,-0.6331887370406604,0.7738978295877182,0.0,0.0,0.0,0.0,0.0,0.0
130.60851454734802,0.024778542184369028,-4.038751939097359,0.01822899005487507,0.010628807922346892,-0.008628461962527065,-0.6328558724613731,0.7741485792646308,0.0,0.0,0.0,0.0,0.0,0.0
130.68835067749023,0.02204062194137962,-4.037837682305319,0.017462127522208406,0.009264761163927864,-0.008338698113350045,-0.6330434460314157,0.7740159079444042,0.0,0.0,0.0,0.0,0.0,0.0
130.7873239517212,0.023821119898398736,-4.038126623086219,0.017226570492731828,0.009283634293329967,-0.008324245564643944,-0.6335639372115341,0.7735898516236412,0.0,0.0,0.0,0.0,0.0,0.0
130.88643884658813,0.023035689178903432,-4.037577090824288,0.017101568855698347,0.009075467386454334,-0.008397083110516875,-0.6330110591268145,0.7740440064428389,0.0,0.0,0.0,0.0,0.0,0.0
131.00021839141846,0.02744788053798068,-4.0396291923599215,0.017685577385249493,0.009431910649691977,-0.008208995640843106,-0.6329748772894693,0.7740713508278336,0.0,0.0,0.0,0.0,0.0,0.0
131.108167886734,0.03353581226786814,-4.034363220673349,0.018114195277734526,0.009135315525483396,-0.008350062596094672,-0.6337752119606285,0.7734182588801042,0.0,0.0,0.0,0.0,0.0,0.0
131.1980700492859,0.032766885087908405,-4.036050629527378,0.01797646695217919,0.009100940032874217,-0.008541756093234798,-0.633565311877387,0.7735885255606183,0.0,0.0,0.0,0.0,0.0,0.0
131.28675866127014,0.027703955584087576,-4.036744240430895,0.01838094647583651,0.009635575727097412,-0.008753059191631081,-0.6330926183307781,0.7739665860037209,0.0,0.0,0.0,0.0,0.0,0.0
131.40424251556396,0.02316492493770766,-4.036858086720438,0.015396822750916637,0.0089460862227975,-0.008127328473375203,-0.633194350019732,0.7738984617998989,0.0,0.0,0.0,0.0,0.0,0.0
131.50280332565308,0.022855450305777247,-4.034233144313457,0.015996169130595553,0.009146359147850313,-0.008198657169978392,-0.6329930644763005,0.7740600147661872,0.0,0.0,0.0,0.0,0.0,0.0
131.58346891403198,0.020099350902214715,-4.034983914638343,0.016839241130416557,0.009080760709117333,-0.008519245080465204,-0.633097485662408,0.7739719219042249,0.0,0.0,0.0,0.0,0.0,0.0
131.7043809890747,0.022866508925420064,-4.03718870436241,0.015290634708582327,0.009188899973035047,-0.008153507014827593,-0.6331033487820943,0.7739697889462626,0.0,0.0,0.0,0.0,0.0,0.0
131.79878783226013,0.026591903114302283,-4.037590517468448,0.01754999107910742,0.009579698989998489,-0.008249661616881931,-0.6329832745532218,0.7740622368946363,0.0,0.0,0.0,0.0,0.0,0.0
131.8859007358551,0.026391853191839777,-4.03911035360877,0.01572551036615405,0.009643360812625117,-0.008234525831768822,-0.6329160024126751,0.7741166139972073,0.0,0.0,0.0,0.0,0.0,0.0
132.0044207572937,0.024996067869827165,-4.038185848152401,0.01755716491250229,0.00950163202541401,-0.008554062346077994,-0.6331791040607107,0.7738997152002893,0.0,0.0,0.0,0.0,0.0,0.0
132.10491180419922,0.026582124832974712,-4.0342799638387445,0.01810761231339146,0.008969775430672297,-0.008169826852097092,-0.6333743831909783,0.7737504040550529,0.0,0.0,0.0,0.0,0.0,0.0
132.20324659347534,0.030568227520335823,-4.0341715856796725,0.019375190871927947,0.009569089260739117,-0.008275613316614675,-0.6334129059309153,0.7737105643295095,0.0,0.0,0.0,0.0,0.0,0.0
132.28723216056824,0.028093171924830948,-4.034202390998498,0.019317113274766973,0.009585270484666002,-0.008516825903230196,-0.6332264743123869,0.7738603352648035,0.0,0.0,0.0,0.0,0.0,0.0
132.38626408576965,0.024461852051052998,-4.034999778498796,0.019414742305903187,0.009186382199646688,-0.008433079636518185,-0.63300237403461,0.7740494092862891,0.0,0.0,0.0,0.0,0.0,0.0
132.51558995246887,0.026548230978468645,-4.039569261217032,0.01902177717861208,0.009305341575872537,-0.008330864758896996,-0.6329959403081223,0.7740543565305604,0.0,0.0,0.0,0.0,0.0,0.0
132.6284339427948,0.023122240512101672,-4.035584750279098,0.017798975146886758,0.009415936668159996,-0.008449866353704247,-0.6330258736552057,0.7740272496355077,0.0,0.0,0.0,0.0,0.0,0.0
132.71137261390686,0.02493218168974769,-4.033081978982377,0.017887823380620536,0.009251026832071829,-0.008419482998681883,-0.6328605362144196,0.7741647579882229,0.0,0.0,0.0,0.0,0.0,0.0
132.80801701545715,0.02754899946109832,-4.03467348141662,0.018254638963476504,0.00918346222960662,-0.008171120988262774,-0.6329107293424722,0.7741271894762717,0.0,0.0,0.0,0.0,0.0,0.0
132.90463972091675,0.02876587575164872,-4.033370568675353,0.01818713226553623,0.009396600420956676,-0.008273403483645475,-0.6332125324266896,0.773876697848619,0.0,0.0,0.0,0.0,0.0,0.0
133.00361967086792,0.027148124476550312,-4.033541526133444,0.019508702587566113,0.009378976887411732,-0.00827649087004976,-0.6326034902146118,0.7743748179400548,0.0,0.0,0.0,0.0,0.0,0.0
133.13226699829102,0.025827588672321856,-4.032335330480674,0.01588199797682315,0.008717224369822755,-0.008246947088440837,-0.6328422361019881,0.7741877692578327,0.0,0.0,0.0,0.0,0.0,0.0
133.22937393188477,0.026809618522606778,-4.033318314627738,0.01763173649884888,0.009384335262035949,-0.0083444675707894,-0.6330541723438391,0.774005632402429,0.0,0.0,0.0,0.0,0.0,0.0
133.29758477210999,0.026022800453995996,-4.034648456688129,0.01825062847047148,0.009127607559061241,-0.008260222418361737,-0.6328944515573887,0.7741402125543512,0.0,0.0,0.0,0.0,0.0,0.0
133.40546250343323,0.02191350926970343,-4.035444682295883,0.018506130114184782,0.009219614947094694,-0.008622894156028151,-0.6330030111587249,0.7740464018781846,0.0,0.0,0.0,0.0,0.0,0.0
133.5056550502777,0.02172212210796713,-4.038728651795824,0.018655505625411843,0.009370227091343029,-0.008363909338313009,-0.6331821781846798,0.7739008806650352,0.0,0.0,0.0,0.0,0.0,0.0
133.60261917114258,0.022091049959971316,-4.033375989951026,0.01793472103549977,0.009343223223120202,-0.008325544281839918,-0.6330798032333611,0.7739853695194747,0.0,0.0,0.0,0.0,0.0,0.0
133.71388030052185,0.02364095671532827,-4.034097053230019,0.02016194913073928,0.009569870698446331,-0.008659764804206114,-0.6332739000962934,0.7738201299431,0.0,0.0,0.0,0.0,0.0,0.0
133.8070511817932,0.022072788389966867,-4.0359918358674465,0.02027244970260237,0.009687779926377363,-0.008115514147725439,-0.6331585111586736,0.7739189783805045,0.0,0.0,0.0,0.0,0.0,0.0
133.93158149719238,0.02402429249412735,-4.037162244346451,0.019177498256412285,0.00900576956860164,-0.008366920526087425,-0.6332496531539339,0.7738499644865181,0.0,0.0,0.0,0.0,0.0,0.0
134.0048463344574,0.021690006234481765,-4.032515865534574,0.019983051187566613,0.009180754002307966,-0.008448118321523895,-0.6331649916369677,0.7739162980698291,0.0,0.0,0.0,0.0,0.0,0.0
134.10144519805908,0.024081439809298024,-4.033451023032017,0.0207771835113295,0.009503781081385302,-0.008550404370389973,-0.6331289763512754,0.773940739355812,0.0,0.0,0.0,0.0,0.0,0.0
134.2047712802887,0.02477450037635607,-4.03489252405645,0.017926680349318932,0.009204751138713024,-0.008578663249274495,-0.6331766345591682,0.7739050513736359,0.0,0.0,0.0,0.0,0.0,0.0
134.30593872070312,0.025234878125896063,-4.035482262090363,0.017124968301668837,0.00937446021255597,-0.008441564885175824,-0.6329191196444118,0.7741151383783482,0.0,0.0,0.0,0.0,0.0,0.0
134.4038004875183,0.025542504875849362,-4.034565968636926,0.019019652882504578,0.009390023050865703,-0.008207877001082747,-0.6330899924636971,0.773977725560968,0.0,0.0,0.0,0.0,0.0,0.0
134.50604605674744,0.028438450357589583,-4.033292239381072,0.018971099119712998,0.009396086345042385,-0.008480424045178759,-0.6327584166944087,0.774245815017278,0.0,0.0,0.0,0.0,0.0,0.0
134.62590765953064,0.030586880020510684,-4.033711576065561,0.02041622796754865,0.009692572820449599,-0.00870131299061269,-0.6328161649061153,0.7741925100502133,0.0,0.0,0.0,0.0,0.0,0.0
134.70756268501282,0.02777587812627379,-4.036536975070206,0.020269284315865655,0.009771897842274115,-0.008513281037954238,-0.6325446183160937,0.7744154827338164,0.0,0.0,0.0,0.0,0.0,0.0
134.80538725852966,0.023049587128680393,-4.038712027439458,0.020460815806915254,0.009814971290555492,-0.00859294576097577,-0.63340032795961,0.7737143220610218,0.0,0.0,0.0,0.0,0.0,0.0
134.90078496932983,0.022843195684213856,-4.039071980395265,0.01866765742715066,0.009543052269805135,-0.008491369055295413,-0.6330820312206991,0.7739793075724887,0.0,0.0,0.0,0.0,0.0,0.0
135.0203993320465,0.0252264944082932,-4.0310785114581575,0.01824418872356625,0.009527543284963915,-0.00816764012502211,-0.6325020605167012,0.7744570091463052,0.0,0.0,0.0,0.0,0.0,0.0
135.10278749465942,0.028270528014242843,-4.027308837330751,0.01688488894862972,0.009721261113977626,-0.008325124962533018,-0.6326283275900185,0.7743497843399579,0.0,0.0,0.0,0.0,0.0,0.0
135.20183515548706,0.026188471219889833,-4.025482966771255,0.014696966445018212,0.009379756518062988,-0.00858599157941769,-0.6325849625110578,0.7743865740837161,0.0,0.0,0.0,0.0,0.0,0.0
135.30389499664307,0.0236081686059159,-4.028412784626391,0.01474795753596835,0.009624074450453868,-0.00853511911096425,-0.6328379863941549,0.7741773775494193,0.0,0.0,0.0,0.0,0.0,0.0
135.40355825424194,0.021130442201538924,-4.029886251159643,0.016468159444832015,0.010010599005030379,-0.008640106319607613,-0.6325649333774842,0.7743944353696353,0.0,0.0,0.0,0.0,0.0,0.0
135.5155975818634,0.020990770470872222,-4.032887845128361,0.019687048072180722,0.010047543347590254,-0.008697555791402717,-0.6329755692792614,0.774057703334512,0.0,0.0,0.0,0.0,0.0,0.0
135.6027090549469,0.02549783575515207,-4.034964047102729,0.017149776459261364,0.009729132466712675,-0.00873788770566504,-0.6333718058618697,0.7737371316145639,0.0,0.0,0.0,0.0,0.0,0.0
135.70372462272644,0.027818290642163825,-4.033848088882638,0.017799160441495394,0.009879529856774939,-0.008650981536570002,-0.6333185081837214,0.7737798282458512,0.0,0.0,0.0,0.0,0.0,0.0
135.80418825149536,0.028385833016583272,-4.034782119853428,0.016897112991175828,0.009790013157487268,-0.008717493365153105,-0.6331086059242298,0.7739519714145408,0.0,0.0,0.0,0.0,0.0,0.0
135.91242289543152,0.02535735425320354,-4.032957457566668,0.016051895151088624,0.009513456437335501,-0.008861587849149057,-0.6326168347172888,0.774355801191969,0.0,0.0,0.0,0.0,0.0,0.0
136.0076277256012,0.02746768439522851,-4.027758346074645,0.015962284870596952,0.009483375234269514,-0.008698356804768204,-0.6325317816719864,0.774427497805893,0.0,0.0,0.0,0.0,0.0,0.0
136.12253212928772,0.026149567370269963,-4.027848224955852,0.017282355186470717,0.009923165106278947,-0.008368222406607942,-0.6332908707718891,0.7738049991082901,0.0,0.0,0.0,0.0,0.0,0.0
136.21068215370178,0.02597279009049232,-4.033274535169233,0.017038629911061386,0.009872954697316534,-0.008528800153335857,-0.6338153642307938,0.7733743391129854,0.0,0.0,0.0,0.0,0.0,0.0
136.30966711044312,0.02647274854693273,-4.03240122719174,0.017554921866574164,0.009836563537186318,-0.008634789760956264,-0.6332135451059508,0.7738664540590242,0.0,0.0,0.0,0.0,0.0,0.0
136.40554928779602,0.027891736504278945,-4.034874898716968,0.01989545327758463,0.009175572292294404,-0.008917999789311432,-0.6336392159768536,0.7735228646453033,0.0,0.0,0.0,0.0,0.0,0.0
136.51017689704895,0.029138886969717576,-4.035332554515802,0.019522224631847055,0.00895426645871648,-0.00849421620146335,-0.6334014008007138,0.7737249736611667,0.0,0.0,0.0,0.0,0.0,0.0
136.60338401794434,0.028727868633732445,-4.0299595087025635,0.017852655813501074,0.009391837588334073,-0.008333319407390759,-0.6332134554644534,0.7738753575305947,0.0,0.0,0.0,0.0,0.0,0.0
136.703195810318,0.02661471586801457,-4.029841769160007,0.01790794900615385,0.00976262885078244,-0.00871890167801345,-0.6328745956185449,0.7741436675786258,0.0,0.0,0.0,0.0,0.0,0.0
136.80113577842712,0.02693227683306499,-4.0351732417798125,0.01910101580325578,0.009858528495473069,-0.008449211538526817,-0.6333047315430248,0.7737936011918617,0.0,0.0,0.0,0.0,0.0,0.0
136.90301704406738,0.024186592309452675,-4.030481901766243,0.018799877685869066,0.009660410832585285,-0.008305942673477697,-0.6329302351790241,0.7741040015237278,0.0,0.0,0.0,0.0,0.0,0.0
137.0278241634369,0.022912777109528392,-4.028371137837039,0.01900884158237118,0.009813222631861447,-0.008503831493914865,-0.632915233391288,0.7741121965533959,0.0,0.0,0.0,0.0,0.0,0.0
137.1099717617035,0.028858093318701032,-4.029801513853812,0.020405203759641492,0.00949241604197735,-0.00845145995156286,-0.633119143639737,0.7739500092507463,0.0,0.0,0.0,0.0,0.0,0.0
137.20636701583862,0.02876661882149567,-4.028473679759529,0.022321395249866358,0.010146889554144146,-0.008875550856489604,-0.6329777855352139,0.7740525746021896,0.0,0.0,0.0,0.0,0.0,0.0
137.3041377067566,0.026853465937372156,-4.030405664949369,0.020703833394696048,0.009563000984960043,-0.00839410667204072,-0.6331427019531246,0.773930492323961,0.0,0.0,0.0,0.0,0.0,0.0
137.40254163742065,0.027605651808480187,-4.030799181058536,0.01906834923966731,0.009960312569858076,-0.00851214709118699,-0.6330220799609545,0.7740228561271865,0.0,0.0,0.0,0.0,0.0,0.0
137.500883102417,0.026277731571291773,-4.032059472618054,0.02120583029251767,0.010025524473916404,-0.008521419101049142,-0.6326708980103484,0.7743089881218468,0.0,0.0,0.0,0.0,0.0,0.0
137.61612343788147,0.02156671307366229,-4.032671806078132,0.02099206841895186,0.009833170763648022,-0.008364647889881059,-0.6330049099595808,0.7740401316375309,0.0,0.0,0.0,0.0,0.0,0.0
137.7115089893341,0.023522347306360318,-4.0323593928253105,0.01844238857695929,0.009597244735109443,-0.008495679713956617,-0.6330949665853414,0.7739680094189744,0.0,0.0,0.0,0.0,0.0,0.0
137.8009901046753,0.024134980527604974,-4.033749749033929,0.01670875781790492,0.009508230054771156,-0.008429253925017602,-0.6330605300166398,0.7739980016605441,0.0,0.0,0.0,0.0,0.0,0.0
137.91875195503235,0.031635717298753106,-4.031345977523036,0.0168367108696693,0.009547397443861348,-0.008500122733611344,-0.6328013722868552,0.7742086400624875,0.0,0.0,0.0,0.0,0.0,0.0
138.00076413154602,0.028480086917448407,-4.032401177189445,0.01548179107520785,0.00966598166301227,-0.008419088792847525,-0.6326457147425004,0.7743352551448953,0.0,0.0,0.0,0.0,0.0,0.0
138.1061851978302,0.028513372517974825,-4.0333408777896596,0.0181543067550735,0.010036836317755008,-0.008812856078948775,-0.6328774231165107,0.7741367855836832,0.0,0.0,0.0,0.0,0.0,0.0
138.21497893333435,0.027316991721755675,-4.034469913511082,0.017994162624173783,0.009533554372333271,-0.008287261964546783,-0.6329182061217193,0.7741156095763705,0.0,0.0,0.0,0.0,0.0,0.0
138.30412101745605,0.020596847395126235,-4.035053983241216,0.018727512653492283,0.009899924031657681,-0.008675313242077952,-0.6328895492555846,0.7741301885906215,0.0,0.0,0.0,0.0,0.0,0.0
138.40506029129028,0.021022222590832734,-4.029885281081477,0.0196048753803045,0.009591727385478423,-0.00841826288681163,-0.6328684505233899,0.7741541551576301,0.0,0.0,0.0,0.0,0.0,0.0
138.50225734710693,0.023223847237112027,-4.028977538571101,0.018657791796508002,0.009765389092142435,-0.00855822095938893,-0.6331358529856553,0.7739317706968657,0.0,0.0,0.0,0.0,0.0,0.0
138.60032415390015,0.025802989977175637,-4.032689662815581,0.018611575338106603,0.009730930268358253,-0.008577486978091003,-0.63359011888286,0.7735601443761347,0.0,0.0,0.0,0.0,0.0,0.0
138.70113229751587,0.026124759722866514,-4.041724991770493,0.017800224975918114,0.009439348252041504,-0.00874793924198979,-0.6338931986520044,0.7733135101408063,0.0,0.0,0.0,0.0,0.0,0.0
138.80579590797424,0.02729731118601078,-4.03634383338766,0.018565307532655916,0.009501094134066334,-0.008758921468391329,-0.6339542668660872,0.773262567325754,0.0,0.0,0.0,0.0,0.0,0.0
138.89953517913818,0.02656627477964945,-4.036841052127891,0.017562691107578098,0.009290915521843952,-0.008689324840294315,-0.6348047845213681,0.7725678352554767,0.0,0.0,0.0,0.0,0.0,0.0
139.00137948989868,0.030230147306714146,-4.0347523572130255,0.014327025682231743,0.009032538506202104,-0.009489457241805624,-0.6372918364435572,0.7705111800952377,0.0,0.0,0.0,0.0,0.0,0.0
139.116956949234,0.029058891959388485,-4.037477456587181,0.011480280367487996,0.008778348459853882,-0.00826822856750891,-0.6385197110962959,0.7695109846754254,0.0,0.0,0.0,0.0,0.0,0.0
139.19982242584229,0.027262611726590724,-4.041688398419638,0.014040438364573254,0.008999975768353487,-0.008300734253653538,-0.6379267749123426,0.7699996935693699,0.0,0.0,0.0,0.0,0.0,0.0
139.30924820899963,0.02745822375308155,-4.040488422521124,0.01794290661370332,0.009787396673308376,-0.008541097151577814,-0.6375892839738253,0.7702669417075606,0.0,0.0,0.0,0.0,0.0,0.0
139.40820336341858,0.028348475384164757,-4.038687879640004,0.020099004523851403,0.00954127465013382,-0.008569148222150878,-0.6381712194322324,0.7697876515410873,0.0,0.0,0.0,0.0,0.0,0.0
139.50057125091553,0.031497635057393315,-4.034184074047552,0.02125587051768123,0.009436808798182273,-0.00846635803837304,-0.6380102487374436,0.7699234961521991,0.0,0.0,0.0,0.0,0.0,0.0
139.6018362045288,0.03189656099219593,-4.033644901951423,0.02059115509894705,0.009369278966839431,-0.008406816751104348,-0.6373569573900192,0.7704658661551851,0.0,0.0,0.0,0.0,0.0,0.0
139.69893598556519,0.027607631692375015,-4.029158068735845,0.01781436563973656,0.009172910178491669,-0.008626032693626011,-0.6372648408585473,0.7705419987802896,0.0,0.0,0.0,0.0,0.0,0.0
139.80212140083313,0.026946691804475217,-4.03833462510272,0.015889962343715543,0.009127202527605717,-0.008418580980622103,-0.6381071220342438,0.7698474670202109,0.0,0.0,0.0,0.0,0.0,0.0
139.91602849960327,0.02994486627791695,-4.034876777844669,0.01431150786946745,0.008421903111690516,-0.007263371565708241,-0.637885645535546,0.7700507893646646,0.0,0.0,0.0,0.0,0.0,0.0
140.0008864402771,0.037037840564131376,-4.035397669621643,0.01933086835897147,0.009228756869057931,-0.008931676348699983,-0.6377895591457564,0.7701035861810305,0.0,0.0,0.0,0.0,0.0,0.0
140.117614030838,0.03853131624847866,-4.036586462309676,0.02470545940651158,0.009609788422220426,-0.008920820573031766,-0.6373087163865877,0.7704970285110984,0.0,0.0,0.0,0.0,0.0,0.0
140.2011787891388,0.03936049817961774,-4.030898551283459,0.023839333937475,0.009455350109484647,-0.008692477824763508,-0.637418576300349,0.7704106669632612,0.0,0.0,0.0,0.0,0.0,0.0
140.30041766166687,0.03430596931085562,-4.036065700165108,0.020448507160810613,0.009326065474283076,-0.008542823055074776,-0.6376486717488362,0.7702234845120814,0.0,0.0,0.0,0.0,0.0,0.0
140.4022238254547,0.030890183970363364,-4.033955629078488,0.02061715031165543,0.009652970302432558,-0.008899647249429623,-0.6370331787029657,0.7707245588890623,0.0,0.0,0.0,0.0,0.0,0.0
140.50128960609436,0.027588570273117768,-4.0375598199414435,0.017168706828382507,0.009122970341055124,-0.008530971630288622,-0.6373709347101655,0.7704558945986834,0.0,0.0,0.0,0.0,0.0,0.0
140.61163091659546,0.025428144741938385,-4.034003355537703,0.016558293193484,0.009085813429404607,-0.008566502127093267,-0.6376138912057827,0.7702548855911407,0.0,0.0,0.0,0.0,0.0,0.0
140.70330810546875,0.022388914654208104,-4.035139730880811,0.017908861251365826,0.009259380782935525,-0.00861736674974464,-0.6373647440936842,0.7704584270706488,0.0,0.0,0.0,0.0,0.0,0.0
140.80342292785645,0.019818694367771277,-4.038671309904467,0.01698669653846917,0.009295274512473401,-0.009207823778020726,-0.6370944016218653,0.7706747285820761,0.0,0.0,0.0,0.0,0.0,0.0
140.91272568702698,0.022471909946134697,-4.040402309831895,0.015813603841236017,0.00920192109128083,-0.008410432935831295,-0.6374574344257882,0.770384714646729,0.0,0.0,0.0,0.0,0.0,0.0
141.0007164478302,0.029902891641080415,-4.039893692469331,0.016280814718624376,0.008762769094001472,-0.00841994238299312,-0.6376614020043953,0.7702209130125135,0.0,0.0,0.0,0.0,0.0,0.0
141.10232853889465,0.03041036783305473,-4.040166600731016,0.017174815120285708,0.009452651835739895,-0.008717964533811141,-0.6376979992872215,0.7701791390142313,0.0,0.0,0.0,0.0,0.0,0.0
141.22364449501038,0.029635117520021376,-4.043022554563896,0.017247129093358664,0.009142698058793527,-0.008624506659102346,-0.6376272459206874,0.7702425100036092,0.0,0.0,0.0,0.0,0.0,0.0
141.31175422668457,0.031219799130720195,-4.038474635639988,0.018408041380670124,0.009404350398313705,-0.008677217337770783,-0.6380134822702731,0.7699188662022683,0.0,0.0,0.0,0.0,0.0,0.0
141.4012894630432,0.03183181221855549,-4.0341689066296835,0.019510999479906158,0.009563146460374162,-0.009081546687527317,-0.6388459661067012,0.7692216217246517,0.0,0.0,0.0,0.0,0.0,0.0
141.4987542629242,0.033886797942314174,-4.029402341582308,0.0207082563557497,0.009827039916402179,-0.008720677221909867,-0.6389905331430801,0.7691023843603418,0.0,0.0,0.0,0.0,0.0,0.0
141.60190844535828,0.04012542329337307,-4.032103104351459,0.02147747835279777,0.009634070418822784,-0.008835377793767172,-0.6397136605903727,0.7685021491449717,0.0,0.0,0.0,0.0,0.0,0.0
141.70043683052063,0.035562378311273776,-4.031832407218588,0.0215028750056816,0.00957041661699326,-0.00869618491624299,-0.6392946143806888,0.7688531586184026,0.0,0.0,0.0,0.0,0.0,0.0
141.83034086227417,0.03302290075995931,-4.0352554292215554,0.019302401893253402,0.009585196070570972,-0.009094556496082347,-0.6385232360025073,0.7694891098276069,0.0,0.0,0.0,0.0,0.0,0.0
141.89932680130005,0.030765982673684515,-4.0364818670703695,0.018552974276587912,0.008573366323162962,-0.008215951709893105,-0.6383285360469243,0.7696724469510052,0.0,0.0,0.0,0.0,0.0,0.0
142.00535655021667,0.026807252825086343,-4.036273948630859,0.017608375944734567,0.009161058631644355,-0.008705970732515342,-0.6377944226031155,0.7701029512829302,0.0,0.0,0.0,0.0,0.0,0.0
142.09805274009705,0.024182281226065826,-4.037202430675743,0.017628123231300013,0.009253442999633934,-0.008363025939943551,-0.6377140490761667,0.7701722049000661,0.0,0.0,0.0,0.0,0.0,0.0
142.21546149253845,0.028914732887771064,-4.039574687291682,0.018196014391129563,0.009547521879485746,-0.008572884283958575,-0.6378266075526782,0.7700730934001164,0.0,0.0,0.0,0.0,0.0,0.0
142.31748032569885,0.030129656078139517,-4.0400718623921925,0.019506216893919553,0.009613004463179491,-0.008455693822466253,-0.637468597839202,0.7703699618729051,0.0,0.0,0.0,0.0,0.0,0.0
142.40127444267273,0.025251006173420774,-4.0387556421225375,0.019531558366912456,0.009405432404499267,-0.008513317513312763,-0.6374872965955106,0.7703564161772893,0.0,0.0,0.0,0.0,0.0,0.0
142.51331067085266,0.022750379201954277,-4.041571638351727,0.02010100668468581,0.009679136342055758,-0.008750986686013889,-0.6374612354940258,0.7703719282230442,0.0,0.0,0.0,0.0,0.0,0.0
142.6078908443451,0.027752444376704977,-4.035256664198102,0.017977110074431,0.009704059887322281,-0.008675442390392314,-0.6383078703026432,0.7696711184854903,0.0,0.0,0.0,0.0,0.0,0.0
142.70490908622742,0.03169311252552299,-4.036674719083328,0.01640539645623611,0.009699515602341073,-0.008361860111374275,-0.6379277056581563,0.7699897668451477,0.0,0.0,0.0,0.0,0.0,0.0
142.8201389312744,0.029461941049355022,-4.03733935779646,0.01802362828083296,0.009698876902748845,-0.008773277343002421,-0.6377481348733219,0.7701339350119913,0.0,0.0,0.0,0.0,0.0,0.0
142.90378880500793,0.028525056754989914,-4.040294671074238,0.01778264163777892,0.009674014744470102,-0.00802030941563043,-0.636642329830282,0.7710568279600659,0.0,0.0,0.0,0.0,0.0,0.0
143.00034928321838,0.029685440662067353,-4.0409145788685725,0.018422258552025946,0.010113445426142623,-0.008414220294546986,-0.6374641453949251,0.770367693023488,0.0,0.0,0.0,0.0,0.0,0.0
143.10184597969055,0.02778428613525268,-4.03791180742802,0.01845994138867789,0.009817994241503215,-0.008351308506734727,-0.6371732766260988,0.7706127939431231,0.0,0.0,0.0,0.0,0.0,0.0
143.20019221305847,0.0264879556571321,-4.034886517799176,0.02008854228661375,0.009899589196940294,-0.00865632331144308,-0.6376301583308933,0.7702303859153735,0.0,0.0,0.0,0.0,0.0,0.0
143.3118860721588,0.02537840942312307,-4.034242348922167,0.019530294870906625,0.009279768068439125,-0.008328427530542033,-0.6376614320351944,0.770215827735483,0.0,0.0,0.0,0.0,0.0,0.0
143.3989679813385,0.027810629215790226,-4.031349295532091,0.01815219428995084,0.009450741948123287,-0.008562876869352204,-0.6370918456468585,0.7706823864774615,0.0,0.0,0.0,0.0,0.0,0.0
143.5071656703949,0.028761888284280203,-4.033335578688078,0.016920677119070294,0.009315980572049064,-0.008406818067351387,-0.6374830544935256,0.7703621830993093,0.0,0.0,0.0,0.0,0.0,0.0
143.60334849357605,0.034013319774246445,-4.036539008343056,0.018468904441597395,0.008809862739061234,-0.00828336876696322,-0.6372576548863907,0.7705559378844936,0.0,0.0,0.0,0.0,0.0,0.0
143.71119356155396,0.02725955398732001,-4.0381440781264315,0.01655018991536913,0.009662262103777871,-0.008564763202425716,-0.6371707428403686,0.7706145145210678,0.0,0.0,0.0,0.0,0.0,0.0
143.806138753891,0.029193307352830693,-4.0355304662522595,0.015926577033416062,0.00976171368079803,-0.008493251324982803,-0.6375799486476336,0.7702755238941387,0.0,0.0,0.0,0.0,0.0,0.0
143.9048683643341,0.028825774462358563,-4.0375563178751195,0.01859994683700948,0.010689077122196683,-0.008237246680495823,-0.6379091549541128,0.7699933775189851,0.0,0.0,0.0,0.0,0.0,0.0
143.9992151260376,0.033627025894723286,-4.039846597857825,0.01875985301063034,0.009455688262995806,-0.00853419484913441,-0.6372276352076567,0.7705703721305218,0.0,0.0,0.0,0.0,0.0,0.0
144.09781551361084,0.029781695490102015,-4.032641060468388,0.019090330826035694,0.009454956416241866,-0.007650455659719319,-0.6377423237155089,0.7701537527463406,0.0,0.0,0.0,0.0,0.0,0.0
144.20917916297913,0.02645819283495503,-4.033315220195612,0.01697450066180237,0.009522167252387897,-0.008151756044535845,-0.6372626207796754,0.7705447614260903,0.0,0.0,0.0,0.0,0.0,0.0
144.2996506690979,0.0260649576158523,-4.034365655963596,0.0165772892349463,0.009533545370659665,-0.008730397978124419,-0.6376739764514736,0.7701978910775702,0.0,0.0,0.0,0.0,0.0,0.0
144.3991982936859,0.026834117254618768,-4.0333277673785295,0.01738182463257631,0.009516612312600353,-0.008442971310204718,-0.6378771150574462,0.770033074881526,0.0,0.0,0.0,0.0,0.0,0.0
144.51158690452576,0.027950062957134172,-4.037730530066495,0.01825524484730017,0.009742535048433408,-0.008221915293318,-0.6378267050841094,0.7700743973157715,0.0,0.0,0.0,0.0,0.0,0.0
144.60804414749146,0.02589173326320629,-4.038741323827317,0.01764026093025935,0.009327057598937026,-0.008471123349440508,-0.637252585969628,0.7705520019704879,0.0,0.0,0.0,0.0,0.0,0.0
144.71140575408936,0.03058627541930626,-4.039050578377175,0.020263472966537837,0.009089243039010753,-0.008429716569806789,-0.6374623987648549,0.7703817337531107,0.0,0.0,0.0,0.0,0.0,0.0
144.7992730140686,0.03165428999535169,-4.034250657015087,0.021628837482269594,0.009696050022781915,-0.008847178812944795,-0.6375358661131486,0.7703088558885494,0.0,0.0,0.0,0.0,0.0,0.0
144.89042806625366,0.029460916871058,-4.030201424414165,0.018542895908145438,0.010004698068940226,-0.008726392116431036,-0.6372177749329254,0.770569441002349,0.0,0.0,0.0,0.0,0.0,0.0
144.99086952209473,0.032955391608111416,-4.031471486649065,0.015952745149138928,0.00996774742019492,-0.008651520470842711,-0.6379687832784416,0.7699491066084143,0.0,0.0,0.0,0.0,0.0,0.0
145.1094720363617,0.03393037816610649,-4.032747764126775,0.0136454336865567,0.00987110867784501,-0.008726428055411533,-0.6376435248378289,0.7702188947949878,0.0,0.0,0.0,0.0,0.0,0.0
145.1919252872467,0.02058164441707929,-4.040642156747083,0.00897187410522739,0.010257754818386816,-0.009295290346125007,-0.6383381920185427,0.7696315538320435,0.0,0.0,0.0,0.0,0.0,0.0
145.29277515411377,0.016099779952367634,-4.046215394366958,0.007868007657041412,0.009442236330368732,-0.007659766906611151,-0.639697621918709,0.7685304968936016,0.0,0.0,0.0,0.0,0.0,0.0
145.38948106765747,0.015560071610833198,-4.049517836348912,0.007795265069067423,0.009340703071666501,-0.008692221803842206,-0.6416561779461983,0.7668862665673939,0.0,0.0,0.0,0.0,0.0,0.0
145.4939124584198,0.012657341390576206,-4.052049459284851,0.012333262866893019,0.009615946777519015,-0.0087684882675201,-0.6412988853969511,0.7671808044846157,0.0,0.0,0.0,0.0,0.0,0.0
145.5873875617981,0.014029356647581674,-4.044211269485032,0.014606139028335558,0.009165625223530916,-0.008060172879720088,-0.6409616352372884,0.7674758674260137,0.0,0.0,0.0,0.0,0.0,0.0
145.6925184726715,0.014766894779667535,-4.043303106496805,0.016198380522945994,0.009748223756878992,-0.008946969621507133,-0.6417947090957348,0.7667623329590852,0.0,0.0,0.0,0.0,0.0,0.0
145.8082356452942,0.023107086309029072,-4.045267074752893,0.020149852783723294,0.009366456594201784,-0.008813885691834573,-0.6415505963751075,0.7669728920897949,0.0,0.0,0.0,0.0,0.0,0.0
145.8969886302948,0.025551266631198978,-4.043012553533877,0.023001444225493016,0.009518446431334494,-0.008721993716586282,-0.6414983401192687,0.7670157792557623,0.0,0.0,0.0,0.0,0.0,0.0
145.99891448020935,0.025986663854455205,-4.040135541119387,0.022336805971795097,0.009281795332690534,-0.008840128656367291,-0.6416071034498838,0.7669263492691791,0.0,0.0,0.0,0.0,0.0,0.0
146.10111141204834,0.023895599188412234,-4.038761413880492,0.020596655231406098,0.009185391973384966,-0.008991303505259186,-0.6415741862762054,0.7669532896725562,0.0,0.0,0.0,0.0,0.0,0.0
146.21342396736145,0.022764341228013397,-4.03840969213611,0.020144916511217973,0.009191252478158256,-0.008559854169076437,-0.6413748711760816,0.7671248427722251,0.0,0.0,0.0,0.0,0.0,0.0
146.2988986968994,0.020067640620255865,-4.041537729909215,0.019871699447534846,0.008886083080348635,-0.008658274084238643,-0.6415823063982237,0.7669538551530115,0.0,0.0,0.0,0.0,0.0,0.0
146.40236592292786,0.024664607173690782,-4.043356529048759,0.019081100637408657,0.009236366177232789,-0.009071523157694756,-0.6415902710734842,0.7669382772239578,0.0,0.0,0.0,0.0,0.0,0.0
146.5006971359253,0.026660865149482734,-4.043235499306403,0.02080491960179477,0.009046044739467608,-0.0087206222992342,-0.641590231462682,0.7669446490542244,0.0,0.0,0.0,0.0,0.0,0.0
146.60171699523926,0.026007734008248892,-4.042168333758757,0.020150979092148462,0.00959970586914432,-0.008951380235550612,-0.6417751031995056,0.7667805653199147,0.0,0.0,0.0,0.0,0.0,0.0
146.70106625556946,0.022101548373703768,-4.040516024547238,0.020961069716875638,0.009364709847717654,-0.008923723540936627,-0.6412490039649001,0.7672238162893642,0.0,0.0,0.0,0.0,0.0,0.0
146.800856590271,0.022045768745884976,-4.039389942782637,0.017106273757005793,0.008832424036738264,-0.008920933632899475,-0.6411846740604216,0.7672839233157067,0.0,0.0,0.0,0.0,0.0,0.0
146.9107608795166,0.024420109736784174,-4.040202003573766,0.01753807879137303,0.00924702091564258,-0.00878143737910017,-0.6413139010068493,0.7671726398517345,0.0,0.0,0.0,0.0,0.0,0.0
146.9969539642334,0.02207615646542283,-4.040365910320603,0.015628277716911533,0.00904895022712456,-0.00872427490850839,-0.6416030686202575,0.7669338340848816,0.0,0.0,0.0,0.0,0.0,0.0
147.10951852798462,0.02132341901595554,-4.042622264939556,0.0162632290789584,0.009214782266620751,-0.00891483169511606,-0.6410224998655378,0.7674149908815456,0.0,0.0,0.0,0.0,0.0,0.0
147.1977617740631,0.02379001585779175,-4.037669003158326,0.017574523233496505,0.008796538121832174,-0.00873529219833395,-0.6413359202021919,0.7671600569930945,0.0,0.0,0.0,0.0,0.0,0.0
147.30233883857727,0.024490212145984534,-4.039634849455924,0.018065494117552667,0.009059487777102233,-0.008604584237791422,-0.6415469943541741,0.7669819690490749,0.0,0.0,0.0,0.0,0.0,0.0
147.3978521823883,0.02450515451511729,-4.042549760273681,0.016462989174242028,0.009099853914987199,-0.009256235241508964,-0.6419349532504572,0.766649222632602,0.0,0.0,0.0,0.0,0.0,0.0
147.4958472251892,0.02313176657740839,-4.039418505882972,0.017740894912598105,0.009337901589879962,-0.00881599392453317,-0.6413929548366303,0.7671050510398928,0.0,0.0,0.0,0.0,0.0,0.0
147.60864806175232,0.022536240508522234,-4.04099775632691,0.02111627378299583,0.009736763863646277,-0.008881629582621871,-0.6412777791177053,0.7671956217909769,0.0,0.0,0.0,0.0,0.0,0.0
147.69886016845703,0.023766005283521078,-4.042402698903838,0.019209983888205173,0.009118806594151822,-0.008606723712284263,-0.6416128002857165,0.7669261934389249,0.0,0.0,0.0,0.0,0.0,0.0
147.796893119812,0.02264295304066478,-4.0400014965533435,0.020302013186132586,0.009552255777194827,-0.00909331136660604,-0.6416593248462983,0.7668763765664633,0.0,0.0,0.0,0.0,0.0,0.0
147.90136098861694,0.026450050754332443,-4.039503066379761,0.020741461038217137,0.009345485005548541,-0.008789642463203134,-0.6411178664316244,0.7673351845429092,0.0,0.0,0.0,0.0,0.0,0.0
148.00163912773132,0.027137893093621565,-4.036691245227308,0.022541794568190526,0.009816229007175449,-0.009223037992124872,-0.6412848681788518,0.7671846551274768,0.0,0.0,0.0,0.0,0.0,0.0
148.09584879875183,0.028493258037693918,-4.03788236900114,0.021194115184593833,0.00944193314988642,-0.008799264567549358,-0.6413768279114678,0.7671174534969504,0.0,0.0,0.0,0.0,0.0,0.0
148.1986379623413,0.02308071713184994,-4.04234742749662,0.01994554181355038,0.009408730363123612,-0.00911915046766109,-0.6415503096009701,0.7669690457499314,0.0,0.0,0.0,0.0,0.0,0.0
148.2984652519226,0.020438405410202632,-4.047060213257307,0.01714000682638023,0.009208267824010937,-0.008643833350661073,-0.6416720365602719,0.7668751459300522,0.0,0.0,0.0,0.0,0.0,0.0
148.41682147979736,0.020410878912653068,-4.047254138920242,0.01805369512353039,0.00924631949995308,-0.008631697264160758,-0.6415254212993506,0.7669974792688007,0.0,0.0,0.0,0.0,0.0,0.0
148.49824023246765,0.02642813448844867,-4.04761531323869,0.01891070284370995,0.00932375272765515,-0.008852529473021575,-0.6419147242922124,0.7666682379581241,0.0,0.0,0.0,0.0,0.0,0.0
148.6024477481842,0.024266491508489172,-4.039468960135709,0.019644246593479037,0.009304009644921812,-0.008963479360975805,-0.6412993572614132,0.767182003059463,0.0,0.0,0.0,0.0,0.0,0.0
148.70326018333435,0.023631187325155956,-4.035091283189734,0.020121676276357105,0.00923392085175765,-0.008788261602935095,-0.6414086605754808,0.7670934958024535,0.0,0.0,0.0,0.0,0.0,0.0
148.7979657649994,0.020064442457714667,-4.036015493579476,0.02046194544733567,0.009703539361118306,-0.0090987483177696,-0.6414505229966401,0.7670490731695153,0.0,0.0,0.0,0.0,0.0,0.0
148.9000804424286,0.019984239482676733,-4.036763779880801,0.019887424102047687,0.009356565826991764,-0.008867482334978178,-0.6417000685648111,0.7668473410248219,0.0,0.0,0.0,0.0,0.0,0.0
148.9953944683075,0.018372824163648,-4.038463156782175,0.020236107356933312,0.009297562987069125,-0.008665845270950613,-0.641171315141759,0.7672925146823651,0.0,0.0,0.0,0.0,0.0,0.0
149.1184525489807,0.02195817002661,-4.043640354336946,0.01741213814422936,0.009468112423060152,-0.008692294001420318,-0.6414204563458267,0.7670818711540558,0.0,0.0,0.0,0.0,0.0,0.0
149.19659614562988,0.024362968204065222,-4.046422635045347,0.01583427006904248,0.008896301563741464,-0.009126853272489521,-0.6414338756118795,0.7670724474163518,0.0,0.0,0.0,0.0,0.0,0.0
149.30563807487488,0.02679550237153776,-4.0487086461828135,0.01816077002591122,0.0095988356596924,-0.00891765995288006,-0.6412757349779212,0.7671986505615278,0.0,0.0,0.0,0.0,0.0,0.0
149.40356254577637,0.026457499356379182,-4.05168128346339,0.01642574752118699,0.009087365753731052,-0.008715348959698369,-0.6418850698177654,0.7666974759454798,0.0,0.0,0.0,0.0,0.0,0.0
149.4985568523407,0.02417355574014145,-4.048384834296639,0.016058812841333436,0.009077220170164109,-0.008937965360713604,-0.6412185534635725,0.7672525552536369,0.0,0.0,0.0,0.0,0.0,0.0
149.5980348587036,0.015968376454970463,-4.050092996308525,0.01659671487590512,0.009006016702926709,-0.0089302970700105,-0.6414824920254286,0.7670328245141743,0.0,0.0,0.0,0.0,0.0,0.0
149.69899725914001,0.013319739767568207,-4.042732180728744,0.018353725979614887,0.008906339397656494,-0.00864536682455489,-0.641398292597486,0.7671076619380036,0.0,0.0,0.0,0.0,0.0,0.0
149.80491042137146,0.01588403733999488,-4.0400994191738135,0.017042912277156298,0.008993476877437487,-0.008855794656038564,-0.6414149785497664,0.7670902929685826,0.0,0.0,0.0,0.0,0.0,0.0
149.9039831161499,0.022195150824809485,-4.0373104375513735,0.01627884937060603,0.009079412498709973,-0.00877197018299294,-0.6412624548967896,0.7672177531493185,0.0,0.0,0.0,0.0,0.0,0.0
150.00918054580688,0.02911767050100526,-4.038530088462651,0.018859140336695036,0.00943914973018978,-0.008715275467239025,-0.6416675330721427,0.7668752984853341,0.0,0.0,0.0,0.0,0.0,0.0
150.12275338172913,0.03030167966161494,-4.046800426992598,0.018954156814973335,0.009872425222337788,-0.009217196535132699,-0.6417936315423286,0.7667584450268092,0.0,0.0,0.0,0.0,0.0,0.0
150.19937109947205,0.024027679816677798,-4.048440586183033,0.017837187784443126,0.00872424816711203,-0.00874396541104472,-0.6415651000034952,0.7669691343334966,0.0,0.0,0.0,0.0,0.0,0.0
150.29788756370544,0.024411370375078623,-4.048932795000936,0.017815485367089424,0.00926555243470525,-0.008980448858567715,-0.641858470645498,0.7667145523185013,0.0,0.0,0.0,0.0,0.0,0.0
150.3982448577881,0.02384790262957821,-4.044060368138975,0.018543011136198884,0.009387339937931394,-0.009013407668216466,-0.6415013326655601,0.767011523068178,0.0,0.0,0.0,0.0,0.0,0.0
150.498215675354,0.02242678282261331,-4.043490178751372,0.019185411753462358,0.009469591266610821,-0.009163379345252099,-0.6416076326143512,0.7669198165983101,0.0,0.0,0.0,0.0,0.0,0.0
150.61126160621643,0.020817149803162297,-4.039317134138637,0.018198807308870718,0.009240314658605715,-0.008951737171235569,-0.6415713560085984,0.766955460333829,0.0,0.0,0.0,0.0,0.0,0.0
150.7074031829834,0.022810113047218875,-4.038464159249979,0.01874484082871834,0.009280798862526257,-0.008804753707314556,-0.6414994724645127,0.7670167989766187,0.0,0.0,0.0,0.0,0.0,0.0
150.80033445358276,0.024301956265844596,-4.043543797208587,0.01968995379177422,0.009356250299322565,-0.008973660633709721,-0.6413202681555384,0.7671637684667049,0.0,0.0,0.0,0.0,0.0,0.0
150.8977608680725,0.02502629820337559,-4.045485508420331,0.018438079809021183,0.009380728621367442,-0.009056436157829573,-0.6419353902926153,0.7666478576142239,0.0,0.0,0.0,0.0,0.0,0.0
150.99996328353882,0.026200808281427998,-4.046712151653416,0.01908592691362226,0.00951410504377687,-0.00907596371816599,-0.6411881190657175,0.7672710763848265,0.0,0.0,0.0,0.0,0.0,0.0
151.1174373626709,0.02568708576125415,-4.046603481670301,0.020365092976714398,0.009466102410593747,-0.008795991638868633,-0.6415797417372265,0.7669474939189749,0.0,0.0,0.0,0.0,0.0,0.0
151.2030508518219,0.022252566410305222,-4.043645992701891,0.019195683978863013,0.009393131539484338,-0.009071109589134013,-0.6415711315997512,0.766952389101488,0.0,0.0,0.0,0.0,0.0,0.0
151.31304693222046,0.023731411260001504,-4.041368969405408,0.01834874238348037,0.00921996495783926,-0.008872543578839907,-0.6414163950806591,0.7670862261430011,0.0,0.0,0.0,0.0,0.0,0.0
151.3998041152954,0.021797762019585172,-4.036238159863649,0.01666871284245265,0.00932295727778491,-0.00904633050696784,-0.6412327434414783,0.7672364792620542,0.0,0.0,0.0,0.0,0.0,0.0
151.4988706111908,0.024525675354075824,-4.034276571896318,0.01760024170963832,0.009266638354778025,-0.00875360288237914,-0.6414989487316715,0.7670179936783114,0.0,0.0,0.0,0.0,0.0,0.0
151.61149263381958,0.02403842747095486,-4.0411620480110875,0.015298308161157256,0.008968009292434633,-0.00878934740423242,-0.6414064793931835,0.7670984619812135,0.0,0.0,0.0,0.0,0.0,0.0
151.7185833454132,0.02604693606986617,-4.040188217796908,0.01727227028600025,0.009454086531991146,-0.008860148604145312,-0.6411738223658501,0.7672862878530318,0.0,0.0,0.0,0.0,0.0,0.0
151.8041684627533,0.02351075048171619,-4.044131205457438,0.018970952735884544,0.009473941641252422,-0.008976931252523057,-0.6412291949199025,0.7672384106113309,0.0,0.0,0.0,0.0,0.0,0.0
151.93473076820374,0.02245578725372716,-4.046541957539441,0.0194889076217321,0.009394046635295333,-0.009042552241086537,-0.641404586918662,0.7670920023155262,0.0,0.0,0.0,0.0,0.0,0.0
151.9992597103119,0.022653758469153528,-4.049128069553736,0.02097328295588242,0.00936895002403229,-0.008973412306487148,-0.6412501445711383,0.7672222316477021,0.0,0.0,0.0,0.0,0.0,0.0
152.10227942466736,0.023588159686317133,-4.047203115452396,0.020655406776003776,0.00957913996420325,-0.008812286677526749,-0.6416092704950651,0.7669212004474848,0.0,0.0,0.0,0.0,0.0,0.0
152.21064710617065,0.021148975334927628,-4.045714492410835,0.019516441312326795,0.009343584095791318,-0.008954248457979878,-0.641483666803359,0.7670275249919497,0.0,0.0,0.0,0.0,0.0,0.0
152.3013560771942,0.02128914394457768,-4.04183708126508,0.019079702481843624,0.00938076851741681,-0.008981106157035753,-0.6415748205007499,0.7669505137970839,0.0,0.0,0.0,0.0,0.0,0.0
152.40062594413757,0.021345049748441532,-4.043487784240677,0.01939848735664584,0.009921294373049866,-0.009181637158592946,-0.6411113406958847,0.76732881757962,0.0,0.0,0.0,0.0,0.0,0.0
152.50129795074463,0.021890511405414533,-4.04204933900546,0.01970763240442469,0.009395011730978108,-0.009015362452459144,-0.641372721716633,0.7671189535086362,0.0,0.0,0.0,0.0,0.0,0.0
152.6002640724182,0.026136947397658213,-4.04159503345091,0.01688676535826974,0.008972975282325397,-0.00870211828455623,-0.6415584430432494,0.7669723091558306,0.0,0.0,0.0,0.0,0.0,0.0
152.70897459983826,0.026192214581385122,-4.038284085203372,0.018193585029491473,0.009312954924770793,-0.008852586783010223,-0.6415902054238047,0.766939964327078,0.0,0.0,0.0,0.0,0.0,0.0
152.79887318611145,0.024245372024526344,-4.037726493376614,0.018358690795330684,0.009362452743072172,-0.008939448252745608,-0.6414219621604685,0.7670790684158617,0.0,0.0,0.0,0.0,0.0,0.0
152.90256881713867,0.025760229333045583,-4.040285901920383,0.019046112632250575,0.009372503022633035,-0.008913187105785503,-0.6413315665978574,0.7671548298536659,0.0,0.0,0.0,0.0,0.0,0.0
153.0081593990326,0.02511831342441217,-4.038018966544962,0.021408701171659064,0.009643706653686374,-0.008925428645481485,-0.6413572526871236,0.7671298521574151,0.0,0.0,0.0,0.0,0.0,0.0
153.105393409729,0.02255253149519481,-4.039177844601327,0.022678527703660186,0.009590895259947255,-0.009012100177146832,-0.641531542956272,0.766983752220746,0.0,0.0,0.0,0.0,0.0,0.0
153.20033884048462,0.024337428125114986,-4.040335746658478,0.02144348792081784,0.009553789028703876,-0.00896174389364512,-0.6417435029468008,0.7668074652004302,0.0,0.0,0.0,0.0,0.0,0.0
153.29798436164856,0.02389696253048551,-4.0438314754440245,0.01690571243166557,0.009020600036749064,-0.008772328710255954,-0.6413674049445353,0.7671307104390026,0.0,0.0,0.0,0.0,0.0,0.0
153.4198911190033,0.02579240333651399,-4.040580461853072,0.017804826446535908,0.009146634236987238,-0.008918341137157256,-0.6417629104646637,0.766796693410568,0.0,0.0,0.0,0.0,0.0,0.0
153.4993965625763,0.025715910168743195,-4.0460196530093775,0.017729615473453135,0.009352039265752924,-0.008746486563576236,-0.6416497579239978,0.766890883040345,0.0,0.0,0.0,0.0,0.0,0.0
153.61114597320557,0.023226040028794383,-4.048868688048261,0.018552591997695225,0.00944765467980247,-0.008750120433699595,-0.6415928147443135,0.7669373098773302,0.0,0.0,0.0,0.0,0.0,0.0
153.6992108821869,0.019780596959235515,-4.050526473046127,0.018395610639653913,0.009417525117309162,-0.00912737682844967,-0.6415681740578479,0.7669538964298543,0.0,0.0,0.0,0.0,0.0,0.0
153.8272247314453,0.01919916999969527,-4.046991358308762,0.018215648717095054,0.009489432744440482,-0.008901832791690857,-0.6413759612296754,0.767116408634184,0.0,0.0,0.0,0.0,0.0,0.0
153.89846634864807,0.019257511068656898,-4.045722830104527,0.019060120399024404,0.009025238170680572,-0.00877500153457119,-0.6415748006401483,0.7669571823821365,0.0,0.0,0.0,0.0,0.0,0.0
154.03346252441406,0.022539965299191188,-4.041910922386589,0.02014602674788031,0.009022232542043719,-0.008628093577283622,-0.6415425607356549,0.76698585259826,0.0,0.0,0.0,0.0,0.0,0.0
154.10045957565308,0.025465682506807245,-4.0433065024373365,0.020105553354238224,0.009267990699638873,-0.00903681797879257,-0.641869717460382,0.766704445061134,0.0,0.0,0.0,0.0,0.0,0.0
154.1979100704193,0.02363216555865294,-4.043030522910661,0.017285752772614137,0.009200344505262088,-0.008584769402410743,-0.6414062876854548,0.7670981876610181,0.0,0.0,0.0,0.0,0.0,0.0
154.30277490615845,0.023794508088768523,-4.04595726286454,0.015068271312523671,0.008986864975821912,-0.008836094386087833,-0.6416337126230387,0.76690764666904,0.0,0.0,0.0,0.0,0.0,0.0
154.39983415603638,0.017503716891415784,-4.047580014015826,0.014788132746602112,0.008957135567056063,-0.008759920318834522,-0.6410620877188041,0.7673867559503563,0.0,0.0,0.0,0.0,0.0,0.0
154.5043318271637,0.01726440359025167,-4.04384518812871,0.018199538166119557,0.009452070094273068,-0.008817441798556909,-0.6413606447618961,0.7671306501774185,0.0,0.0,0.0,0.0,0.0,0.0
154.63445496559143,0.019275657080928658,-4.046662459950937,0.020385407303913906,0.009218114283612206,-0.008709987841311077,-0.6415542078864246,0.7669728553371646,0.0,0.0,0.0,0.0,0.0,0.0
154.71704721450806,0.019168494638473137,-4.045630027530538,0.0190303403980661,0.009223219421440412,-0.008857618865489306,-0.641540311400492,0.7669827270934207,0.0,0.0,0.0,0.0,0.0,0.0
154.8064420223236,0.024299493748211755,-4.041564374962954,0.019627202121105268,0.009090391686708119,-0.008833409215985414,-0.6417927847865896,0.7667733413835168,0.0,0.0,0.0,0.0,0.0,0.0
154.9365153312683,0.02192991713167692,-4.037852490261891,0.020702855400996645,0.009389203271460872,-0.008895736609720777,-0.6414883942103153,0.7670236950874024,0.0,0.0,0.0,0.0,0.0,0.0
154.99703669548035,0.026562823685398553,-4.039630711135298,0.018231849098636562,0.009267302114762246,-0.008713081880791564,-0.641544710189334,0.7669801719364716,0.0,0.0,0.0,0.0,0.0,0.0
155.09647679328918,0.02734569921488653,-4.040474472498064,0.01791812739353745,0.00894737351633672,-0.008859290013956495,-0.6413228326156147,0.7671678316075663,0.0,0.0,0.0,0.0,0.0,0.0
155.1961841583252,0.02399358857895158,-4.040361837035893,0.019584920528611483,0.009465746343441595,-0.008858989544539762,-0.6408700192425403,0.7675399249462143,0.0,0.0,0.0,0.0,0.0,0.0
155.31859135627747,0.023015330659524873,-4.043358924114184,0.01868489657869935,0.009566693020833671,-0.009086759231377337,-0.6412894671114237,0.7671855893870956,0.0,0.0,0.0,0.0,0.0,0.0
155.3989498615265,0.02441045220315245,-4.042826677115427,0.019907120717472783,0.009288673230168095,-0.009008704656581382,-0.6415531492430221,0.766969439082391,0.0,0.0,0.0,0.0,0.0,0.0
155.50062084197998,0.020115996098384804,-4.036577391943395,0.01959011378957885,0.00938723446788056,-0.009066738196517862,-0.6413707770160264,0.7671200691399901,0.0,0.0,0.0,0.0,0.0,0.0
155.5993845462799,0.016764262552711736,-4.033320308527373,0.02152614843612264,0.00952057444742203,-0.008794527618393715,-0.6412048682584373,0.7672602764823712,0.0,0.0,0.0,0.0,0.0,0.0
155.73301672935486,0.018718304583547583,-4.036768879595281,0.018144550764350374,0.009199123070277093,-0.008941238427570563,-0.6415493373031552,0.7669744964442861,0.0,0.0,0.0,0.0,0.0,0.0
155.79664659500122,0.024242152108411758,-4.037394575200529,0.017989186919611787,0.00931322577290067,-0.008663521115796826,-0.6415827404271963,0.7669483648939296,0.0,0.0,0.0,0.0,0.0,0.0
155.89861607551575,0.026999715553476744,-4.038476272020391,0.020042440831374214,0.009577998481070011,-0.008927836856916765,-0.6414831536922906,0.767025370638488,0.0,0.0,0.0,0.0,0.0,0.0
156.0277304649353,0.027847744758691468,-4.046482950720349,0.01653846310623179,0.009136392817970148,-0.008979158668583394,-0.6414809234704962,0.7670320240115688,0.0,0.0,0.0,0.0,0.0,0.0
156.12214279174805,0.02201364835128548,-4.049472183502956,0.017034588407269742,0.009419484477703771,-0.009146926905214745,-0.6416439515978296,0.7668902440494665,0.0,0.0,0.0,0.0,0.0,0.0
156.20580291748047,0.023764323411158333,-4.046238090568169,0.02029460490752112,0.009571162135013533,-0.009038559159012126,-0.6414872439110574,0.7670207384439309,0.0,0.0,0.0,0.0,0.0,0.0
156.3072395324707,0.02010355954340597,-4.044131661457121,0.020448330622967796,0.009490543910379082,-0.00860054512224977,-0.641626955547327,0.7669099100382767,0.0,0.0,0.0,0.0,0.0,0.0
156.41711282730103,0.01816681186987972,-4.040887715985797,0.01757525286192371,0.009016826303168971,-0.008748658139044524,-0.6416404797926754,0.766902635616526,0.0,0.0,0.0,0.0,0.0,0.0
156.4982831478119,0.02182422617945033,-4.0363944939040675,0.016521838272907607,0.008960287571586803,-0.008602522019921264,-0.6413211282265064,0.7671720278736547,0.0,0.0,0.0,0.0,0.0,0.0
156.5976448059082,0.022478696976806406,-4.03623592828146,0.01703399758444592,0.00931491964915096,-0.008771753079368616,-0.6412931270643627,0.7671892946332209,0.0,0.0,0.0,0.0,0.0,0.0
156.6959114074707,0.022943675692061707,-4.037880381293192,0.015579578479945155,0.009167114014166495,-0.008745718647684371,-0.6412878978575752,0.7671957432672329,0.0,0.0,0.0,0.0,0.0,0.0
156.81628966331482,0.02347063056333176,-4.041957850337301,0.015136588766346529,0.009202664786408566,-0.008832845115876967,-0.6416754715651275,0.7668701852332128,0.0,0.0,0.0,0.0,0.0,0.0
156.91880178451538,0.019975317433134156,-4.044647629623954,0.01780465479895963,0.00954777665922654,-0.008916020072802585,-0.6415409588646608,0.7669775372498865,0.0,0.0,0.0,0.0,0.0,0.0
157.004736661911,0.021040192232143755,-4.044668232171853,0.019971762262762868,0.009309849335641678,-0.008534343051089676,-0.6412776705947546,0.7672049536405263,0.0,0.0,0.0,0.0,0.0,0.0
157.09673070907593,0.019456946101971413,-4.040812072614435,0.019469885380250015,0.009254288003858047,-0.008957710158207637,-0.6416473590239165,0.7668916378732133,0.0,0.0,0.0,0.0,0.0,0.0
157.21651244163513,0.022878258378021037,-4.039366221797488,0.020029545312779624,0.00941318084523479,-0.009005384429134728,-0.6416921445559318,0.7668516718980479,0.0,0.0,0.0,0.0,0.0,0.0
157.3018500804901,0.02251507604714218,-4.038636719643423,0.020995048285391307,0.009684280776776794,-0.008899117125069257,-0.6416651421504755,0.7668721313029992,0.0,0.0,0.0,0.0,0.0,0.0
157.39880204200745,0.024069154166792017,-4.038089047761299,0.018977126153161206,0.009056662576932802,-0.008593068904612403,-0.6411684587138271,0.7672986013152033,0.0,0.0,0.0,0.0,0.0,0.0
157.5248601436615,0.02416067211948021,-4.038516800243041,0.017898076933704175,0.009352951992595598,-0.009131410342341346,-0.6416550004485106,0.7668819987674573,0.0,0.0,0.0,0.0,0.0,0.0
157.62257528305054,0.020378677579167313,-4.041259799850799,0.018895118069321606,0.009328696784788813,-0.008839402490620278,-0.6411734177356178,0.7672883999964407,0.0,0.0,0.0,0.0,0.0,0.0
157.7250542640686,0.021474268320866182,-4.0432385975086005,0.018000651476830932,0.009479428543580415,-0.008863155752795126,-0.6412079185575741,0.7672574470695068,0.0,0.0,0.0,0.0,0.0,0.0
157.81528568267822,0.020260506029235868,-4.043178318699819,0.016593243126194777,0.009128848524803165,-0.008771548764207502,-0.6413484993811478,0.7671452446560577,0.0,0.0,0.0,0.0,0.0,0.0
157.90667271614075,0.020865695068418136,-4.041220271166736,0.01912147315417198,0.009330850508126298,-0.008886241780097752,-0.6414745199621945,0.7670361205152318,0.0,0.0,0.0,0.0,0.0,0.0
158.0195174217224,0.018256157024419673,-4.043584873124087,0.02080042838085703,0.009627688120128054,-0.008595209776069434,-0.6416237460270903,0.7669109456283014,0.0,0.0,0.0,0.0,0.0,0.0
158.10055112838745,0.017079439880918864,-4.044957001394183,0.0196168487751678,0.00920819013558926,-0.00849767088946605,-0.6415351360603603,0.766991308962403,0.0,0.0,0.0,0.0,0.0,0.0
158.19589805603027,0.02084877234119961,-4.048513211700168,0.018893433957529248,0.008875037731182187,-0.008776443314160897,-0.6413767755967882,0.767124526705446,0.0,0.0,0.0,0.0,0.0,0.0
158.31651377677917,0.02180674628304298,-4.043459616356067,0.019191504151168187,0.009117406419030354,-0.008615372922927557,-0.6413056114690702,0.7671830035577135,0.0,0.0,0.0,0.0,0.0,0.0
158.394544839859,0.022535272805026912,-4.041526470532784,0.019358150357247975,0.00952209405189979,-0.0086471637045962,-0.6413250961221462,0.7671614415288457,0.0,0.0,0.0,0.0,0.0,0.0
158.49733233451843,0.0233603300846689,-4.040108403393471,0.0202422858428826,0.009523315724752505,-0.009054056326669687,-0.6413335262846512,0.7671496846019681,0.0,0.0,0.0,0.0,0.0,0.0
158.597403049469,0.02373867635438097,-4.043297105114341,0.020928964805402836,0.00928041629937847,-0.00880028308237241,-0.6415996851395136,0.7669330302704549,0.0,0.0,0.0,0.0,0.0,0.0
158.71694040298462,0.02001324343647571,-4.045070304570497,0.02220504122226693,0.009716662913351697,-0.008611451085709206,-0.6415412920585015,0.7669786176653818,0.0,0.0,0.0,0.0,0.0,0.0
158.82699704170227,0.02352334052633359,-4.044270416973354,0.019770936390439604,0.009449327308381552,-0.009013121655456655,-0.6414218348526882,0.7670772474957251,0.0,0.0,0.0,0.0,0.0,0.0
158.89724922180176,0.022872702656019785,-4.043279382041353,0.0192194058761302,0.009397608715597342,-0.00901563354444739,-0.6414981986542972,0.7670139923270475,0.0,0.0,0.0,0.0,0.0,0.0
159.01730632781982,0.025421811358475595,-4.039338360511876,0.021092032119112408,0.009338672261728492,-0.008603427684556342,-0.6414627530055839,0.7670490901754106,0.0,0.0,0.0,0.0,0.0,0.0
159.11599278450012,0.025138814823147986,-4.038908435480336,0.020607511827879985,0.009486792411722202,-0.008835771090945703,-0.6412072091059342,0.7672582648036499,0.0,0.0,0.0,0.0,0.0,0.0
159.2170820236206,0.023507262646141256,-4.041203553770048,0.019213662596633683,0.009315567496063226,-0.009038634332140125,-0.6415315345223725,0.7669868405031273,0.0,0.0,0.0,0.0,0.0,0.0
159.3006489276886,0.020139999581846743,-4.04165564883013,0.019734437420240794,0.00986574735038025,-0.009009223016178562,-0.641336814642143,0.7671431360016822,0.0,0.0,0.0,0.0,0.0,0.0
159.4003562927246,0.01927286142773743,-4.044329646296231,0.020762989362329495,0.009551849011469504,-0.008938571238117862,-0.641462493735486,0.7670428496865723,0.0,0.0,0.0,0.0,0.0,0.0
159.51760721206665,0.020511893237637576,-4.040873033192289,0.019889560501091728,0.009315050261803081,-0.008978989839806521,-0.6414409272870581,0.7670633248833885,0.0,0.0,0.0,0.0,0.0,0.0
159.59433722496033,0.020993178473777106,-4.0396717898595265,0.01980306035596471,0.009404853137558185,-0.009016921093775599,-0.6414810206864228,0.7670282550014164,0.0,0.0,0.0,0.0,0.0,0.0
159.69562196731567,0.02380251539242441,-4.041388693934057,0.021159766461082218,0.009688939632654827,-0.00883147031177655,-0.641560869657036,0.7669600902953146,0.0,0.0,0.0,0.0,0.0,0.0
159.8177580833435,0.02760966134702531,-4.04231591947625,0.020065978890721706,0.009812630954761748,-0.009078534424594645,-0.6413255932983543,0.76715238112576,0.0,0.0,0.0,0.0,0.0,0.0
159.9208106994629,0.027739129901342058,-4.046752152503893,0.018505780305969163,0.009286737278620777,-0.008933555492373726,-0.641725735412786,0.7668259441397794,0.0,0.0,0.0,0.0,0.0,0.0
160.000483751297,0.023845956902125032,-4.040409098114381,0.01917333444533923,0.009217899144681864,-0.00908572458399343,-0.6418286853483033,0.7667388203346516,0.0,0.0,0.0,0.0,0.0,0.0
160.10169982910156,0.02429762885286323,-4.043696030702523,0.01985118185942345,0.009545042335668856,-0.008606723654590004,-0.641398238000169,0.767100460673167,0.0,0.0,0.0,0.0,0.0,0.0
160.2197036743164,0.021057162818945513,-4.04427811888308,0.018357906263904607,0.009627035990239003,-0.008802004443837367,-0.641550427569568,0.7669699432057817,0.0,0.0,0.0,0.0,0.0,0.0
160.3167324066162,0.021510208255576584,-4.045092697289384,0.019810049752950976,0.009462780589918436,-0.008639564416793501,-0.6416790030491674,0.766866266539339,0.0,0.0,0.0,0.0,0.0,0.0
160.39439392089844,0.02021552150146756,-4.043018557896505,0.019015450565472453,0.009473706065519819,-0.008835216828371092,-0.6413554854430219,0.7671344922039993,0.0,0.0,0.0,0.0,0.0,0.0
160.49853086471558,0.021525889079065635,-4.040794604715448,0.018989692495904126,0.009427940235231526,-0.008883862958665872,-0.6413540319774759,0.7671357093683292,0.0,0.0,0.0,0.0,0.0,0.0
160.61693906784058,0.020527364446464854,-4.042076038021244,0.01845383143088754,0.009137786639772825,-0.0088289815236677,-0.6412030681183357,0.7672660395040144,0.0,0.0,0.0,0.0,0.0,0.0
160.72571659088135,0.02230511335435653,-4.042045341162383,0.01871986277279953,0.009032053276430044,-0.008403075186812905,-0.6413489455073983,0.7671501420436071,0.0,0.0,0.0,0.0,0.0,0.0
160.80557680130005,0.023897160358920966,-4.045047034645765,0.01910850134594711,0.009422394819575594,-0.008852046558381553,-0.6415316765877563,0.7669875929127254,0.0,0.0,0.0,0.0,0.0,0.0
160.91602277755737,0.024615405817367344,-4.044278002102308,0.01871134899904308,0.009356058025228053,-0.008844638289999018,-0.6414121724358441,0.7670884314098603,0.0,0.0,0.0,0.0,0.0,0.0
161.02177572250366,0.024274028200054264,-4.041510395934056,0.019186464820087113,0.009047643439092201,-0.008545569000530984,-0.6412481571445074,0.7672326337932914,0.0,0.0,0.0,0.0,0.0,0.0
161.1157741546631,0.02257403044677042,-4.039178350371359,0.01895721454950461,0.009517780560367301,-0.008923413772033081,-0.641294497960031,0.7671839097804458,0.0,0.0,0.0,0.0,0.0,0.0
161.20009517669678,0.022949967308255097,-4.038291011463502,0.019735094771815603,0.00945461112199781,-0.008879785129736048,-0.6412016269006934,0.7672628189899773,0.0,0.0,0.0,0.0,0.0,0.0
161.32921981811523,0.01865055899634078,-4.040033349891719,0.018395190628190897,0.008928430982718154,-0.008687083972775594,-0.6413678249423324,0.7671324076200533,0.0,0.0,0.0,0.0,0.0,0.0
161.42039012908936,0.019558428726079467,-4.0426345683404765,0.017670211086409725,0.009117517608707682,-0.008617241074120879,-0.6413225215414365,0.7671688454262334,0.0,0.0,0.0,0.0,0.0,0.0
161.49656581878662,0.02472587612592388,-4.044600946222441,0.01767048456156196,0.009427856812431558,-0.008863833790314852,-0.6412705171872405,0.7672057558131532,0.0,0.0,0.0,0.0,0.0,0.0
161.60898280143738,0.02445081713961669,-4.04778630138368,0.01630800349055852,0.009139789037726068,-0.008744846969866538,-0.6416641545284806,0.766881415018665,0.0,0.0,0.0,0.0,0.0,0.0
161.69886946678162,0.02328739729811573,-4.0477743798916075,0.019467968658082622,0.009601525799961768,-0.008979042210829943,-0.6416797574560426,0.76686001093707,0.0,0.0,0.0,0.0,0.0,0.0
161.81568455696106,0.020020017814802775,-4.045823407671857,0.01926787212382165,0.009489864208420766,-0.008632950066953481,-0.6413837793887814,0.767112939655804,0.0,0.0,0.0,0.0,0.0,0.0
161.89667892456055,0.022454011257461187,-4.044898582585727,0.019831080476337404,0.009546471141267877,-0.009170938004456062,-0.6413256375086297,0.7671546033616535,0.0,0.0,0.0,0.0,0.0,0.0
162.02295351028442,0.02620870572724709,-4.042065939763222,0.018156800456775764,0.008843421827629795,-0.008728267434202488,-0.6413807166059283,0.767122146469518,0.0,0.0,0.0,0.0,0.0,0.0
162.11981439590454,0.026614498739237803,-4.040104630282358,0.0197016552860294,0.009553755633964262,-0.008963812153737557,-0.6414178478972746,0.7670798656096683,0.0,0.0,0.0,0.0,0.0,0.0
162.2391927242279,0.025294431413671898,-4.042446914038357,0.019729585366381305,0.009541418303055656,-0.008922836438645287,-0.6412576767423954,0.767214400507159,0.0,0.0,0.0,0.0,0.0,0.0
162.32035660743713,0.022020911665653523,-4.040828750044331,0.01998615932709513,0.009485357976624073,-0.008819512876939193,-0.6413618708544935,0.7671291904175279,0.0,0.0,0.0,0.0,0.0,0.0
162.40082359313965,0.022849322859498658,-4.043846843515448,0.020064546567199006,0.009520890464195948,-0.00892098630331522,-0.6418170441515372,0.7667467968532296,0.0,0.0,0.0,0.0,0.0,0.0
162.51566624641418,0.02147092072750565,-4.045187499313933,0.02019545170534366,0.009665006551553673,-0.00895402143162406,-0.6412527927401396,0.7672165723910632,0.0,0.0,0.0,0.0,0.0,0.0
162.61882376670837,0.02544659428872369,-4.043851148467253,0.020919561215184,0.009474887117511705,-0.009041974459098425,-0.6412719767317431,0.7672018776505395,0.0,0.0,0.0,0.0,0.0,0.0
162.71485662460327,0.02768473127433739,-4.0445626146766624,0.01868706103691234,0.00917536049305208,-0.008652190488682748,-0.6412367160177256,0.7672394843791163,0.0,0.0,0.0,0.0,0.0,0.0
162.82862067222595,0.028145420002308626,-4.043388956852051,0.018833342533194186,0.009458662172502474,-0.00879955892034327,-0.6416563078557479,0.7668834879312522,0.0,0.0,0.0,0.0,0.0,0.0
162.9274196624756,0.027369194522645104,-4.042531823621089,0.02055788535737664,0.009752483945969925,-0.008968807960091654,-0.6415720805819687,0.7669483130943971,0.0,0.0,0.0,0.0,0.0,0.0
163.01767706871033,0.024496597507565093,-4.042552665298342,0.0187634558462934,0.009210026505381755,-0.008809149744746966,-0.6414301290405526,0.7670755920061096,0.0,0.0,0.0,0.0,0.0,0.0
163.1166808605194,0.01928698113335317,-4.042159010637125,0.019371733663950005,0.009371716032920852,-0.008896473591738799,-0.6414115044452903,0.7670881994017494,0.0,0.0,0.0,0.0,0.0,0.0
163.23120021820068,0.016028200675576147,-4.041289194183419,0.018070336405924096,0.009080842906918482,-0.008743779323783544,-0.6415766650548971,0.7669553229962169,0.0,0.0,0.0,0.0,0.0,0.0
163.32689428329468,0.015865882216954088,-4.039294168990738,0.018559084060186935,0.009425177071591203,-0.008933130608551325,-0.6413535299106901,0.7671355909392781,0.0,0.0,0.0,0.0,0.0,0.0
163.41703295707703,0.01699184457834355,-4.040572593060727,0.020198554866250457,0.00925739900494364,-0.00874816779244994,-0.6416083388255063,0.7669266651209037,0.0,0.0,0.0,0.0,0.0,0.0
163.49833917617798,0.018100551496161403,-4.042002995058555,0.02180475078586654,0.009533578271718008,-0.008804695965482912,-0.6414643731735942,0.7670430536568715,0.0,0.0,0.0,0.0,0.0,0.0
163.6140558719635,0.02014695460584818,-4.041675588563942,0.019639990465556353,0.009390013400940405,-0.008906127848155908,-0.6412064387044606,0.7672592857039807,0.0,0.0,0.0,0.0,0.0,0.0
163.7188606262207,0.023988885844120077,-4.04255394142639,0.017157107170811536,0.009074922502217838,-0.008678489474584465,-0.641784828769316,0.7667819528154765,0.0,0.0,0.0,0.0,0.0,0.0
163.8331596851349,0.02536938512829387,-4.041690383899207,0.01810286374653511,0.009518359353677303,-0.008816996449733973,-0.6413199695055336,0.7671638404683828,0.0,0.0,0.0,0.0,0.0,0.0
163.91251945495605,0.02580999131871016,-4.041982449274116,0.018127537240671638,0.009347289311105848,-0.008797038838403715,-0.6417473278081306,0.7668087163962675,0.0,0.0,0.0,0.0,0.0,0.0
164.02674055099487,0.025376092672954247,-4.04244434535011,0.018981206852883764,0.009758580395428842,-0.009119231045211847,-0.6413774042312407,0.7671092719263423,0.0,0.0,0.0,0.0,0.0,0.0
164.1282093524933,0.02705860852131823,-4.0418617350211665,0.020342189492996304,0.00933783142830541,-0.008819096806681529,-0.6416217784392835,0.7669136339041699,0.0,0.0,0.0,0.0,0.0,0.0
164.21521663665771,0.02433942283182418,-4.043720329118003,0.02173196592610312,0.009455651198425674,-0.008670666443806511,-0.6415457038584458,0.7669775225288955,0.0,0.0,0.0,0.0,0.0,0.0
164.34129071235657,0.02086383968773329,-4.042651816136097,0.019640958340422524,0.00944768306068789,-0.008976253454932137,-0.6412468880965647,0.767223954699752,0.0,0.0,0.0,0.0,0.0,0.0
164.41609358787537,0.021155588449740085,-4.0413016381152005,0.019132230139396113,0.009129813692302436,-0.008618017331288304,-0.641294527826656,0.7671920912384106,0.0,0.0,0.0,0.0,0.0,0.0
164.5174458026886,0.02214936580173236,-4.039686103747837,0.019981661766372776,0.00946403414043232,-0.008618023344704323,-0.6411647222934532,0.7672965271769027,0.0,0.0,0.0,0.0,0.0,0.0
164.5952742099762,0.024595197575493864,-4.041437638317465,0.022387473634394094,0.009993406999279328,-0.00902845444515755,-0.6412187160534678,0.7672399735477666,0.0,0.0,0.0,0.0,0.0,0.0
164.71608901023865,0.02466087694020092,-4.041587160373163,0.02168781046244482,0.009423248792829882,-0.008949406261160633,-0.6416887733792128,0.7668550245181938,0.0,0.0,0.0,0.0,0.0,0.0
164.81995296478271,0.0260558070605941,-4.044772775978713,0.02036085884969879,0.009434545823894004,-0.008850417653166843,-0.6410136299042979,0.7674204751825006,0.0,0.0,0.0,0.0,0.0,0.0
164.9133574962616,0.0244329484872436,-4.042630155899023,0.021228403655294163,0.009645202261638853,-0.009024616024856073,-0.6414743417949262,0.7670307654831456,0.0,0.0,0.0,0.0,0.0,0.0
165.0289387702942,0.02585476946768854,-4.040871335453918,0.02137338289277408,0.009507208546647297,-0.009050633700554814,-0.641276209589593,0.7671978376075046,0.0,0.0,0.0,0.0,0.0,0.0
165.11658143997192,0.024398999496755128,-4.041195635027248,0.019206891034221733,0.00921260155354415,-0.008807446831100489,-0.641446958649087,0.7670615073726013,0.0,0.0,0.0,0.0,0.0,0.0
165.22230172157288,0.023532309993680577,-4.041089443299085,0.0198156742470691,0.009160932346633599,-0.008930728477745942,-0.6417211852095446,0.7668312981749059,0.0,0.0,0.0,0.0,0.0,0.0
165.2962462902069,0.023870955336751272,-4.04152406013308,0.020500754372298827,0.00962551139384985,-0.008878735800356738,-0.6414214832380752,0.7670769181911414,0.0,0.0,0.0,0.0,0.0,0.0
165.42511987686157,0.022178403406666297,-4.039667959852366,0.018086954640234167,0.00919789142564958,-0.008584601839360549,-0.6413024533621396,0.7671850276929548,0.0,0.0,0.0,0.0,0.0,0.0
165.5147898197174,0.023261250078492633,-4.040259831490453,0.019208643121417703,0.00951438884258128,-0.008845820590428712,-0.6414000797107154,0.7670965816701826,0.0,0.0,0.0,0.0,0.0,0.0
165.61470103263855,0.023675545336505666,-4.0434395197302475,0.021670768971459416,0.009434407092325766,-0.008802251496662528,-0.6414180023045871,0.7670830845814267,0.0,0.0,0.0,0.0,0.0,0.0
165.71444129943848,0.023472270434273593,-4.041958668152117,0.021303896975363994,0.009604970754518544,-0.008744728685124022,-0.6415707225435133,0.7669538983745889,0.0,0.0,0.0,0.0,0.0,0.0
165.8382499217987,0.023349733112554973,-4.043464000656824,0.02036432548374392,0.009082893080862466,-0.008870296410930843,-0.6412570979255527,0.7672210589229933,0.0,0.0,0.0,0.0,0.0,0.0
165.92825841903687,0.023910929929141532,-4.044787953238197,0.020844769968723354,0.009719938550732193,-0.008996026502493768,-0.6417235787169452,0.7668216499424167,0.0,0.0,0.0,0.0,0.0,0.0
166.01403665542603,0.02575024843928674,-4.043813871745761,0.02097950913957896,0.009747976546612356,-0.008741478498447029,-0.641233810745004,0.7672338388420481,0.0,0.0,0.0,0.0,0.0,0.0
166.09588932991028,0.02304747626935242,-4.040568633519253,0.018356577333782452,0.009143915916412474,-0.00863449816914201,-0.6414507075679141,0.767061160536538,0.0,0.0,0.0,0.0,0.0,0.0
166.22428941726685,0.018035426383470825,-4.039447316266546,0.018279459083970568,0.009112321704210625,-0.008859065657564155,-0.6415299086601861,0.7669927371515621,0.0,0.0,0.0,0.0,0.0,0.0
166.3383367061615,0.01840336444409511,-4.040776998292025,0.021440935369237104,0.009428579102549668,-0.008798340226850982,-0.6415349500531319,0.7669853968398888,0.0,0.0,0.0,0.0,0.0,0.0
166.42654967308044,0.0195440543812842,-4.038674380330625,0.020966050622886204,0.00985344373058282,-0.00908265729316898,-0.6413912317165306,0.7670969318542811,0.0,0.0,0.0,0.0,0.0,0.0
166.5152587890625,0.022602650539008038,-4.043495661275975,0.019157788252101203,0.009273857764497991,-0.008905321310662974,-0.6413822083946713,0.7671137813709573,0.0,0.0,0.0,0.0,0.0,0.0
166.61348295211792,0.02297994554863687,-4.043156677286077,0.0193659172227336,0.009326645917523938,-0.008595137496803821,-0.6415251729226916,0.76699712502317,0.0,0.0,0.0,0.0,0.0,0.0
166.71330618858337,0.02149326410954628,-4.043674139648087,0.019033712714207406,0.009408774816488016,-0.00863816186273595,-0.6415464214644606,0.766977865536019,0.0,0.0,0.0,0.0,0.0,0.0
166.81687879562378,0.01951300626070198,-4.041546989161112,0.017293415339293152,0.009364404717080653,-0.008697618699478491,-0.6415687374854884,0.766959069595299,0.0,0.0,0.0,0.0,0.0,0.0
166.9206976890564,0.01963420718835594,-4.04155628268654,0.019116912553559802,0.00947824145744713,-0.008648514951047947,-0.6414062113741227,0.7670941520691361,0.0,0.0,0.0,0.0,0.0,0.0
167.01457595825195,0.023510378409875743,-4.038779459872574,0.018908327006515124,0.009281065719795234,-0.00875017240137825,-0.6412382818578319,0.767235793079301,0.0,0.0,0.0,0.0,0.0,0.0
167.1139850616455,0.024902694900048972,-4.038168129550117,0.019263140874098635,0.009531457420755455,-0.008642613715330124,-0.6411900974670177,0.7672742113858633,0.0,0.0,0.0,0.0,0.0,0.0
167.23021531105042,0.024008242345234226,-4.041766078356335,0.019902590800834417,0.00936510513314226,-0.008821617099725463,-0.6416115210098855,0.7669218538970775,0.0,0.0,0.0,0.0,0.0,0.0
167.31388187408447,0.021874666962607033,-4.045550066274137,0.021910137876167083,0.009312975184570629,-0.008734587379216013,-0.6414859211273398,0.7670285447569034,0.0,0.0,0.0,0.0,0.0,0.0
167.4193353652954,0.016604364301314484,-4.040324206820456,0.02129438846398147,0.009236419069612941,-0.008576361397400502,-0.6414003980690847,0.7671027727395655,0.0,0.0,0.0,0.0,0.0,0.0
167.52711629867554,0.017671287440459833,-4.039582390738887,0.019975012146310374,0.009457769964636133,-0.00881140904004706,-0.6413602807592602,0.7671309535681543,0.0,0.0,0.0,0.0,0.0,0.0
167.60030364990234,0.022318579575129577,-4.040969673529903,0.01963147414309059,0.009508823092533038,-0.008929339214598167,-0.6411151652069463,0.7673338218312897,0.0,0.0,0.0,0.0,0.0,0.0
167.7262578010559,0.027046669717858275,-4.0404618911965136,0.02014349844948199,0.00930459102605887,-0.008994580564121366,-0.6414233477513728,0.7670779693523289,0.0,0.0,0.0,0.0,0.0,0.0
167.82955121994019,0.028189964001090084,-4.038012639780015,0.020357879685728615,0.009804517520126897,-0.008774348426755724,-0.641365218057168,0.7671228971372983,0.0,0.0,0.0,0.0,0.0,0.0
167.92632842063904,0.023626068808965655,-4.038883203789424,0.020304971806321733,0.009678813779363677,-0.008897134399492988,-0.6412455558537119,0.7672231087898245,0.0,0.0,0.0,0.0,0.0,0.0
168.02558755874634,0.021162443843668773,-4.040107679087949,0.01972369262181645,0.009880345158876706,-0.009130993156976729,-0.6411861696173816,0.7672674238066259,0.0,0.0,0.0,0.0,0.0,0.0
168.11672282218933,0.020534468417320494,-4.038699260075578,0.019800016589596167,0.009511016815703929,-0.00854170347535665,-0.6414225219804144,0.7670813047892073,0.0,0.0,0.0,0.0,0.0,0.0
168.19093775749207,0.020619329095048156,-4.041495144076824,0.01889839704727739,0.009200334804506017,-0.008828612185860372,-0.6415694534326262,0.7669589597028481,0.0,0.0,0.0,0.0,0.0,0.0
168.31868600845337,0.022531411858076156,-4.043628255391895,0.020684062656305728,0.009280899937686304,-0.00885424202731539,-0.6413996657948486,0.7670996910523964,0.0,0.0,0.0,0.0,0.0,0.0
168.41317439079285,0.02570235784475036,-4.038955820056362,0.01977232220498617,0.00937863713340441,-0.008734373171924362,-0.6414953114452754,0.7670198936693232,0.0,0.0,0.0,0.0,0.0,0.0
168.51921844482422,0.02756966270456557,-4.039413948307087,0.01999041660033182,0.009421853545902895,-0.009012221217045336,-0.6413487874154178,0.767138671574589,0.0,0.0,0.0,0.0,0.0,0.0
168.62137150764465,0.020848007066730956,-4.040671777629171,0.01938070176208078,0.009665301761257985,-0.00885770234531837,-0.6413161055136363,0.7671647644800991,0.0,0.0,0.0,0.0,0.0,0.0
168.7255334854126,0.022277746313587417,-4.0425024232737385,0.018441997722754344,0.009477647915821752,-0.008737770152633198,-0.6411341012503259,0.7673205912632858,0.0,0.0,0.0,0.0,0.0,0.0
168.8150293827057,0.019295546212642168,-4.044203584674537,0.01943037556442401,0.009469614626092736,-0.008763926515970863,-0.6415660151481622,0.7669593002224576,0.0,0.0,0.0,0.0,0.0,0.0
168.91470670700073,0.01792996230157253,-4.045097874009061,0.018384845798515674,0.009302038535455356,-0.00881154835313327,-0.6417235789121383,0.7668289750412799,0.0,0.0,0.0,0.0,0.0,0.0
169.02840089797974,0.020165291197267628,-4.04142716473796,0.018329745127795952,0.00906839013359907,-0.008798612333777437,-0.6413682483969537,0.767129140803272,0.0,0.0,0.0,0.0,0.0,0.0
169.11293363571167,0.024587443248681083,-4.04156903957127,0.01871734272520589,0.009196540427495025,-0.008729860711173284,-0.6409612768322802,0.7674684715202442,0.0,0.0,0.0,0.0,0.0,0.0
169.23280143737793,0.023556823250228114,-4.036906194668888,0.018440160759174602,0.009400511147959648,-0.008789623605601095,-0.6414105742741123,0.7670898566115575,0.0,0.0,0.0,0.0,0.0,0.0
169.31978273391724,0.022779541659869,-4.0411399460703485,0.020204194668605693,0.009332072040495392,-0.008774633616967939,-0.6418061497453864,0.7667599261732966,0.0,0.0,0.0,0.0,0.0,0.0
169.41490387916565,0.024906684460811034,-4.042520654857308,0.02078382628062656,0.009470824051344669,-0.00894403880871177,-0.6413678864218185,0.767122898842385,0.0,0.0,0.0,0.0,0.0,0.0
169.52795124053955,0.024542292959883225,-4.039859496565648,0.02054829806149682,0.009327871435609997,-0.008520556979053026,-0.6411536586669805,0.7673085278433645,0.0,0.0,0.0,0.0,0.0,0.0
169.61587047576904,0.023269714207312938,-4.0378852194942505,0.018964961474569306,0.009112656905978815,-0.008808068084701495,-0.641169335503827,0.7672947677589556,0.0,0.0,0.0,0.0,0.0,0.0
169.72027707099915,0.020128126790818265,-4.041178647336364,0.018284202386641763,0.00920600516783692,-0.008839660181273105,-0.6413240815532655,0.7671639539867275,0.0,0.0,0.0,0.0,0.0,0.0
169.83982014656067,0.02212212130232487,-4.046904466264101,0.019410396961445326,0.00939130055144494,-0.008828286963471222,-0.6417539906198932,0.7668022433109105,0.0,0.0,0.0,0.0,0.0,0.0
169.91659307479858,0.020011385747356097,-4.04460159890119,0.01928671812572653,0.009035812334722379,-0.0087086881910532,-0.6413227134650965,0.7671686190396266,0.0,0.0,0.0,0.0,0.0,0.0
170.01694011688232,0.02354599624917796,-4.042663088386678,0.02020556583449459,0.009589449680418792,-0.00897649217897484,-0.6414239434691393,0.7670741748927837,0.0,0.0,0.0,0.0,0.0,0.0
170.11706519126892,0.02406487500047627,-4.043789775490239,0.019189929859917715,0.009084409678534354,-0.008778481186314234,-0.6418404062297145,0.7667341812516828,0.0,0.0,0.0,0.0,0.0,0.0
170.23035717010498,0.022977781256624363,-4.04116257671265,0.018526553009902722,0.009151360741457159,-0.008615015300142895,-0.6416783532798016,0.7668708659481333,0.0,0.0,0.0,0.0,0.0,0.0
170.33378911018372,0.02206717632992446,-4.042620659003827,0.01782426583895313,0.008840609001288142,-0.008610656220336323,-0.6415768748743564,0.766959460374768,0.0,0.0,0.0,0.0,0.0,0.0
170.41986799240112,0.025612451132367136,-4.040149308918432,0.020517544889187674,0.009430930124138604,-0.008767575777079019,-0.6416947550750406,0.7668520251529168,0.0,0.0,0.0,0.0,0.0,0.0
170.519873380661,0.022517235590397044,-4.042458967958905,0.020218880788624556,0.009594356651332379,-0.008918012405463306,-0.6416735586648347,0.766865999693264,0.0,0.0,0.0,0.0,0.0,0.0
170.6235592365265,0.02105777303050216,-4.041102091167483,0.01959786665287238,0.009631570231758594,-0.008935420127944132,-0.6415186693621339,0.7669949074027835,0.0,0.0,0.0,0.0,0.0,0.0
170.72859168052673,0.018292884665067396,-4.039660577125283,0.019598226838913747,0.009314689192240091,-0.0087666362550349,-0.641482694451358,0.7670308568587115,0.0,0.0,0.0,0.0,0.0,0.0
170.83665013313293,0.016024871711854703,-4.041159343586528,0.02131782464964985,0.00958556820551627,-0.00874350800780094,-0.6413550724474865,0.7671344986348438,0.0,0.0,0.0,0.0,0.0,0.0
170.9252359867096,0.021309064716799365,-4.042637016723386,0.020744716592909378,0.009374036135488527,-0.008758631421039513,-0.6415734971804986,0.7669542760410843,0.0,0.0,0.0,0.0,0.0,0.0
171.03275871276855,0.022723591416128223,-4.042027115140653,0.01826026687382359,0.009131236566093553,-0.008836931422911972,-0.6412174260265009,0.7672540268527157,0.0,0.0,0.0,0.0,0.0,0.0
171.14284777641296,0.026188632913159676,-4.039018507032725,0.01801205940080531,0.00924481023954532,-0.008827068947798672,-0.6411807502561981,0.7672834299255277,0.0,0.0,0.0,0.0,0.0,0.0
171.22785687446594,0.025289987286751706,-4.043513934844076,0.01766351036541867,0.009517827875718454,-0.008981803758747003,-0.6413241263356848,0.7671584602502246,0.0,0.0,0.0,0.0,0.0,0.0
171.3247411251068,0.023143735035791483,-4.0447867248658484,0.017445370550625814,0.009270183666073403,-0.008797914206139974,-0.6416450339620188,0.7668952410807202,0.0,0.0,0.0,0.0,0.0,0.0
171.44773030281067,0.025826067835368775,-4.0453584480080815,0.018717891657694316,0.009256372116352427,-0.008862053381096933,-0.641331700830112,0.7671567200353705,0.0,0.0,0.0,0.0,0.0,0.0
171.5218698978424,0.024289929866732132,-4.044993223901245,0.018438776563856164,0.009335042709852512,-0.009005076255952224,-0.6411880545555114,0.7672741649987351,0.0,0.0,0.0,0.0,0.0,0.0
171.6259593963623,0.023298082831970827,-4.042472412916796,0.01765201511337882,0.009199970029477474,-0.008576506724256925,-0.6416136218683818,0.7669248752757734,0.0,0.0,0.0,0.0,0.0,0.0
171.7229619026184,0.02337783926022504,-4.03970932521142,0.018681552576985273,0.009271477362349413,-0.008694012314876381,-0.6414792907444467,0.7670350535688363,0.0,0.0,0.0,0.0,0.0,0.0
171.83538961410522,0.02456324792332234,-4.042865554752446,0.01822229032946059,0.009095507558017014,-0.008808039019118728,-0.6413430966079519,0.767149739375685,0.0,0.0,0.0,0.0,0.0,0.0
171.95341205596924,0.02252019392977399,-4.0417699218805705,0.015770335036696354,0.009046339333058019,-0.008626178007863436,-0.6417254145063153,0.766832605706294,0.0,0.0,0.0,0.0,0.0,0.0
172.03033924102783,0.01865812868991824,-4.0413407730511075,0.0180043813752277,0.009540171806845164,-0.009073393120234705,-0.6411754538005495,0.7672813669722469,0.0,0.0,0.0,0.0,0.0,0.0
172.12783908843994,0.020324119380742498,-4.042747761822741,0.01871690826451185,0.009094754545901435,-0.008536931684495926,-0.6414532648429241,0.7670606985496496,0.0,0.0,0.0,0.0,0.0,0.0
172.23836374282837,0.022698487243229322,-4.0450083096710605,0.019881039632942535,0.009757052485331577,-0.009168129428437975,-0.6416549159735015,0.7668765964199059,0.0,0.0,0.0,0.0,0.0,0.0
172.32878994941711,0.020968297067074967,-4.041143328130319,0.02027285203570761,0.00947309485936383,-0.008887591900755437,-0.6412718010286813,0.7672038506090683,0.0,0.0,0.0,0.0,0.0,0.0
172.42691349983215,0.024077946101362015,-4.041715089122001,0.020034914497172825,0.009417217526891656,-0.0090398344836598,-0.6412908056224094,0.7671868742559923,0.0,0.0,0.0,0.0,0.0,0.0
172.53669118881226,0.021699646666244344,-4.038965529057148,0.01963084749843674,0.009557682113963503,-0.008548015573797094,-0.6417134849364577,0.7668372613488628,0.0,0.0,0.0,0.0,0.0,0.0
172.62811422348022,0.022619899619089993,-4.037450355730614,0.020912390761037986,0.009562629704107456,-0.008848261245651384,-0.6411143355956465,0.7673347855270101,0.0,0.0,0.0,0.0,0.0,0.0
172.74193239212036,0.01865502833457829,-4.034666005611117,0.02083526051077259,0.00956464700991988,-0.008845945119779652,-0.6415004584590975,0.7670120133213296,0.0,0.0,0.0,0.0,0.0,0.0
172.8298568725586,0.021954575405923923,-4.0328036746246125,0.02013467237884593,0.0094822583535703,-0.008949748878574294,-0.6411358521480095,0.7673166281672327,0.0,0.0,0.0,0.0,0.0,0.0
172.92860651016235,0.022314636117604817,-4.036923593709068,0.01947407102077877,0.009574838703359297,-0.008787692625370018,-0.6413013207773646,0.7671790631210507,0.0,0.0,0.0,0.0,0.0,0.0
173.04931735992432,0.02163591250040892,-4.040796568565973,0.018760535111166488,0.009589378117208253,-0.009081503054697317,-0.6413354547282644,0.7671469250658843,0.0,0.0,0.0,0.0,0.0,0.0
173.1311297416687,0.023134361454209884,-4.046846027413348,0.018322788784177757,0.009243331105332998,-0.008889806047103177,-0.6415306314432762,0.7669902092585481,0.0,0.0,0.0,0.0,0.0,0.0
173.21223378181458,0.02250823552611632,-4.045319696609401,0.01923354217724142,0.00940510544216829,-0.008799666591517052,-0.6417799818408482,0.7667806497087799,0.0,0.0,0.0,0.0,0.0,0.0
173.3442702293396,0.021940239655591515,-4.039159944508233,0.018108070681934672,0.009371235371268811,-0.00885876897834036,-0.6413598167287002,0.7671318580566776,0.0,0.0,0.0,0.0,0.0,0.0
173.4367172718048,0.022162282019512154,-4.038658587448913,0.01958598793269809,0.00952178229044746,-0.00892348476426368,-0.6416662767994818,0.7668729336075979,0.0,0.0,0.0,0.0,0.0,0.0
173.538889169693,0.022559062995099823,-4.041703778231906,0.021956372744812012,0.009984818629341361,-0.0089588547120058,-0.6416948277461614,0.7668427416119749,0.0,0.0,0.0,0.0,0.0,0.0
173.6453459262848,0.020558333518730085,-4.041130441200192,0.0209514829325885,0.009351303539674116,-0.008851696857205762,-0.6412285383411583,0.767241918954951,0.0,0.0,0.0,0.0,0.0,0.0
173.74463868141174,0.020839811967155043,-4.038475262447956,0.019251047990381652,0.009493471916186956,-0.008921406689791762,-0.6413526445832354,0.7671356254142412,0.0,0.0,0.0,0.0,0.0,0.0
173.84597873687744,0.021265859899367717,-4.040001463650665,0.018564723775518394,0.009309145157091097,-0.009000876275602853,-0.6413419331981041,0.767145911000242,0.0,0.0,0.0,0.0,0.0,0.0
173.9545111656189,0.021345447725686254,-4.0396499749182375,0.019116542667538816,0.009233852378829068,-0.008587113928575254,-0.641583976751036,0.7669491496969709,0.0,0.0,0.0,0.0,0.0,0.0
174.03624320030212,0.019748211846173692,-4.036833578859419,0.017754989143660426,0.009249849722183798,-0.008441687396664033,-0.641180367870605,0.7672880254840987,0.0,0.0,0.0,0.0,0.0,0.0
174.13546752929688,0.019696525697250555,-4.037436118248053,0.01835995173631665,0.009398961641144996,-0.008822555935906346,-0.6415621896058585,0.7669626971991008,0.0,0.0,0.0,0.0,0.0,0.0
174.23059558868408,0.022377189366666526,-4.0426187191717915,0.020471222939403143,0.009578030285437914,-0.008960265229556962,-0.6414766408059017,0.7670304389548047,0.0,0.0,0.0,0.0,0.0,0.0
174.352046251297,0.02377412462459738,-4.041019177968456,0.02025255216047827,0.009607538306945622,-0.00886467966178124,-0.6411931897695425,0.7672681448198481,0.0,0.0,0.0,0.0,0.0,0.0
174.43570494651794,0.021797933263604338,-4.039717152003669,0.018939379662974605,0.009109707723932197,-0.008405378805221337,-0.6413883279119555,0.7671162725757997,0.0,0.0,0.0,0.0,0.0,0.0
174.54817056655884,0.021556603504257046,-4.040030052833194,0.019701830832528102,0.009405327966735176,-0.009134734395279164,-0.6415907255084866,0.7669350933259066,0.0,0.0,0.0,0.0,0.0,0.0
174.61666536331177,0.021259236291962476,-4.037122122070578,0.01864253898042373,0.00915030684959918,-0.0087225819579828,-0.6412103886695916,0.7672609894362498,0.0,0.0,0.0,0.0,0.0,0.0
174.73594880104065,0.02080070527344822,-4.035209318115641,0.019249647892502345,0.00930644671068499,-0.008728943455578323,-0.6411154150862235,0.7673384000130236,0.0,0.0,0.0,0.0,0.0,0.0
174.8358085155487,0.01968990967312897,-4.034078524769761,0.01829028314800699,0.009199396482502526,-0.008673014769387208,-0.6414339723842654,0.7670740570443421,0.0,0.0,0.0,0.0,0.0,0.0
174.95735049247742,0.02275988306454754,-4.04026756953087,0.02021754333797728,0.009572166210106484,-0.00885745922109501,-0.6413732461335211,0.7671181644272933,0.0,0.0,0.0,0.0,0.0,0.0
175.03740620613098,0.023787098399087398,-4.043990429287258,0.021165039481754258,0.009462889101589553,-0.008852861050738521,-0.6416980222817994,0.766847917634685,0.0,0.0,0.0,0.0,0.0,0.0
175.14158296585083,0.0268362781324266,-4.042871097383858,0.01834015322898333,0.009163396296075143,-0.008787978078017162,-0.6415895466166751,0.7669430599997552,0.0,0.0,0.0,0.0,0.0,0.0
175.25766468048096,0.025902875352690695,-4.042638729648937,0.019512479411459737,0.009499387561677407,-0.008879870667015706,-0.6413330530035188,0.7671524129259014,0.0,0.0,0.0,0.0,0.0,0.0
175.3184678554535,0.0220675270289515,-4.041885444734432,0.02027999902327834,0.009526383072632894,-0.008952459776187386,-0.6414288411988073,0.7670711460926042,0.0,0.0,0.0,0.0,0.0,0.0
175.44272804260254,0.01815379604919408,-4.038216664371403,0.019517797093658504,0.009409345582097476,-0.008522626624674057,-0.6415276686807321,0.7669948365981061,0.0,0.0,0.0,0.0,0.0,0.0
175.55601835250854,0.018998160423080338,-4.034190200282203,0.01863222376340552,0.00916780358541678,-0.008808115905376664,-0.6412542266682936,0.7672231652209308,0.0,0.0,0.0,0.0,0.0,0.0
175.63334798812866,0.022335525960107,-4.038089547122334,0.018881164933871708,0.009401252380021154,-0.00879351636625453,-0.6416523065098593,0.7668876111100892,0.0,0.0,0.0,0.0,0.0,0.0
175.76013588905334,0.025474902684663042,-4.04084504573375,0.018161132342293152,0.009369723629540194,-0.008677797534974718,-0.6412610604085817,0.7672164991139507,0.0,0.0,0.0,0.0,0.0,0.0
175.84864282608032,0.025718241988311078,-4.042196129766915,0.017750516671816617,0.009459157729601004,-0.008880796881679889,-0.6413441063448977,0.7671436586705356,0.0,0.0,0.0,0.0,0.0,0.0
175.94215059280396,0.023986203410471488,-4.042622100317574,0.01890241810192498,0.009368517567196318,-0.008872523235448527,-0.6416931177248298,0.7668529532280456,0.0,0.0,0.0,0.0,0.0,0.0
176.0234637260437,0.023443901688972188,-4.042518456368084,0.017854504359983706,0.009129467438283306,-0.008656343596513379,-0.6414553327807881,0.7670572185872963,0.0,0.0,0.0,0.0,0.0,0.0
176.14852452278137,0.020685129329496448,-4.040759984955314,0.018735904908754267,0.009374179385882517,-0.008841380578357764,-0.6415999455350846,0.766931199417291,0.0,0.0,0.0,0.0,0.0,0.0
176.22494101524353,0.020959654314002714,-4.0404912537777475,0.019294573518956998,0.00952339655468133,-0.008786989424846316,-0.6415281587423636,0.7669900359688523,0.0,0.0,0.0,0.0,0.0,0.0
176.35085320472717,0.02127205792840969,-4.039717151869786,0.021903001271337322,0.009778181147381687,-0.009239821146638618,-0.6414553424712552,0.7670424085366268,0.0,0.0,0.0,0.0,0.0,0.0
176.42272424697876,0.017504238281363958,-4.040321418862527,0.019827458284479953,0.009288511612256103,-0.008396732849902984,-0.6413771954990573,0.7671235308105196,0.0,0.0,0.0,0.0,0.0,0.0
176.54312229156494,0.017497416812109114,-4.037011957287338,0.016989737381766283,0.00939775914937208,-0.008853231177885064,-0.6411122022108092,0.7673385475766519,0.0,0.0,0.0,0.0,0.0,0.0
176.64602375030518,0.018626519435742762,-4.038039654495662,0.018020527085744538,0.009548748548234816,-0.009106896220568457,-0.6412081388457644,0.7672535490437946,0.0,0.0,0.0,0.0,0.0,0.0
176.7247347831726,0.019577298194113003,-4.040903827496156,0.019012936001756322,0.009124858222972416,-0.008621101723770317,-0.6415247560094446,0.7669996095138893,0.0,0.0,0.0,0.0,0.0,0.0
176.82465887069702,0.018873254665089757,-4.039765641248424,0.016693761009264396,0.009276296145590833,-0.008598689989539955,-0.641422106349872,0.7670838900315492,0.0,0.0,0.0,0.0,0.0,0.0
176.94716262817383,0.018294121918822594,-4.039288198293419,0.017532178332121878,0.009251787615809824,-0.008844920892935869,-0.6415335831740472,0.7669881573141366,0.0,0.0,0.0,0.0,0.0,0.0
177.04294419288635,0.022859062738211866,-4.0395863246595525,0.01990259899866423,0.009493417036989877,-0.00867488078632197,-0.6413905613651828,0.7671067521981006,0.0,0.0,0.0,0.0,0.0,0.0
177.1256263256073,0.02292224162871206,-4.044643944704887,0.019219633147367698,0.00944265180893321,-0.008784726420010547,-0.6416748581598324,0.7668683337536223,0.0,0.0,0.0,0.0,0.0,0.0
177.2642092704773,0.025799492762978476,-4.0420375172987315,0.019371050679480403,0.009448616207898523,-0.00894015107323319,-0.6414507036232123,0.7670539695300371,0.0,0.0,0.0,0.0,0.0,0.0
177.34804105758667,0.022757305771630126,-4.043534319421669,0.019728847740124584,0.009701530367898148,-0.009116657288598362,-0.641458527447685,0.7670421920813801,0.0,0.0,0.0,0.0,0.0,0.0
177.47335529327393,0.0186104846886758,-4.044340993110888,0.0204191972979828,0.009500079045070973,-0.008861592371954509,-0.6413441899642246,0.7671433051769804,0.0,0.0,0.0,0.0,0.0,0.0
177.5303614139557,0.01851320316305608,-4.04343808610947,0.01829011527509218,0.009284637976281571,-0.008728240992300275,-0.6418609712332858,0.7667151406580224,0.0,0.0,0.0,0.0,0.0,0.0
177.62726736068726,0.02266384141386878,-4.04204473154529,0.01832296046327571,0.00922107824225999,-0.00864243820322511,-0.6416146830082159,0.7669229938697741,0.0,0.0,0.0,0.0,0.0,0.0
177.7394037246704,0.025034442404408937,-4.037947057118949,0.019469697447230195,0.009485768203618792,-0.00880542573312634,-0.6416815752933491,0.7668619436432144,0.0,0.0,0.0,0.0,0.0,0.0
177.83525204658508,0.024838670277310567,-4.038311110827665,0.019409795329406884,0.00988874900951713,-0.008882406155474051,-0.6415847978103242,0.7669369352968722,0.0,0.0,0.0,0.0,0.0,0.0
177.9790427684784,0.023989964821212965,-4.035888470754764,0.020748298877961407,0.009899618243102657,-0.009132512124943974,-0.641287943474959,0.7671820959423805,0.0,0.0,0.0,0.0,0.0,0.0
178.02773237228394,0.02083744773660929,-4.036611061558164,0.021457699946631752,0.0096612329275246,-0.00883346271119191,-0.6414455901094409,0.7670568332555018,0.0,0.0,0.0,0.0,0.0,0.0
178.13051891326904,0.017973356569291724,-4.0377261832106655,0.020685103184740324,0.009429665957627256,-0.008837172653934518,-0.6417345432799998,0.7668179456302388,0.0,0.0,0.0,0.0,0.0,0.0
178.23066353797913,0.01755158904894567,-4.04211786676331,0.020103879879040495,0.009371264834151335,-0.008784862873539684,-0.6414073954023704,0.7670929270321857,0.0,0.0,0.0,0.0,0.0,0.0
178.32941794395447,0.017182244267449465,-4.039170885089471,0.019686092663985143,0.009396125716009293,-0.008573385888452726,-0.6411467522776177,0.7673128774624842,0.0,0.0,0.0,0.0,0.0,0.0
178.46133947372437,0.017534128281902105,-4.036541385483186,0.016987644381692476,0.009173615508427373,-0.008606796016020535,-0.6414014459074393,0.7671023093620858,0.0,0.0,0.0,0.0,0.0,0.0
178.5315387248993,0.017014056268479103,-4.0397348910807755,0.020728351237131935,0.00965312534771531,-0.009013906089357843,-0.6417088485427143,0.7668346108320712,0.0,0.0,0.0,0.0,0.0,0.0
178.6315402984619,0.024212930516236696,-4.0441982565464745,0.020567586482053726,0.009399020601853443,-0.008909781015811996,-0.6414081414142185,0.7670905229120554,0.0,0.0,0.0,0.0,0.0,0.0
178.75594973564148,0.024846898297375377,-4.0436207983396315,0.017041906285047665,0.00917442935270704,-0.008675034777634524,-0.6417936282132453,0.7667734426820572,0.0,0.0,0.0,0.0,0.0,0.0
178.85511898994446,0.021975746111525002,-4.044589633404536,0.019015075764230876,0.009735794969935867,-0.009085143541893697,-0.6414946261850101,0.7670119419140986,0.0,0.0,0.0,0.0,0.0,0.0
178.93030261993408,0.021720055656691127,-4.041353590335902,0.019876698367995826,0.009369610646934019,-0.008678501750695533,-0.641351496610572,0.7671408943597148,0.0,0.0,0.0,0.0,0.0,0.0
179.05812788009644,0.02011330380466234,-4.043860726375339,0.019702235226598322,0.009888308085792413,-0.009087297960256606,-0.6417479932668985,0.7667979887277,0.0,0.0,0.0,0.0,0.0,0.0
179.1397943496704,0.019316504189642356,-4.042791139054814,0.019947350909929065,0.009656748247724077,-0.008948144425645281,-0.6411285883655926,0.7673205399993641,0.0,0.0,0.0,0.0,0.0,0.0
179.25268626213074,0.019852916801550262,-4.037275608731127,0.01836892927408002,0.009209855019499712,-0.008885117928289317,-0.6414077528838352,0.7670934283321582,0.0,0.0,0.0,0.0,0.0,0.0
179.34522104263306,0.022265624807683994,-4.035473042946829,0.016171646485282427,0.009410856136356074,-0.008958986860071823,-0.6413674236293541,0.7671238493543407,0.0,0.0,0.0,0.0,0.0,0.0
179.43546676635742,0.023168232594475178,-4.036627775667667,0.015835934396660038,0.009064461835649042,-0.008542383446452322,-0.6414064290930381,0.76710016030161,0.0,0.0,0.0,0.0,0.0,0.0
179.5581831932068,0.02217292546412526,-4.04015601762669,0.016954949232424757,0.009051931357161265,-0.008859653450591679,-0.6413016708946429,0.7671842907588333,0.0,0.0,0.0,0.0,0.0,0.0
179.63333654403687,0.02339092099946511,-4.04078655275903,0.01838543150308077,0.009573170143445279,-0.00889526524875959,-0.6413111288896248,0.7671696452752987,0.0,0.0,0.0,0.0,0.0,0.0
179.74394941329956,0.023339474274997524,-4.0421093520576195,0.020549638857891454,0.009437873612847522,-0.009157927622112164,-0.6416975078787536,0.766845073848354,0.0,0.0,0.0,0.0,0.0,0.0
179.84922242164612,0.023327569016030853,-4.040650823540549,0.02069436813558178,0.009709798163271492,-0.009011901331332475,-0.6414898416121988,0.7670171370721341,0.0,0.0,0.0,0.0,0.0,0.0
179.93433809280396,0.019987875081691496,-4.042032492723649,0.019778072581023806,0.009221681402963828,-0.008916073766254879,-0.6416766793168567,0.7668679830593678,0.0,0.0,0.0,0.0,0.0,0.0
180.03972172737122,0.021298625195592863,-4.038621020434743,0.017544380536970248,0.00895458456207699,-0.008532167517507551,-0.6414982540845465,0.7670247763528941,0.0,0.0,0.0,0.0,0.0,0.0
180.14764189720154,0.021142239938324866,-4.035542079232328,0.016645219810504836,0.009156132425650172,-0.008898172663066948,-0.6412549795506521,0.7672216361415451,0.0,0.0,0.0,0.0,0.0,0.0
180.23893976211548,0.020249283698719967,-4.039436248113764,0.018565826934537514,0.009510816383923312,-0.008964322465734063,-0.6417044261019653,0.7668406710755129,0.0,0.0,0.0,0.0,0.0,0.0
180.3352611064911,0.02333911733666348,-4.045514037043612,0.019282512790232034,0.009366841593495911,-0.008953488920808961,-0.6416832083863686,0.7668603245635006,0.0,0.0,0.0,0.0,0.0,0.0
180.43375873565674,0.02204036175719194,-4.044077947045294,0.018376652922399553,0.009620330585079741,-0.008932930982929075,-0.6411326064860396,0.7673178173898075,0.0,0.0,0.0,0.0,0.0,0.0
180.5561797618866,0.02002202391664343,-4.039372380935604,0.019072947961831923,0.009746125140663467,-0.00890608375971322,-0.6411145040503878,0.767331667151165,0.0,0.0,0.0,0.0,0.0,0.0
180.64895009994507,0.019933302514114768,-4.043338617189705,0.018364739787468463,0.00945802251978947,-0.008720719889555157,-0.6414004116448425,0.7670984335770757,0.0,0.0,0.0,0.0,0.0,0.0
180.73709845542908,0.017732124621137435,-4.046061329773381,0.018844900730418845,0.00908353879329324,-0.00895860902226292,-0.6415595557892151,0.7669671238214032,0.0,0.0,0.0,0.0,0.0,0.0
180.84468269348145,0.017501333042480076,-4.041700030050376,0.01980895465604099,0.009327663779698521,-0.008890647319344773,-0.6415118387996885,0.7670048968282093,0.0,0.0,0.0,0.0,0.0,0.0
180.96269464492798,0.019375821658160982,-4.03935631974883,0.020606912370055477,0.009794674826617056,-0.008673489092293013,-0.6414319085696416,0.7670684073801155,0.0,0.0,0.0,0.0,0.0,0.0
181.03465580940247,0.02416178035042824,-4.040657653400732,0.020560563728267624,0.009795606682560784,-0.008935971960166095,-0.6413645384809831,0.7671217134678675,0.0,0.0,0.0,0.0,0.0,0.0
181.145489692688,0.024517625294168385,-4.038486247567532,0.020199218558488507,0.009402082047159052,-0.009038543241320992,-0.6412878585940904,0.7671895385164039,0.0,0.0,0.0,0.0,0.0,0.0
181.25483798980713,0.02227561033199185,-4.0400496791687965,0.01974184548158938,0.009719609933777866,-0.0088205072974729,-0.6410497152315476,0.7673871190183321,0.0,0.0,0.0,0.0,0.0,0.0
181.34062099456787,0.02049099031656256,-4.0419960717600025,0.01957676178663546,0.009398110165362664,-0.008830447318195064,-0.6411838583079967,0.7672789314002473,0.0,0.0,0.0,0.0,0.0,0.0
181.4464361667633,0.018375055577704517,-4.041840641479065,0.02104157395045834,0.00954656080672769,-0.008950720672871153,-0.6413968638978348,0.7670976539907919,0.0,0.0,0.0,0.0,0.0,0.0
181.55195832252502,0.02191876746818891,-4.037526906974831,0.020681404714012086,0.009911812976407978,-0.00885840115320316,-0.6415772240017201,0.7669432510523388,0.0,0.0,0.0,0.0,0.0,0.0
181.64186143875122,0.018675510208028073,-4.043073774973187,0.017270308285044937,0.009498722667278183,-0.00892852179209654,-0.6415459390313235,0.7669738351982222,0.0,0.0,0.0,0.0,0.0,0.0
181.73931527137756,0.02092402055212398,-4.044757153966379,0.017804801527550852,0.009306819271980219,-0.008968258014165896,-0.6416568581438515,0.7668829310006482,0.0,0.0,0.0,0.0,0.0,0.0
181.84770154953003,0.020759945860664313,-4.041754263690504,0.0203425539041303,0.009447747580534084,-0.00910938276487858,-0.6417582174913129,0.7667947244821287,0.0,0.0,0.0,0.0,0.0,0.0
181.94778966903687,0.0223877364287742,-4.039961909802807,0.021833527298685897,0.009739009577018242,-0.009023757162181142,-0.6416392749707616,0.7668916248819552,0.0,0.0,0.0,0.0,0.0,0.0
182.06020164489746,0.02452155968187306,-4.040070371774825,0.018845966562333345,0.009515073440653296,-0.00902970638472286,-0.6410203473440204,0.7674117812953678,0.0,0.0,0.0,0.0,0.0,0.0
182.1465253829956,0.02017161899889307,-4.041962542948229,0.01845064703365896,0.009266884613884602,-0.009015635661918842,-0.6415471115943585,0.7669746715296755,0.0,0.0,0.0,0.0,0.0,0.0
182.26353931427002,0.022227619976518214,-4.041679295214189,0.021292192478203294,0.009512620874575458,-0.009011292393699563,-0.6415060236322568,0.7670060810039095,0.0,0.0,0.0,0.0,0.0,0.0
182.3580515384674,0.023045643026502038,-4.039554697672553,0.022037010921732554,0.009551493339111622,-0.008515989770171314,-0.6417394532347396,0.766815962963186,0.0,0.0,0.0,0.0,0.0,0.0
182.4452018737793,0.0215402173721964,-4.037542644335656,0.01951865189428308,0.009539739812619526,-0.008728577278041176,-0.641238459033883,0.7672327182536034,0.0,0.0,0.0,0.0,0.0,0.0
182.5669765472412,0.023469249265666417,-4.037319324943544,0.018487975437270352,0.009301034604492994,-0.009136989655617064,-0.6412542735561207,0.7672176762961636,0.0,0.0,0.0,0.0,0.0,0.0
182.65003561973572,0.022014755908138128,-4.0335338835528445,0.018743316784272566,0.009472639921097554,-0.008416285333917518,-0.641233155535442,0.7672414714261194,0.0,0.0,0.0,0.0,0.0,0.0
182.74412035942078,0.020558090586016813,-4.034889452965473,0.017902351805143497,0.009170324222480885,-0.008716450903225047,-0.6413045537480482,0.7671821152629126,0.0,0.0,0.0,0.0,0.0,0.0
182.86700534820557,0.023310375311862707,-4.0353373567969175,0.020384937927046872,0.009765963384034487,-0.009124092631139294,-0.6413763934263202,0.7671099652906614,0.0,0.0,0.0,0.0,0.0,0.0
182.94688415527344,0.023860504428982784,-4.037436466728265,0.02062729133455663,0.009152767100956825,-0.008620247224850275,-0.6411102608409104,0.7673457836182023,0.0,0.0,0.0,0.0,0.0,0.0
183.0485429763794,0.024364993895558316,-4.043239529687526,0.01908525734858109,0.009772773304060154,-0.008765203032029819,-0.6415574823413631,0.7669626203209134,0.0,0.0,0.0,0.0,0.0,0.0
183.14703631401062,0.020413538386031636,-4.044167944986207,0.018307108364332362,0.009607268323832779,-0.008810953280386762,-0.6414110104035001,0.76708668560389,0.0,0.0,0.0,0.0,0.0,0.0
183.26154851913452,0.018841284590252725,-4.044060200839795,0.019176512159091785,0.009316007016005675,-0.00898152983335481,-0.6413994097717116,0.7670979997885444,0.0,0.0,0.0,0.0,0.0,0.0
183.34913110733032,0.020851249756366562,-4.042721007369461,0.02011980785670288,0.009478162735217332,-0.008863967159622883,-0.6411054531373398,0.7673430735172365,0.0,0.0,0.0,0.0,0.0,0.0
183.4532458782196,0.024070467162713598,-4.042335274685308,0.01818885682766633,0.009162531171433546,-0.008566820869124978,-0.641721560879127,0.7668351165051986,0.0,0.0,0.0,0.0,0.0,0.0
183.56110835075378,0.023192819572571223,-4.040085899971452,0.017318599515508837,0.0091759379841134,-0.008964952082981903,-0.641544584936405,0.7669784725368712,0.0,0.0,0.0,0.0,0.0,0.0
183.64879083633423,0.01938688559330404,-4.0382797962924135,0.018231669532971086,0.009276611753596585,-0.008607844959193558,-0.6413724913210168,0.7671252680339491,0.0,0.0,0.0,0.0,0.0,0.0
183.7537543773651,0.021870344248299638,-4.037595202835619,0.019992612828864356,0.009757957210629113,-0.008744495186857847,-0.6415391378771863,0.7669783899476919,0.0,0.0,0.0,0.0,0.0,0.0
183.86870670318604,0.01695396277976305,-4.037245316145758,0.019041816388720212,0.00957723894570012,-0.008911975686298803,-0.6415037741372404,0.7670083186975057,0.0,0.0,0.0,0.0,0.0,0.0
183.94735097885132,0.017000026325903694,-4.0402637844117075,0.018355800796458103,0.009073060789898823,-0.00852515636946235,-0.6417280817736555,0.7668311876416074,0.0,0.0,0.0,0.0,0.0,0.0
184.0537929534912,0.020371916012915547,-4.041511977178329,0.02128134037798059,0.009637909055778533,-0.008937239507664518,-0.6411017076440682,0.7673433631138209,0.0,0.0,0.0,0.0,0.0,0.0
184.16461825370789,0.022316465042631604,-4.0432128748485985,0.019558465721233615,0.009398244657834627,-0.008873058697244685,-0.6416394030022773,0.7668975279276508,0.0,0.0,0.0,0.0,0.0,0.0
184.25567650794983,0.01890521140910487,-4.043226399656448,0.01702982966870782,0.008777592991337265,-0.008474072494979728,-0.6413811252995557,0.7671254109114477,0.0,0.0,0.0,0.0,0.0,0.0
184.35136771202087,0.018092007367121698,-4.040804652609506,0.015927788922858163,0.009325615715094632,-0.008808172813567609,-0.6410680108571587,0.7673768659783925,0.0,0.0,0.0,0.0,0.0,0.0
184.44706344604492,0.020616702975943254,-4.040255346513883,0.017246772986265608,0.009519929976972171,-0.008958758390824847,-0.6413604117289948,0.7671283685590666,0.0,0.0,0.0,0.0,0.0,0.0
184.55086636543274,0.01765290792038846,-4.04039288437274,0.01842107655991202,0.009517617778318235,-0.008895089454975271,-0.6413563419989252,0.7671325406428301,0.0,0.0,0.0,0.0,0.0,0.0
184.65925121307373,0.018268669242377307,-4.041918888356245,0.02054835905979532,0.009763694001611381,-0.008928246196082845,-0.6414540360760115,0.7670473755258218,0.0,0.0,0.0,0.0,0.0,0.0
184.74947214126587,0.018705762539745204,-4.041625119784149,0.021578327560195613,0.009620690565114522,-0.008700130629632642,-0.6415582299066249,0.7669646586897646,0.0,0.0,0.0,0.0,0.0,0.0
184.86149621009827,0.02366589407310963,-4.037239201962464,0.019722558878153957,0.009644476859701864,-0.008863559415433738,-0.6414567887222337,0.7670473320354505,0.0,0.0,0.0,0.0,0.0,0.0
184.95258045196533,0.023680342609221087,-4.033687936615745,0.018721098695338834,0.009804242545091206,-0.008736482088356742,-0.6413284925811419,0.7671540362354797,0.0,0.0,0.0,0.0,0.0,0.0
185.05025053024292,0.024870190634219833,-4.037226112271908,0.0186048953403237,0.009509120983559226,-0.008769257272782306,-0.6410960059029621,0.7673516716344754,0.0,0.0,0.0,0.0,0.0,0.0
185.15833973884583,0.019828024337914415,-4.040530477777247,0.018949181210527855,0.009358583975773473,-0.008766436016277041,-0.6415412622928627,0.766981339591239,0.0,0.0,0.0,0.0,0.0,0.0
185.25923562049866,0.024767590422437997,-4.043886819789243,0.018721791118256753,0.009453625770062809,-0.008786867260318144,-0.6412405404661959,0.767231379171968,0.0,0.0,0.0,0.0,0.0,0.0
185.35424947738647,0.023482831413698457,-4.045383675708852,0.017690669072806454,0.00927952141561032,-0.008721996760802804,-0.6416544247640977,0.7668881381501518,0.0,0.0,0.0,0.0,0.0,0.0
185.46524500846863,0.015410164400040852,-4.045599865562004,0.017583292850708396,0.00938745488435104,-0.008846783402096159,-0.6415541393161357,0.7669692930232033,0.0,0.0,0.0,0.0,0.0,0.0
185.56142663955688,0.01928010934111157,-4.041856069350074,0.018283650250315312,0.009366225396434199,-0.008847982807225945,-0.6414514274815388,0.7670554433702373,0.0,0.0,0.0,0.0,0.0,0.0
185.66806316375732,0.020686142398221852,-4.03699745938318,0.01766302457817779,0.008981975216786738,-0.008843359240455687,-0.6409635876831036,0.7674677832866356,0.0,0.0,0.0,0.0,0.0,0.0
185.77338695526123,0.019582146304953627,-4.03658956460176,0.020083482903173903,0.009630393535553996,-0.008902410145933917,-0.641129171877378,0.767320915642028,0.0,0.0,0.0,0.0,0.0,0.0
185.85366821289062,0.02049648647781872,-4.039337663319286,0.021310175963655136,0.009740805153416876,-0.00914540958100388,-0.6415890621061645,0.7669321701325609,0.0,0.0,0.0,0.0,0.0,0.0
185.9636151790619,0.02257887568183385,-4.042904865585018,0.0187013070314552,0.00927248436329618,-0.008519897661649272,-0.6412007640188568,0.7672698434052716,0.0,0.0,0.0,0.0,0.0,0.0
186.06834959983826,0.023402094588684454,-4.044801072230566,0.018645152131804274,0.009357347224444692,-0.00860757967386425,-0.6414357241848707,0.7670714186856772,0.0,0.0,0.0,0.0,0.0,0.0
186.15276789665222,0.023459748738805467,-4.046684446982875,0.01891870571107728,0.009566214599609157,-0.008925332506398343,-0.6413993306882065,0.7670956423879314,0.0,0.0,0.0,0.0,0.0,0.0
186.2584261894226,0.019927584252226183,-4.043010202089163,0.01795748136478046,0.009355536694162937,-0.008739818814363353,-0.6415067364556865,0.7670105583250975,0.0,0.0,0.0,0.0,0.0,0.0
186.3557324409485,0.021365872277933653,-4.042448272472997,0.020153597772934996,0.009506000270590986,-0.008785253827732353,-0.6416097816353684,0.7669219930239315,0.0,0.0,0.0,0.0,0.0,0.0
186.4613869190216,0.01920023548209224,-4.038127487250556,0.021023136318024434,0.00956140335109332,-0.008914193154195239,-0.6413354182748648,0.7671492670872592,0.0,0.0,0.0,0.0,0.0,0.0
186.55337166786194,0.01776932849565026,-4.0376512821067685,0.020204324786464403,0.009371867992720755,-0.008726448763102006,-0.6417347997796601,0.7668197075806146,0.0,0.0,0.0,0.0,0.0,0.0
186.65927720069885,0.02232200414669466,-4.0352420555923745,0.01839006979860671,0.009247180379281862,-0.008929267188941378,-0.6417746146529393,0.7667855644373599,0.0,0.0,0.0,0.0,0.0,0.0
186.7571210861206,0.024452686867268494,-4.034915274125068,0.01828510093223543,0.00948559342611996,-0.008679898594123728,-0.6415448709637184,0.7669777450603399,0.0,0.0,0.0,0.0,0.0,0.0
186.85631442070007,0.02460059753151756,-4.038785348058389,0.0195186110425873,0.00976481101756784,-0.008895305814679616,-0.6413497716862514,0.7671349244808214,0.0,0.0,0.0,0.0,0.0,0.0
186.96352076530457,0.023645278502900807,-4.040468418882047,0.018207773549596525,0.00971791102482663,-0.008802228036257341,-0.6411592998013472,0.7672957938533911,0.0,0.0,0.0,0.0,0.0,0.0
187.05788326263428,0.01959241011972209,-4.042005065307058,0.018706549997793292,0.009657142698027416,-0.009065883466530872,-0.641349766630878,0.7671342947583216,0.0,0.0,0.0,0.0,0.0,0.0
187.16421461105347,0.01484089726977218,-4.041460361264571,0.019323329659476043,0.009520000341959576,-0.008903894845411597,-0.6415185628315894,0.7669967560508394,0.0,0.0,0.0,0.0,0.0,0.0
187.25921869277954,0.014929402103450612,-4.042166829851127,0.018044913649593566,0.00927890985101674,-0.008788352035303407,-0.6411733476086019,0.7672896487095381,0.0,0.0,0.0,0.0,0.0,0.0
187.36681032180786,0.016804013070784253,-4.0415302711307435,0.015529638375876008,0.00912708790205786,-0.008870429860922605,-0.6411878666691039,0.7672783923562432,0.0,0.0,0.0,0.0,0.0,0.0
187.46092581748962,0.02019416936124635,-4.0407876278156225,0.016068054184606422,0.009109384873393658,-0.008569332976805856,-0.6415651109783926,0.7669666185791859,0.0,0.0,0.0,0.0,0.0,0.0
187.55895853042603,0.02450161554014565,-4.041475628213728,0.018128903658089973,0.009650348325289096,-0.008830727173602799,-0.6416556695840981,0.766881275508351,0.0,0.0,0.0,0.0,0.0,0.0
187.68137311935425,0.023292770484296257,-4.038892519730814,0.01893519311461828,0.009460347516591602,-0.008671884220733016,-0.6416636338183351,0.7668787917812847,0.0,0.0,0.0,0.0,0.0,0.0
187.75813746452332,0.020629004887734798,-4.040875010097579,0.0197387859482022,0.009491241626607807,-0.008897574230508779,-0.6411235675689049,0.7673273881550581,0.0,0.0,0.0,0.0,0.0,0.0
187.8578999042511,0.019227650189418327,-4.036447958580266,0.01930183169601386,0.009375191289997737,-0.008862141778084448,-0.6410684689034148,0.7673752578817989,0.0,0.0,0.0,0.0,0.0,0.0
187.96461462974548,0.020946037192053436,-4.036946275399668,0.018593437294166036,0.009370275947382309,-0.008757624340399055,-0.6415114375950486,0.7670062433769762,0.0,0.0,0.0,0.0,0.0,0.0
188.0831015110016,0.02017896991235956,-4.0356185108159615,0.017480026568831644,0.009328294979591258,-0.008934022576069008,-0.6415152681437825,0.7670015168770787,0.0,0.0,0.0,0.0,0.0,0.0
188.16420102119446,0.02051208044970477,-4.036894040810973,0.01705651423553388,0.009310474088998589,-0.00869747483785208,-0.6411642101777304,0.767297937303884,0.0,0.0,0.0,0.0,0.0,0.0
188.2606167793274,0.01967468358564697,-4.042870779562468,0.017847497030994943,0.009805331930605678,-0.008943861623623853,-0.6412769599870571,0.7671947102233506,0.0,0.0,0.0,0.0,0.0,0.0
188.36122679710388,0.020017782087745416,-4.04174400818003,0.01717994278256081,0.008898340841615348,-0.00834309228391079,-0.6412644909072215,0.7672229565405712,0.0,0.0,0.0,0.0,0.0,0.0
188.46778321266174,0.019548426789950626,-4.036499675634727,0.01767152634983788,0.00943848223304139,-0.008899331085780015,-0.6410179838548351,0.767416224309852,0.0,0.0,0.0,0.0,0.0,0.0
188.56510877609253,0.020065364947371846,-4.034644821180795,0.019042658738282685,0.009754002230259604,-0.008868897527168688,-0.6414260461079825,0.7670715934457288,0.0,0.0,0.0,0.0,0.0,0.0
188.66917395591736,0.023469177243373152,-4.035387504395033,0.01896736761154929,0.00948420516414816,-0.00871415861968422,-0.6413079639799458,0.7671754744696916,0.0,0.0,0.0,0.0,0.0,0.0
188.76214337348938,0.02144583953964684,-4.036670375475267,0.019696562029562645,0.009235686006476326,-0.008868660218731584,-0.6415603764429479,0.7669656656906103,0.0,0.0,0.0,0.0,0.0,0.0
188.84237813949585,0.02291825032689474,-4.037987813183854,0.02201044028467856,0.00983726296381745,-0.009114227235897537,-0.6412479745757537,0.7672165236891804,0.0,0.0,0.0,0.0,0.0,0.0
188.97866106033325,0.023930045597195453,-4.037401383047549,0.021653479051064864,0.00985521162400153,-0.00896725983178013,-0.6413378200513151,0.7671429225553256,0.0,0.0,0.0,0.0,0.0,0.0
189.07957100868225,0.022922109515148906,-4.039588027480863,0.018260532059170217,0.00952072350876029,-0.008737977144789345,-0.6413967234914679,0.7671005453482875,0.0,0.0,0.0,0.0,0.0,0.0
189.14838814735413,0.023920806340016223,-4.0380707745495386,0.018812643762436482,0.009346085308448989,-0.00891543825867541,-0.6417420401288226,0.7668117888904049,0.0,0.0,0.0,0.0,0.0,0.0
189.25596809387207,0.02399008688519801,-4.041473496421051,0.018689426574653507,0.009363594799089919,-0.008669680156988218,-0.6414246502727274,0.7670799031136629,0.0,0.0,0.0,0.0,0.0,0.0
189.37608337402344,0.02193183834754711,-4.04355400131452,0.01709635826735521,0.009397576562732572,-0.008564484587418583,-0.6412824474951032,0.7671995553264696,0.0,0.0,0.0,0.0,0.0,0.0
189.46793174743652,0.022249305998592216,-4.043141400668929,0.018298441023632168,0.009881949142160135,-0.009613280569385017,-0.6417520529885807,0.7667882591711555,0.0,0.0,0.0,0.0,0.0,0.0
189.54539704322815,0.018794821601722207,-4.038155749683494,0.02143725747600982,0.009492681415702026,-0.00747089745793503,-0.6407439697479156,0.7676595859639469,0.0,0.0,0.0,0.0,0.0,0.0
189.66548800468445,0.019997953357235317,-4.03614524443186,0.022427820121280168,0.00866371238417289,-0.008944776282561536,-0.6413795228825915,0.7671227011970264,0.0,0.0,0.0,0.0,0.0,0.0
189.74236917495728,0.02133437869971919,-4.037642025518805,0.020479615405904077,0.009543855122739184,-0.007095282612792089,-0.6410476722724302,0.7674089220670314,0.0,0.0,0.0,0.0,0.0,0.0
189.84792685508728,0.022183693317025646,-4.037672010967132,0.019492399492729903,0.01035180173888843,-0.009779365250602043,-0.6416598829100723,0.766857091562587,0.0,0.0,0.0,0.0,0.0,0.0
189.94241452217102,0.020439503831888764,-4.042465120668982,0.018658758579698995,0.011689855269390686,-0.00993943632030968,-0.6416078557800904,0.7668793348960667,0.0,0.0,0.0,0.0,0.0,0.0
190.06033730506897,0.01567715757235382,-4.039984844155678,0.013485196762783641,0.008829360005884712,-0.007381847955484128,-0.6417214697060442,0.7668514237066446,0.0,0.0,0.0,0.0,0.0,0.0
190.1540069580078,0.012708841501020883,-4.035462801478533,0.01289790985727201,0.008979999527193661,-0.01082246702222467,-0.6415067458901169,0.7669884802221364,0.0,0.0,0.0,0.0,0.0,0.0
190.28753018379211,0.01079549574206812,-4.03758859986784,0.015697288183055113,0.008983155185723067,-0.008578855137106019,-0.6415412728002617,0.7669879408838259,0.0,0.0,0.0,0.0,0.0,0.0
190.35646200180054,0.011747955338446454,-4.039464094282778,0.014350302887555087,0.011114234979193826,-0.008414133958588095,-0.6418600633560557,0.7666950731542884,0.0,0.0,0.0,0.0,0.0,0.0
190.4448435306549,0.00832096786546655,-4.046514082065217,0.01855808290227051,0.0066382222807505695,-0.006224129620272206,-0.6412849899812768,0.7672488226384453,0.0,0.0,0.0,0.0,0.0,0.0
190.54716420173645,0.016739270229864232,-4.046179818495077,0.01686355434590952,0.008891936601670999,-0.00830700263666285,-0.6420512496099964,0.7665651440320342,0.0,0.0,0.0,0.0,0.0,0.0
190.64728474617004,0.021531212388912587,-4.03821950802863,0.019011020671934876,0.009077138022661534,-0.008616001205592645,-0.6420536652557342,0.7665575392755369,0.0,0.0,0.0,0.0,0.0,0.0
190.76409602165222,0.020840918285069825,-4.037466761905712,0.013613195870516586,0.00772768707802352,-0.009101380192892231,-0.6413960199840608,0.7671170662158157,0.0,0.0,0.0,0.0,0.0,0.0
190.86383152008057,0.022943173071265886,-4.040441831117781,0.002700337693249774,0.006070475612174462,-0.0059015984379362785,-0.6421685003929131,0.7665167562191856,0.0,0.0,0.0,0.0,0.0,0.0
190.95483803749084,0.02755653151090732,-4.037597458961014,0.019460279051038726,0.008746778231726385,-0.009356960235098268,-0.6418129675710516,0.7667542343041286,0.0,0.0,0.0,0.0,0.0,0.0
191.04772686958313,0.03217610997956021,-4.033680424873604,0.024444646786008946,0.008403941692151022,-0.009020396530697047,-0.6415600362881938,0.7669737453448466,0.0,0.0,0.0,0.0,0.0,0.0
191.14745688438416,0.0411386345650039,-4.02820188514596,0.020418636576366587,0.006122216549717889,-0.008411691258898128,-0.6418292545824664,0.7667770014005018,0.0,0.0,0.0,0.0,0.0,0.0
191.24405479431152,0.05095530476067237,-4.027850476203392,0.015613994380966422,0.01131766749957574,-0.0104118883635274,-0.6415759136457442,0.7669053722674324,0.0,0.0,0.0,0.0,0.0,0.0
191.3472101688385,0.03816079387563835,-4.0350768728033755,0.021581711142769442,0.00909226158106598,-0.009216046336598806,-0.6411575318058819,0.7673000812444886,0.0,0.0,0.0,0.0,0.0,0.0
191.44644689559937,0.030525631346129182,-4.039251586469806,0.022018301888963906,0.009285010780716682,-0.00932272599765821,-0.6415650690153492,0.766955759854538,0.0,0.0,0.0,0.0,0.0,0.0
191.57263827323914,0.0018751132874831218,-4.054764593487786,0.03571392101937127,0.009405998029337918,-0.009260234575881184,-0.6413707565144358,0.7671175450638055,0.0,0.0,0.0,0.0,0.0,0.0
191.64702224731445,0.00572530364341692,-4.052463516825058,0.04408948962461919,0.0075844345923954636,-0.00909031504950491,-0.6422863199850841,0.7663733591952293,0.0,0.0,0.0,0.0,0.0,0.0
191.7493438720703,0.03196711881887665,-4.03903312645822,0.04656203306714422,0.009706257531810045,-0.009698626739488684,-0.6418528506820622,0.7667050562474148,0.0,0.0,0.0,0.0,0.0,0.0
191.8498933315277,0.06034113257408134,-4.0275888324796165,0.038798448506934875,0.008009617045509463,-0.01130762806502632,-0.6413661016671521,0.7671098403843838,0.0,0.0,0.0,0.0,0.0,0.0
191.94775342941284,0.05017252981899126,-4.024197387131322,0.02545301258437641,0.009154435452219962,-0.008947757610878607,-0.6414474611026573,0.7670601596942647,0.0,0.0,0.0,0.0,0.0,0.0
192.05055284500122,0.006391965320000369,-4.043697906829423,0.014180354938916073,0.007189175474838173,-0.0075003314355838535,-0.6411947121036519,0.7673078925402835,0.0,0.0,0.0,0.0,0.0,0.0
192.1666522026062,-0.049249140761561755,-4.0616837793886695,0.006095983916864249,0.0037854847610449536,-0.006705559804342603,-0.6406571597036058,0.7677884534774473,0.0,0.0,0.0,0.0,0.0,0.0
192.25026106834412,-0.05992648108294798,-4.066794794317885,0.013578363153935865,0.005421954752997313,-0.007620316797575929,-0.6416024267892663,0.7669803511933232,0.0,0.0,0.0,0.0,0.0,0.0
192.3583595752716,-0.05567102824532379,-4.075280064846185,0.015382910884292486,0.008431034594899914,-0.005948050711394073,-0.6403182574175564,0.7680404075086719,0.0,0.0,0.0,0.0,0.0,0.0
192.4474482536316,-0.03045980849489798,-4.075751391887077,0.02111315089482903,0.0047834546332842535,-0.008632457774174698,-0.6426039894787496,0.7661349175833797,0.0,0.0,0.0,0.0,0.0,0.0
192.58180332183838,0.003209494354263655,-4.06740189350762,0.02107078510449615,0.006473808390913108,-0.008087583765893268,-0.6410331935431869,0.7674432393144913,0.0,0.0,0.0,0.0,0.0,0.0
192.65122175216675,0.023497372723132588,-4.05204353328294,0.009338551413721545,0.009469451980638638,-0.010207787643407457,-0.6422272070349853,0.7663878555239534,0.0,0.0,0.0,0.0,0.0,0.0
192.7555227279663,0.032227793221985025,-4.0321234687074385,-0.0004618419820801406,0.0062482854455785134,-0.007353565573275247,-0.6410340620177658,0.7674517674325215,0.0,0.0,0.0,0.0,0.0,0.0
192.85263085365295,0.03413179172541771,-4.023170617732322,-0.001624861781714009,0.0066537583541201656,-0.008825739049879964,-0.6413513029462412,0.7671677391803533,0.0,0.0,0.0,0.0,0.0,0.0
192.95135498046875,0.031111840419950167,-4.021332821486965,0.007455136990734862,0.010872695482002067,-0.011724772228778527,-0.6410829232049173,0.7673050239533983,0.0,0.0,0.0,0.0,0.0,0.0
193.05065822601318,0.016451311600241048,-4.029023820552669,0.008108871363552945,0.007200605971522538,-0.008397239690875996,-0.6412979763288985,0.7672121891599644,0.0,0.0,0.0,0.0,0.0,0.0
193.15193438529968,-0.0011156475303599853,-4.0338618816296465,0.008905600631223424,0.006364640966698934,-0.007523256282948158,-0.6411444093922559,0.7673569822874293,0.0,0.0,0.0,0.0,0.0,0.0
193.25185179710388,-0.004836304792571576,-4.048035311443919,0.012382588035910214,0.003526745225689046,-0.009915793901032434,-0.6400875255670984,0.7682299126646676,0.0,0.0,0.0,0.0,0.0,0.0
193.38196182250977,0.03810508058357877,-4.062202795191017,0.026074789740974363,0.0066064286628530824,-0.0064495758020426544,-0.6411725010995472,0.7673412421511018,0.0,0.0,0.0,0.0,0.0,0.0
193.4600944519043,0.06638941564457496,-4.050132246861708,0.03841103476548613,0.013180382781885802,-0.00781928978768712,-0.6400458786406473,0.768183838317371,0.0,0.0,0.0,0.0,0.0,0.0
193.57195162773132,0.08790091636321055,-4.035576211137229,0.04286850158326474,0.006229736844365595,-0.010181026810955385,-0.6409390885812111,0.7674989392830187,0.0,0.0,0.0,0.0,0.0,0.0
193.65259218215942,0.0763843126363328,-4.036803853558904,0.033308995723289755,0.009581591774727682,-0.008629090148698506,-0.6398927187515552,0.7683560635479877,0.0,0.0,0.0,0.0,0.0,0.0
193.75042724609375,0.03963777868885946,-4.044824103195723,0.02711808037035713,0.00744041235184583,-0.007870076222083968,-0.6400760662610475,0.7682352058868591,0.0,0.0,0.0,0.0,0.0,0.0
193.8539958000183,-0.009411063849082512,-4.065793700052095,0.017209492987274262,0.005241960937833604,-0.011171785176414992,-0.6409621995705532,0.7674732384800953,0.0,0.0,0.0,0.0,0.0,0.0
193.95261430740356,-0.002334178292548063,-4.046652120435466,0.009156855697373432,0.00768122122596421,-0.007982414913322654,-0.63947085802433,0.7687355212491518,0.0,0.0,0.0,0.0,0.0,0.0
194.06795263290405,0.004540323851554513,-4.08961243431879,0.011899287481153566,0.0004909899905976712,-0.0067491427868238635,-0.6410725528914657,0.7674504478659447,0.0,0.0,0.0,0.0,0.0,0.0
194.19358658790588,0.03986061458349553,-4.050760734670136,0.02068006111785292,-0.0005441279275539032,-0.003865032289042137,-0.6401826602135764,0.7682128136213427,0.0,0.0,0.0,0.0,0.0,0.0
194.26867413520813,0.07461806339732076,-3.9888898657644174,0.024624687565409715,0.0006446635154427303,0.004357126620644023,-0.638669190895574,0.7694688196784222,0.0,0.0,0.0,0.0,0.0,0.0
194.35636591911316,0.05834468862611592,-4.0311547204356915,0.03054524647104106,-0.017833019604131577,0.011372198134221776,-0.6387330931863899,0.7691376288999834,0.0,0.0,0.0,0.0,0.0,0.0
194.45916867256165,0.049956747766554004,-4.0407529296813065,0.045009136128800364,-0.023263333049001137,0.01741502059712462,-0.6364025961199602,0.7708094901107375,0.0,0.0,0.0,0.0,0.0,0.0
194.55510306358337,0.014884643391536546,-4.027254372705058,0.05134512258774057,-0.027540453191038,0.01593521468391547,-0.6325896840321547,0.7738332404511035,0.0,0.0,0.0,0.0,0.0,0.0
194.65364456176758,-0.0035868554801538857,-3.9991781999232745,0.04486928607340155,-0.011678936829879798,0.0025850431475598927,-0.6284916824466796,0.7777243246046358,0.0,0.0,0.0,0.0,0.0,0.0
194.76401710510254,-0.011115747833491339,-3.9830717775470266,0.027588118241486225,-0.0014195975025628747,-0.0042447981935877805,-0.6262371978941953,0.7796197396197713,0.0,0.0,0.0,0.0,0.0,0.0
194.8932077884674,-0.007351660568750716,-3.9992595141017175,0.02026308040070505,0.005323696158780798,-0.0095358509780236,-0.6260369486829845,0.7797169131736077,0.0,0.0,0.0,0.0,0.0,0.0
194.97169470787048,0.00905845621608697,-4.028054673282073,0.016370080879061954,0.008017276195757718,-0.008694401346284178,-0.6258227632397715,0.779875630904387,0.0,0.0,0.0,0.0,0.0,0.0
195.05767345428467,0.024989874905360584,-4.046487122891576,0.0198929996365965,0.00859225184968925,-0.008641267267813396,-0.625639162301157,0.7800173974362452,0.0,0.0,0.0,0.0,0.0,0.0
195.15975284576416,0.03101511379336338,-4.06060737726433,0.024189414787414106,0.008619535203384932,-0.00881098179867554,-0.6260264985774497,0.7797043627500289,0.0,0.0,0.0,0.0,0.0,0.0
195.26164174079895,0.031003752291592804,-4.05972538161169,0.025639526752292637,0.0087385192056043,-0.009162237785419178,-0.6260480815801872,0.7796816601861125,0.0,0.0,0.0,0.0,0.0,0.0
195.3566586971283,0.0300965548284652,-4.052744107785299,0.026179955112279135,0.008080428800526255,-0.008835665079757865,-0.6265220965227658,0.779311683642472,0.0,0.0,0.0,0.0,0.0,0.0
195.46183228492737,0.030498248823736182,-4.052865789491116,0.02543491623752907,0.008681601604030897,-0.008951901007234298,-0.6258985911147273,0.7798047492177086,0.0,0.0,0.0,0.0,0.0,0.0
195.58161520957947,0.028286727916625332,-4.051084012766181,0.02721723286443176,0.008809435796484294,-0.008858854454739653,-0.6259536804689164,0.779760158283343,0.0,0.0,0.0,0.0,0.0,0.0
195.66179633140564,0.028527377672304628,-4.045960931992917,0.028310468492190637,0.008787963058944873,-0.009156929689106015,-0.625811504490249,0.779871068312925,0.0,0.0,0.0,0.0,0.0,0.0
195.75868892669678,0.0313470608758446,-4.043072744496166,0.027958320093448112,0.008263177045157676,-0.00866642329969368,-0.6262594565306921,0.7795227425278505,0.0,0.0,0.0,0.0,0.0,0.0
195.8790979385376,0.03249064659294704,-4.037852006627651,0.02768041581711864,0.008707595633406987,-0.008985914106173097,-0.6258568376116476,0.7798375792052202,0.0,0.0,0.0,0.0,0.0,0.0
195.95944666862488,0.0324673292455145,-4.0431780650411975,0.025043927184935175,0.008710644852469605,-0.008877438891036187,-0.6259753097410854,0.7797436933630758,0.0,0.0,0.0,0.0,0.0,0.0
196.05864262580872,0.031963697059191214,-4.047993666231625,0.02640307448031679,0.008814342056163313,-0.009146732530798812,-0.6258705789837887,0.7798234819627922,0.0,0.0,0.0,0.0,0.0,0.0
196.16022276878357,0.02891704664137647,-4.047343621106456,0.026690587925099426,0.00893763970068301,-0.008939524549712951,-0.6262088281823293,0.7795528891639547,0.0,0.0,0.0,0.0,0.0,0.0
196.26916599273682,0.026433610417237956,-4.0467650702811815,0.025670616210948956,0.008708326781072154,-0.009109007287851046,-0.6260254579960284,0.7797007868225581,0.0,0.0,0.0,0.0,0.0,0.0
196.36936807632446,0.02440698650961822,-4.048138936296311,0.027306253776877364,0.008526732699688904,-0.008740758935962439,-0.6260831654773497,0.7796606722597356,0.0,0.0,0.0,0.0,0.0,0.0
196.46891689300537,0.02601591196908204,-4.047556768222282,0.027872628537223002,0.008772950488596588,-0.009020846625128167,-0.6263317447821966,0.7794550693554627,0.0,0.0,0.0,0.0,0.0,0.0
196.53494501113892,0.029695655022768535,-4.045397003405684,0.02912965776922075,0.008847389613736687,-0.009054108434925835,-0.626104821504917,0.7796361326322153,0.0,0.0,0.0,0.0,0.0,0.0
196.66306471824646,0.03027987301222986,-4.043716538714216,0.02723002516187109,0.00928822485105951,-0.009222180638735346,-0.6259574210690421,0.7797473868323804,0.0,0.0,0.0,0.0,0.0,0.0
196.73831868171692,0.036331310472388516,-4.042092214218793,0.025370363176680722,0.008613641480497617,-0.00907052518153181,-0.6259911213251498,0.779729854998132,0.0,0.0,0.0,0.0,0.0,0.0
196.85899710655212,0.03474624165467269,-4.044196718371184,0.02714909853630565,0.008753145645964829,-0.008971783801095546,-0.6260103894229841,0.7797139743977662,0.0,0.0,0.0,0.0,0.0,0.0
196.95675539970398,0.0307502414643935,-4.041548993387635,0.026968451290159554,0.00908764045674841,-0.009063356973449227,-0.6259804948557003,0.7797330892115985,0.0,0.0,0.0,0.0,0.0,0.0
197.06069564819336,0.029076933492304686,-4.042125866909643,0.02612355695891423,0.008711476928157906,-0.009083899982982185,-0.625844567485892,0.7798462478458016,0.0,0.0,0.0,0.0,0.0,0.0
197.18563723564148,0.030018935995082124,-4.044619154817184,0.022566765574823625,0.008034620052905365,-0.008722043944595418,-0.62641021582527,0.7794033694690585,0.0,0.0,0.0,0.0,0.0,0.0
197.25757598876953,0.031132237618365866,-4.047023177415715,0.02534589178922544,0.008347480538001653,-0.008733833781099489,-0.6258745563313194,0.7798301606460055,0.0,0.0,0.0,0.0,0.0,0.0
197.3398835659027,0.03387375253959466,-4.046531025321437,0.02619190378450212,0.009123129695705948,-0.009127209065799719,-0.6259618433314685,0.7797469033296919,0.0,0.0,0.0,0.0,0.0,0.0
197.46064829826355,0.03484834549318538,-4.049846593889121,0.02732820473041088,0.009042975479055639,-0.009227725183188576,-0.6263767343058825,0.7794134078925489,0.0,0.0,0.0,0.0,0.0,0.0
197.54042959213257,0.03389334888777735,-4.049189225952598,0.02846062038344502,0.00907560639143763,-0.009092826917760748,-0.6256903930720689,0.7799656953254683,0.0,0.0,0.0,0.0,0.0,0.0
197.6802203655243,0.030207168891402056,-4.047350770669514,0.02957785902770892,0.009215535796463673,-0.009157423613468224,-0.6256733971313074,0.7799769327453646,0.0,0.0,0.0,0.0,0.0,0.0
197.76143741607666,0.029124518538794664,-4.0470082403558365,0.028634711192380407,0.009026042187421411,-0.008917936193492168,-0.6256324647790095,0.7800147562648867,0.0,0.0,0.0,0.0,0.0,0.0
197.84658932685852,0.027682749263800262,-4.045709193358236,0.023425612875166466,0.008563993503612182,-0.009054745745808317,-0.6259832041887259,0.779736941325928,0.0,0.0,0.0,0.0,0.0,0.0
197.9490613937378,0.03148827000216452,-4.042428321502819,0.02299017132090469,0.00869687280926565,-0.008727082585158677,-0.625816300259625,0.7798731696642699,0.0,0.0,0.0,0.0,0.0,0.0
198.06334972381592,0.030831536744248753,-4.047701742357792,0.025363234361504516,0.009034355094657174,-0.008898294817394244,-0.625658359469334,0.779994114082572,0.0,0.0,0.0,0.0,0.0,0.0
198.14612436294556,0.029949179058173528,-4.049604279998802,0.023790034944568036,0.008598263235825859,-0.008794742603375177,-0.6261937479343685,0.7795704666158949,0.0,0.0,0.0,0.0,0.0,0.0
198.26630806922913,0.02802904500389166,-4.049600889769173,0.025979890916244835,0.008653255842281311,-0.008982754170672218,-0.6256861633454447,0.7799751638923136,0.0,0.0,0.0,0.0,0.0,0.0
198.34272122383118,0.03065788091439113,-4.047889349191979,0.027772748213616992,0.008839258511042588,-0.008946514931779174,-0.6261878335207585,0.7795707950725681,0.0,0.0,0.0,0.0,0.0,0.0
198.44115686416626,0.03369042694955346,-4.043697019856699,0.027940752940858037,0.009022607388377752,-0.008897931184514658,-0.6259865612440622,0.7797308795464828,0.0,0.0,0.0,0.0,0.0,0.0
198.56655859947205,0.03388783665554581,-4.041292196972384,0.02705956660483614,0.008685345269038192,-0.00905620294778414,-0.6259341416159562,0.7797749677472141,0.0,0.0,0.0,0.0,0.0,0.0
198.65162897109985,0.030487211260309028,-4.042688389419292,0.02762486944540573,0.009235821807094043,-0.009112140983777573,-0.6258907216154789,0.7798028424402167,0.0,0.0,0.0,0.0,0.0,0.0
198.74130058288574,0.028840158689208993,-4.040757690831667,0.026588418203983746,0.008886338193981175,-0.009036210862666056,-0.6257130830347951,0.7799503302171149,0.0,0.0,0.0,0.0,0.0,0.0
198.84221410751343,0.028381119066272407,-4.041336851331081,0.025496714134666584,0.008476314470015501,-0.00896752603270481,-0.6260087736514838,0.7797183792121173,0.0,0.0,0.0,0.0,0.0,0.0
198.93985390663147,0.03314261500340984,-4.042848169302959,0.026383609164492224,0.008444147402517591,-0.008885068137180105,-0.6259030694172674,0.7798045265531822,0.0,0.0,0.0,0.0,0.0,0.0
199.04188442230225,0.03278182493744607,-4.043912074327025,0.028217536377600917,0.009312203224873675,-0.008932549630344004,-0.6258951138155866,0.7798004866181617,0.0,0.0,0.0,0.0,0.0,0.0
199.1616518497467,0.02926628667036185,-4.045681624876355,0.025886984231259468,0.00862135129061587,-0.008813968326029228,-0.6260066609314946,0.7797202361960469,0.0,0.0,0.0,0.0,0.0,0.0
199.24709391593933,0.027293933200612953,-4.048246978599866,0.02727100945719518,0.008728045444431488,-0.00894124092629067,-0.6256493493952021,0.7800043378307107,0.0,0.0,0.0,0.0,0.0,0.0
199.35722494125366,0.026775854658507077,-4.047782410240749,0.02612117241636152,0.008616502229720319,-0.008730783839857011,-0.6258259952013399,0.7798662404752922,0.0,0.0,0.0,0.0,0.0,0.0
199.45437359809875,0.025431105151708388,-4.04547392506708,0.023939003417440662,0.007900298211741479,-0.008586911908300491,-0.6254364469765602,0.7801878626493284,0.0,0.0,0.0,0.0,0.0,0.0
199.54213333129883,0.026073817320929015,-4.046804354699747,0.025092145886571656,0.008277821019307853,-0.008678993068726548,-0.625616741544166,0.780038361529798,0.0,0.0,0.0,0.0,0.0,0.0
199.65264916419983,0.02785685652472118,-4.045577288156525,0.024206321792930797,0.00833481674674913,-0.008877918605814624,-0.6256964913837827,0.7799715469560392,0.0,0.0,0.0,0.0,0.0,0.0
199.74242639541626,0.03450687851668505,-4.042541343166991,0.025906746547895175,0.008585676892970153,-0.008633394887804692,-0.6262133178958945,0.7795566888525571,0.0,0.0,0.0,0.0,0.0,0.0
199.84209656715393,0.03425743689823177,-4.04534352506698,0.025822727560844635,0.008171053540479901,-0.008673606389811505,-0.6255654624170319,0.780080671896916,0.0,0.0,0.0,0.0,0.0,0.0
199.94034075737,0.02932722235918057,-4.044797365972751,0.02591447536477657,0.01114661793804744,-0.008158196775698102,-0.6229443627781311,0.7821441795582231,0.0,0.0,0.0,0.0,0.0,0.0
200.05824041366577,0.026946630800194517,-4.041627480716911,0.03557247939672291,0.02012797288439578,-0.015656536985752624,-0.6170277931540371,0.7865280923352854,0.0,0.0,0.0,0.0,0.0,0.0
200.16572165489197,0.015194223394396083,-4.04809612530491,0.04305762508567309,0.04911765010264548,-0.03674760616623938,-0.6069881648113793,0.7923398498550387,0.0,0.0,0.0,0.0,0.0,0.0
200.23831248283386,0.006751719597773969,-4.0453721969121155,0.06533999987697152,0.0985056964682048,-0.07338508421157389,-0.5986184190663032,0.7915600075376978,0.0,0.0,0.0,0.0,0.0,0.0
200.33689665794373,-0.01136885016861534,-4.042644717479247,0.08086828870947448,0.1537251748271253,-0.11698250357930662,-0.59482882823328,0.7802963088361095,0.0,0.0,0.0,0.0,0.0,0.0
200.43510222434998,-0.024009042892301564,-4.034350137380491,0.09021994074717314,0.20123537920998427,-0.15618825339779882,-0.5900004444861107,0.7661651435303602,0.0,0.0,0.0,0.0,0.0,0.0
200.532399892807,-0.03493690263970117,-4.0300604621403675,0.09327345223408437,0.2410391810936873,-0.18882144325405573,-0.5818301903470832,0.7534720999119771,0.0,0.0,0.0,0.0,0.0,0.0
200.6496820449829,-0.047541230957462634,-4.030270046131235,0.09143658540299082,0.2740487579884088,-0.21425412788331213,-0.5713811302846075,0.7433142342809022,0.0,0.0,0.0,0.0,0.0,0.0
200.74713230133057,-0.060803285877686505,-4.036384349101096,0.08905228043712805,0.29385817479328574,-0.23008480384807897,-0.5651725155851042,0.7357230346893472,0.0,0.0,0.0,0.0,0.0,0.0
200.83822226524353,-0.06451964365549491,-4.038109391194713,0.08428544612266421,0.30243276778794115,-0.23786737164177005,-0.5612047759760926,0.7328047037908065,0.0,0.0,0.0,0.0,0.0,0.0
200.93913531303406,-0.07446365394420652,-4.042399160074206,0.08328308044280663,0.3033396028331987,-0.23801354321051027,-0.560384798962802,0.7330099014970691,0.0,0.0,0.0,0.0,0.0,0.0
201.06496334075928,-0.08601150382019439,-4.045320060861392,0.08579868712459547,0.29667188277583545,-0.23281919067843146,-0.5615409160630418,0.7365139632139424,0.0,0.0,0.0,0.0,0.0,0.0
201.169495344162,-0.09244294916688546,-4.041059177158689,0.08709271917237736,0.2880052811987538,-0.22525762636765814,-0.5640570349378043,0.7403726231445593,0.0,0.0,0.0,0.0,0.0,0.0
201.24943351745605,-0.10009758516062939,-4.034708731119203,0.09260970379175124,0.27701321009367225,-0.2173483194625389,-0.5662225130862938,0.7452620043545753,0.0,0.0,0.0,0.0,0.0,0.0
201.35438132286072,-0.09768898949144941,-4.031125585019533,0.0940208738120997,0.2697748217739887,-0.21151805748250438,-0.5684158711321592,0.7479204866432376,0.0,0.0,0.0,0.0,0.0,0.0
201.44347047805786,-0.09988652638295742,-4.030291789780895,0.09550014466603347,0.26728668199098227,-0.20922668857583082,-0.5674237464727315,0.7502081806782981,0.0,0.0,0.0,0.0,0.0,0.0
201.54341459274292,-0.09258999397070584,-4.031988094512058,0.09830223305743217,0.2682893222477377,-0.2086515925651884,-0.5639757706676125,0.7526065921766039,0.0,0.0,0.0,0.0,0.0,0.0
201.64140582084656,-0.09160518307241122,-4.032366839011117,0.09793169700663364,0.2712655856461116,-0.21005140124147115,-0.5595756385979529,0.7544325652887792,0.0,0.0,0.0,0.0,0.0,0.0
201.74083876609802,-0.08220134680316392,-4.0332135955958455,0.09463781096310747,0.27564991356159524,-0.21322795118873403,-0.5571924897099034,0.7537157921897133,0.0,0.0,0.0,0.0,0.0,0.0
201.84395003318787,-0.08663768171531158,-4.034614583580362,0.09653320491137629,0.28376996998747517,-0.21931573023203063,-0.5538265664161102,0.7514328638925696,0.0,0.0,0.0,0.0,0.0,0.0
201.94394421577454,-0.08762369594263193,-4.032513191725173,0.09690941905021183,0.293893798627614,-0.22769506617215907,-0.5499940293183154,0.7478555740804771,0.0,0.0,0.0,0.0,0.0,0.0
202.046569108963,-0.09172645993242755,-4.03528862285183,0.09676148513751744,0.3042786343432056,-0.23676063678891268,-0.5465499668785301,0.7433989825487844,0.0,0.0,0.0,0.0,0.0,0.0
202.16524052619934,-0.09548705248849489,-4.0405746343714695,0.0950503748133693,0.31044584881822895,-0.24160895132159993,-0.5452319039338958,0.7402504039346232,0.0,0.0,0.0,0.0,0.0,0.0
202.25000309944153,-0.09653831696366472,-4.039420571761949,0.09200778979942653,0.3088760081131528,-0.240361264192575,-0.545235058671986,0.7413101949135285,0.0,0.0,0.0,0.0,0.0,0.0
202.3478569984436,-0.10373143119860954,-4.041541867100716,0.09295754269200147,0.3064201366961386,-0.23845302422496187,-0.5465465187986509,0.7419796209156362,0.0,0.0,0.0,0.0,0.0,0.0
202.4456238746643,-0.11076950364781496,-4.050250523880308,0.09550419225289623,0.3087298437725421,-0.23968795520981967,-0.5449594505202018,0.7417915913382833,0.0,0.0,0.0,0.0,0.0,0.0
202.54378080368042,-0.11141087869665273,-4.052164211244614,0.09671396271237624,0.3102473873095052,-0.24044427972895266,-0.5461292119906758,0.7400513433699314,0.0,0.0,0.0,0.0,0.0,0.0
202.64576601982117,-0.11081149973777685,-4.044819687371486,0.09523321931804889,0.31143989648807147,-0.24177123289920632,-0.5443205017763577,0.7404505744232881,0.0,0.0,0.0,0.0,0.0,0.0
202.74448037147522,-0.11053359352237953,-4.040656577675855,0.09570920910741398,0.31210655980201657,-0.23941105961703837,-0.5413986646387869,0.7430742397559491,0.0,0.0,0.0,0.0,0.0,0.0
202.85663557052612,-0.11236324614458548,-4.038881514892618,0.09501946870465737,0.3089448468608626,-0.2341838772153917,-0.5365422725748122,0.7495554569147547,0.0,0.0,0.0,0.0,0.0,0.0
202.94652485847473,-0.10638325137733519,-4.039821942345356,0.09392303070486174,0.3035944577669078,-0.22415483852523865,-0.5308342631440266,0.7588148645428778,0.0,0.0,0.0,0.0,0.0,0.0
203.05127573013306,-0.1096146119798996,-4.044008201446801,0.09541600303890564,0.2998665393896984,-0.21809843606895732,-0.5301789356518001,0.7625112634773284,0.0,0.0,0.0,0.0,0.0,0.0
203.14660573005676,-0.1148190044508062,-4.04406725729221,0.09699523624915518,0.29788894025285856,-0.21641659837728786,-0.5292802373740928,0.7643876408910615,0.0,0.0,0.0,0.0,0.0,0.0
203.24623370170593,-0.11956612090263848,-4.044523684779034,0.09649202228353426,0.30246139263369504,-0.21938119135331385,-0.5277651105850818,0.7627928859759692,0.0,0.0,0.0,0.0,0.0,0.0
203.34787702560425,-0.11537366381518795,-4.050112123903036,0.09671305440386745,0.30722317654225495,-0.22317816381440528,-0.5257415617159304,0.7611841020910494,0.0,0.0,0.0,0.0,0.0,0.0
203.45468640327454,-0.11057312999496101,-4.047081083483942,0.09584795066727059,0.30759029981799385,-0.2241225650788758,-0.524679835176852,0.7614908757424995,0.0,0.0,0.0,0.0,0.0,0.0
203.5705132484436,-0.10837192999273948,-4.044984392689936,0.09660121635787994,0.3064575881128829,-0.2229390259327028,-0.5246722112120856,0.7622998151554141,0.0,0.0,0.0,0.0,0.0,0.0
203.65911674499512,-0.10846594360736164,-4.039019142723581,0.09556684235133897,0.30408871634751417,-0.22139820231616528,-0.524749828342375,0.7636429180290251,0.0,0.0,0.0,0.0,0.0,0.0
203.75664258003235,-0.11068057994978198,-4.038841077237083,0.09483949423991613,0.3028872892478582,-0.2205793643889564,-0.5247982833858079,0.764323750627378,0.0,0.0,0.0,0.0,0.0,0.0
203.85488963127136,-0.11064543511567305,-4.040293707237392,0.09569040199502954,0.3011118550407251,-0.21906941205213115,-0.5261330161961122,0.7645418842191664,0.0,0.0,0.0,0.0,0.0,0.0
203.94636940956116,-0.11273653026804457,-4.044538992741073,0.09728245036995481,0.29937753623085017,-0.21811135188590888,-0.5266568295103707,0.7651360094185057,0.0,0.0,0.0,0.0,0.0,0.0
204.04982471466064,-0.11103562885721237,-4.047547901204145,0.09636727296537813,0.29660772035017363,-0.216114551369243,-0.5274533321026371,0.7662319122621513,0.0,0.0,0.0,0.0,0.0,0.0
204.14755535125732,-0.10401266185497794,-4.046172426434118,0.09681739960057828,0.29385705139769547,-0.2143093642582215,-0.527200083059436,0.7679710946104397,0.0,0.0,0.0,0.0,0.0,0.0
204.22945261001587,-0.10720221851781758,-4.0389404069114265,0.0969125786135025,0.28732334384130476,-0.20775578699203176,-0.5252411633703584,0.7735661247472446,0.0,0.0,0.0,0.0,0.0,0.0
204.36006021499634,-0.10479673833326647,-4.0334595141123835,0.094367618431119,0.27901235481398035,-0.19695428859993117,-0.5203347266449111,0.7826959092205366,0.0,0.0,0.0,0.0,0.0,0.0
204.45550894737244,-0.10209532493653661,-4.035228002192698,0.09410109826241517,0.2730738995429331,-0.19023369793934006,-0.5173459761035573,0.7884129162857126,0.0,0.0,0.0,0.0,0.0,0.0
204.52968668937683,-0.09978201679464749,-4.0396842146974805,0.09427379072032324,0.2637453951373821,-0.18408719774158838,-0.5186627957452336,0.7921737022150876,0.0,0.0,0.0,0.0,0.0,0.0
204.6496422290802,-0.10245722334443141,-4.042530457419939,0.09352352494525273,0.2593574118610105,-0.18056184935690678,-0.5196115119568651,0.7938104484771019,0.0,0.0,0.0,0.0,0.0,0.0
204.7493486404419,-0.09609731776495443,-4.041264218057638,0.0934587935831955,0.2554612245614373,-0.17858138876561014,-0.5213863000352263,0.7943579649425305,0.0,0.0,0.0,0.0,0.0,0.0
204.83057188987732,-0.09530343705914378,-4.045588174660285,0.09319161230612891,0.24988514872860063,-0.17413008141290073,-0.523082782713283,0.7960028452341708,0.0,0.0,0.0,0.0,0.0,0.0
204.92982292175293,-0.09485345534323489,-4.046456618814311,0.09316470498888482,0.24415533845162765,-0.17017341281608228,-0.5245920457755653,0.7976417527844506,0.0,0.0,0.0,0.0,0.0,0.0
205.05955600738525,-0.09240892985196664,-4.044765128996705,0.09304209436582617,0.2402849076864221,-0.1674956431000081,-0.5254076239359903,0.7988461687900393,0.0,0.0,0.0,0.0,0.0,0.0
205.13201236724854,-0.08661869892372781,-4.0420879855028105,0.09212892334291507,0.23711451704215925,-0.16464371465407318,-0.5247220103197623,0.8008345427856515,0.0,0.0,0.0,0.0,0.0,0.0
205.2420732975006,-0.08801131203503536,-4.04228840340255,0.09116932181956676,0.23464667865438157,-0.1623787877088416,-0.5256905507978034,0.8013884889992625,0.0,0.0,0.0,0.0,0.0,0.0
205.36596393585205,-0.09375260194347293,-4.042201289179507,0.0910943067850681,0.23278706782191477,-0.16129067515659562,-0.5259634672584741,0.8019712777099898,0.0,0.0,0.0,0.0,0.0,0.0
205.4315803050995,-0.09076861628417535,-4.037992437290848,0.09158315887065993,0.23130538811970094,-0.15989753274432147,-0.5259237570265837,0.8027046768544832,0.0,0.0,0.0,0.0,0.0,0.0
205.53221678733826,-0.08490112523813337,-4.031873031905852,0.09259337329367717,0.22906922678398411,-0.15835023840010218,-0.5272528534418537,0.8027807420937458,0.0,0.0,0.0,0.0,0.0,0.0
205.63297772407532,-0.08578916352951814,-4.0361860528528,0.0939347242774169,0.2282333065238774,-0.15674591482604164,-0.5267014296961746,0.8036951411663965,0.0,0.0,0.0,0.0,0.0,0.0
205.73017239570618,-0.0869032067263635,-4.037201125941802,0.09254586873769384,0.22526555465998893,-0.1540905709726822,-0.5252587237594301,0.8059868478676298,0.0,0.0,0.0,0.0,0.0,0.0
205.8482584953308,-0.0863829157187755,-4.035559818896008,0.09215322928008747,0.2249026188649259,-0.15335205515674186,-0.5241110740951641,0.8069755518091345,0.0,0.0,0.0,0.0,0.0,0.0
205.93054842948914,-0.08887766938350845,-4.031767593165982,0.09265883519011484,0.22365800237803699,-0.15180610549176812,-0.5228959344533719,0.8084007954225213,0.0,0.0,0.0,0.0,0.0,0.0
206.03559017181396,-0.08773266566478029,-4.034982926459087,0.09133733556788205,0.22086301665041436,-0.1484051730257381,-0.521437239055242,0.8107395625117029,0.0,0.0,0.0,0.0,0.0,0.0
206.140695810318,-0.09017636808005197,-4.033900785234245,0.08953457518397405,0.21598385958635466,-0.14414896345427494,-0.5206956936622718,0.8132945612351944,0.0,0.0,0.0,0.0,0.0,0.0
206.23454594612122,-0.08608448843914684,-4.032959209669422,0.08901379663767266,0.21253335751534888,-0.14134391187401218,-0.5200413940001845,0.815112519254668,0.0,0.0,0.0,0.0,0.0,0.0
206.33387160301208,-0.08137305473869341,-4.034794708849636,0.08910961904169035,0.20925194944116327,-0.13848432366644442,-0.5197017082416723,0.8166675261110548,0.0,0.0,0.0,0.0,0.0,0.0
206.43490886688232,-0.07749791277903859,-4.031744060842525,0.08598792635716668,0.20849823495357475,-0.13756234287030836,-0.5205689377029262,0.8164637585000722,0.0,0.0,0.0,0.0,0.0,0.0
206.54400515556335,-0.07267651519779175,-4.02146079563706,0.08700599636589505,0.2061802701351687,-0.13620087997543623,-0.5202431049246353,0.8174876930445028,0.0,0.0,0.0,0.0,0.0,0.0
206.63091468811035,-0.07718497143451859,-4.023824314642187,0.08849434432401815,0.20348319431822484,-0.13371911418836543,-0.5193278831558413,0.8191534275748016,0.0,0.0,0.0,0.0,0.0,0.0
206.73491311073303,-0.07237915494708755,-4.024233553317128,0.0876392154669246,0.19937498764998124,-0.1302672692110445,-0.5190247245409765,0.8209100975057947,0.0,0.0,0.0,0.0,0.0,0.0
206.83262491226196,-0.07210965441377779,-4.020770894318556,0.08608389617936907,0.1968197216966692,-0.12751118953103635,-0.517696157364612,0.8227961973329014,0.0,0.0,0.0,0.0,0.0,0.0
206.93852281570435,-0.07346952090774195,-4.020774219250438,0.08304411350499027,0.19441389523403896,-0.12564114621123842,-0.5157925460118978,0.8248488280874022,0.0,0.0,0.0,0.0,0.0,0.0
207.03537249565125,-0.07930662420212245,-4.018972336542496,0.08459003409851214,0.19251304118841997,-0.12399247468835575,-0.5155397202161209,0.8257017573388526,0.0,0.0,0.0,0.0,0.0,0.0
207.13385677337646,-0.07927989397175036,-4.021976141683136,0.08359101346412044,0.18914353092129543,-0.12135615730306011,-0.5157606886187178,0.8267335240999654,0.0,0.0,0.0,0.0,0.0,0.0
207.25238370895386,-0.07924904199181305,-4.019389271426933,0.08374952325606155,0.1864974908275033,-0.11992287381982948,-0.5192490815565002,0.8253590621980905,0.0,0.0,0.0,0.0,0.0,0.0
207.33276677131653,-0.07974280134285879,-4.022790565851272,0.08218059185478266,0.18403463560071634,-0.11966842689238376,-0.5211181575264592,0.8247706265384241,0.0,0.0,0.0,0.0,0.0,0.0
207.43524503707886,-0.07637977860538024,-4.021943152208913,0.08176871514954309,0.18134790551424185,-0.11810460052791033,-0.524299843707071,0.8235738669897338,0.0,0.0,0.0,0.0,0.0,0.0
207.53686380386353,-0.06814666278608006,-4.017842731360888,0.07972381747275484,0.1784211068746762,-0.11514266777717079,-0.524038687821596,0.8247978712053843,0.0,0.0,0.0,0.0,0.0,0.0
207.63331842422485,-0.06827025944105913,-4.015055074944956,0.07929154773104392,0.17277945458589017,-0.11124773857157447,-0.5248339827106273,0.8260269313574199,0.0,0.0,0.0,0.0,0.0,0.0
207.73502230644226,-0.06538058331900047,-4.0085847841970494,0.08039842051175841,0.1677542569965375,-0.10694480620658846,-0.525450822493677,0.8272380254954649,0.0,0.0,0.0,0.0,0.0,0.0
207.83362102508545,-0.06701876795186673,-4.009404412882427,0.07890242056067183,0.1610667389348058,-0.1016002745896542,-0.5248527857265075,0.8296170460684142,0.0,0.0,0.0,0.0,0.0,0.0
207.96134614944458,-0.06774387720810268,-4.0066696956971946,0.07704113346895937,0.15453482701944,-0.09643082811034911,-0.5225255364605156,0.8329388611264437,0.0,0.0,0.0,0.0,0.0,0.0
208.04420399665833,-0.06512802362791656,-4.009372586240319,0.07692513061486522,0.150775654441742,-0.09428047284366234,-0.522392343056859,0.8339569139850977,0.0,0.0,0.0,0.0,0.0,0.0
208.14063382148743,-0.06509844557240675,-4.005615202209771,0.07745712847736218,0.1513119791152524,-0.09572602650442104,-0.521676276525151,0.8341433182233717,0.0,0.0,0.0,0.0,0.0,0.0
208.23839449882507,-0.06320598822317787,-4.00174519885434,0.07481678138579939,0.1493144115977417,-0.09421158108973213,-0.5210359418102585,0.8350754048705019,0.0,0.0,0.0,0.0,0.0,0.0
208.33767294883728,-0.062200955334445245,-4.0038147618100455,0.07389764100781276,0.14650916511256812,-0.09250338130827632,-0.5211984518326189,0.8356616317576018,0.0,0.0,0.0,0.0,0.0,0.0
208.43528485298157,-0.05589349120617978,-4.004611712291699,0.07176538543161756,0.14377573284296025,-0.09025336046938362,-0.5222435380093661,0.8357299543374377,0.0,0.0,0.0,0.0,0.0,0.0
208.53441715240479,-0.05611446857826054,-4.009276781475323,0.07123805189948758,0.14023568165170067,-0.08808110572329016,-0.5223497494149547,0.836496510269064,0.0,0.0,0.0,0.0,0.0,0.0
208.6424503326416,-0.054458327801142,-4.003635958553845,0.0714908714465113,0.13666557965635961,-0.08601878218692058,-0.5234949878235543,0.8365860901137611,0.0,0.0,0.0,0.0,0.0,0.0
208.75671672821045,-0.04912679398366138,-4.001877501025137,0.07268411694945819,0.13316732196662817,-0.08394458143679384,-0.5257099193526955,0.8359718011403033,0.0,0.0,0.0,0.0,0.0,0.0
208.84377598762512,-0.048268579155840256,-4.000369888056498,0.0734828693038319,0.1314358428315237,-0.08320191250184114,-0.529270495897807,0.8340712218673147,0.0,0.0,0.0,0.0,0.0,0.0
208.93623614311218,-0.045627674041360165,-3.9967343315834625,0.07177152308737303,0.1284836024927137,-0.08167262474193905,-0.531020065640355,0.8335701746976748,0.0,0.0,0.0,0.0,0.0,0.0
209.0759174823761,-0.046465685639447175,-4.001137111523896,0.07036347877924712,0.12390401477238003,-0.07830262487193902,-0.5290693540213218,0.8358242116000549,0.0,0.0,0.0,0.0,0.0,0.0
209.17211890220642,-0.046672702433845276,-3.993832223933834,0.06553899871083371,0.11783022247110385,-0.07290805830872833,-0.5209224888436473,0.8422827401312123,0.0,0.0,0.0,0.0,0.0,0.0
209.2554156780243,-0.043802530507900624,-3.9871174042554465,0.06635215810937137,0.11582531128860764,-0.07080761493024908,-0.5177980400227629,0.8446632279679954,0.0,0.0,0.0,0.0,0.0,0.0
209.35388731956482,-0.04046878588422685,-3.9936039735567306,0.06587232761608967,0.1151010680379502,-0.07034903257223304,-0.5150415043861027,0.8464839080055306,0.0,0.0,0.0,0.0,0.0,0.0
209.4522864818573,-0.04218787396045945,-4.002379734342408,0.06592554386100376,0.11161990127956628,-0.06835873663990996,-0.5154268019346206,0.8468785583604805,0.0,0.0,0.0,0.0,0.0,0.0
209.53507089614868,-0.04336397581189935,-4.006024146469927,0.06733084755267152,0.11073485902631426,-0.06793023679313173,-0.5156285877317991,0.846906390009724,0.0,0.0,0.0,0.0,0.0,0.0
209.63701391220093,-0.051366223500381405,-4.00172353232614,0.06761259107779959,0.11004486095043994,-0.06747538211158884,-0.515476286645456,0.8471253740111,0.0,0.0,0.0,0.0,0.0,0.0
209.73931097984314,-0.049665787078820745,-3.996070624108443,0.06437405524337698,0.10963364302290383,-0.0675230069385474,-0.5157460865167458,0.8470106741323308,0.0,0.0,0.0,0.0,0.0,0.0
209.83974957466125,-0.04458386877732896,-3.99953416198196,0.06599979507242089,0.10904922677886036,-0.0670400849621231,-0.5157691713776803,0.8471104148831636,0.0,0.0,0.0,0.0,0.0,0.0
209.93800377845764,-0.04022983354103786,-4.002285082171259,0.06706606666714032,0.10858914734980293,-0.0669693396943578,-0.5165316503228848,0.846710433875361,0.0,0.0,0.0,0.0,0.0,0.0
210.0369849205017,-0.043811122587841714,-4.000294374455609,0.06586052925384243,0.10734440947868436,-0.0660039955921368,-0.5166237277396576,0.8468887614414703,0.0,0.0,0.0,0.0,0.0,0.0
210.1377465724945,-0.0493300929154086,-4.0015327496341975,0.06363481812710922,0.10455633053045033,-0.06407894838343361,-0.5176735211274784,0.8467443460947939,0.0,0.0,0.0,0.0,0.0,0.0
210.23957514762878,-0.04454887247994936,-4.004089375062531,0.05871755351957101,0.0976703126974432,-0.0599554610943964,-0.5183434177039105,0.8474585264338976,0.0,0.0,0.0,0.0,0.0,0.0
210.3523919582367,-0.036972938481993144,-3.998289808159915,0.05192187898388466,0.082814766525276,-0.04965102718847208,-0.5192283261716131,0.8491633737070036,0.0,0.0,0.0,0.0,0.0,0.0
210.44519448280334,-0.03810330004457926,-3.995434849553543,0.04684194747283776,0.06176045365655193,-0.035933795438904265,-0.5229835042091182,0.8493424886549507,0.0,0.0,0.0,0.0,0.0,0.0
210.54252529144287,-0.03462635280079998,-3.9987228012669975,0.04426702297375747,0.041680638278571255,-0.023545289651399143,-0.5241649549921145,0.850270218040112,0.0,0.0,0.0,0.0,0.0,0.0
210.6260542869568,-0.027819047310560098,-4.0009881712136135,0.03229361057577954,0.020879293610709133,-0.010337746549208639,-0.5284685024738689,0.8486331527742546,0.0,0.0,0.0,0.0,0.0,0.0
210.7420802116394,-0.02294173011899513,-4.001702710012521,0.027194202310245757,0.015527459189216043,-0.00888308059857044,-0.5283284421545378,0.8488516042870559,0.0,0.0,0.0,0.0,0.0,0.0
210.84026288986206,-0.021045317329822448,-3.9989406929674853,0.024293304882401424,0.011495923045432663,-0.006386331349543703,-0.5296396111757214,0.8481208291268412,0.0,0.0,0.0,0.0,0.0,0.0
210.93090772628784,-0.02237780204908345,-4.001140010876192,0.022152505450527504,0.010254932579162736,-0.007194220648393167,-0.5272774962122427,0.8496008012797244,0.0,0.0,0.0,0.0,0.0,0.0
211.04033255577087,-0.019566400912737446,-4.0077653670554305,0.020255943949873755,0.00968206898611125,-0.006588651928756212,-0.527846596026773,0.8492589818593623,0.0,0.0,0.0,0.0,0.0,0.0
211.16142177581787,-0.015863072337218617,-4.0084044374749475,0.022493160902094113,0.01006361718236182,-0.006785789926686886,-0.5276057181110342,0.8494026623932607,0.0,0.0,0.0,0.0,0.0,0.0
211.22302675247192,-0.009127894057736096,-4.008852657017395,0.025643181228201955,0.010297155023886612,-0.006558545675715407,-0.5278211247988533,0.8492678107011051,0.0,0.0,0.0,0.0,0.0,0.0
211.33904147148132,-0.012614382903891821,-4.014781138469742,0.025935281746253987,0.010022210479515162,-0.006931092079575487,-0.5271915848653517,0.8496590775756998,0.0,0.0,0.0,0.0,0.0,0.0
211.4444432258606,-0.016106687517889965,-4.012244926071185,0.02699430543571675,0.010094109245245132,-0.0069771350657583395,-0.5275973782008085,0.8494059306717805,0.0,0.0,0.0,0.0,0.0,0.0
211.52072620391846,-0.018127943551551104,-4.010220271815709,0.027191416716869095,0.01037206663453405,-0.007028217101314956,-0.5272737746305965,0.8496030784930395,0.0,0.0,0.0,0.0,0.0,0.0
211.63932943344116,-0.01774343747287934,-4.014861238221139,0.027386775865339524,0.010214263416711224,-0.007055233052160174,-0.5271364439862849,0.8496899798931786,0.0,0.0,0.0,0.0,0.0,0.0
211.73832273483276,-0.01609332598919885,-4.0144209795535835,0.024544826518017065,0.009829024657189548,-0.006837041410896817,-0.5278857759641163,0.84923097722218,0.0,0.0,0.0,0.0,0.0,0.0
211.84817147254944,-0.010905078441911348,-4.013867858938144,0.02602656937930572,0.00986995255909644,-0.006752098384913587,-0.527317523503746,0.8495841468681603,0.0,0.0,0.0,0.0,0.0,0.0
211.91923356056213,-0.011428978823762663,-4.015765563206281,0.026563346056551754,0.010069332769246543,-0.0065831309475356025,-0.5274326542580694,0.8495116633376728,0.0,0.0,0.0,0.0,0.0,0.0
212.02204966545105,-0.00491215003944925,-4.017353616617563,0.027658561128640395,0.010093837628255222,-0.006945746242506,-0.5280176801508164,0.8491449820255436,0.0,0.0,0.0,0.0,0.0,0.0
212.1399953365326,-0.004632817971607271,-4.013027977440179,0.025498853475418484,0.010081110624769239,-0.006838461125147057,-0.5271490640534467,0.8496855129549569,0.0,0.0,0.0,0.0,0.0,0.0
212.21937346458435,-0.014069848681051758,-4.008928166080699,0.02762499298310158,0.010212418192523299,-0.0071600998349521765,-0.5270085889189791,0.8497684312155773,0.0,0.0,0.0,0.0,0.0,0.0
212.32257080078125,-0.01982876325458044,-4.009076407190864,0.027894108692804353,0.010044503480091015,-0.0070821716506502186,-0.526515395161859,0.8500767550357099,0.0,0.0,0.0,0.0,0.0,0.0
212.43162178993225,-0.028405606837629833,-4.004771509838515,0.027780411406083616,0.009658313914361994,-0.007064688919951581,-0.5260122424784507,0.850392808004354,0.0,0.0,0.0,0.0,0.0,0.0
212.51945519447327,-0.02051116476792431,-4.007304130808804,0.0273241434475319,0.010186233506350513,-0.007084233760811453,-0.5266148720684962,0.8500134297734365,0.0,0.0,0.0,0.0,0.0,0.0
212.62982201576233,-0.01971997157293076,-4.008003967426134,0.027519445055645197,0.00995995653052649,-0.007407020267056938,-0.5265212056834148,0.850071382462849,0.0,0.0,0.0,0.0,0.0,0.0
212.72511267662048,-0.02303598650346722,-4.01035686838599,0.024368414223559638,0.009308977077859886,-0.007023114922424819,-0.526511096474455,0.850088280175512,0.0,0.0,0.0,0.0,0.0,0.0
212.82487773895264,-0.012087834837916254,-4.0110018116443396,0.023411074642196557,0.010276637836867905,-0.0068778766915482984,-0.5278368272724084,0.8492557737819187,0.0,0.0,0.0,0.0,0.0,0.0
212.92389392852783,-0.011008286262455171,-4.00873497727903,0.023066010743047153,0.012684661633014165,-0.006496818158104639,-0.5319542487900629,0.846653156792803,0.0,0.0,0.0,0.0,0.0,0.0
213.02107524871826,0.0013441768524905737,-4.017941504712705,0.02597971566660711,0.012807577271261026,-0.008376016876506465,-0.552297701336258,0.8335064831207691,0.0,0.0,0.0,0.0,0.0,0.0
213.1261808872223,0.027700771900295643,-4.028646276673071,0.027692741640488287,0.013605515190582814,-0.006822006621744298,-0.5891433677574899,0.8078851665981729,0.0,0.0,0.0,0.0,0.0,0.0
213.24401688575745,0.052385367474015974,-4.034675213582786,0.030283459950168564,0.012440135519803169,-0.008763177940095443,-0.6214541967214403,0.7833027072070488,0.0,0.0,0.0,0.0,0.0,0.0
213.33829140663147,0.05311255015544974,-4.025891076317742,0.034275259831614106,0.012530583652452687,-0.009240824755224517,-0.6317198959969461,0.7750403632280862,0.0,0.0,0.0,0.0,0.0,0.0
213.43073225021362,0.052822991433350244,-4.023622959852723,0.034888367744572886,0.012023310059343607,-0.00912043016879707,-0.6297384762168048,0.7766606140012725,0.0,0.0,0.0,0.0,0.0,0.0
213.5256085395813,0.043382711239799934,-4.021437334489197,0.03397919834329918,0.01172814596759245,-0.008792084118978706,-0.6271270866505928,0.7787790232396423,0.0,0.0,0.0,0.0,0.0,0.0
213.62390804290771,0.04810594380674133,-4.019183865785697,0.03693615933916343,0.011962811800454555,-0.008624119016394583,-0.6274519441974294,0.7785156218264518,0.0,0.0,0.0,0.0,0.0,0.0
213.72202110290527,0.0433432543242473,-4.024826527379049,0.034958163706079105,0.011881843637588143,-0.009464491789477837,-0.6271456637043957,0.7787538517937834,0.0,0.0,0.0,0.0,0.0,0.0
213.8280074596405,0.044530103145468534,-4.028787434340582,0.029431532205002886,0.011101535148665591,-0.00853061998540127,-0.6277978265953359,0.7782505209520405,0.0,0.0,0.0,0.0,0.0,0.0
213.92467069625854,0.04816809951023505,-4.0295470486631455,0.026517042130054142,0.011632724455826167,-0.008961410479585416,-0.6278714748412343,0.77817850389521,0.0,0.0,0.0,0.0,0.0,0.0
214.0240831375122,0.045449117073804765,-4.027354607294653,0.02525373522566995,0.011232922362594117,-0.009032705191884292,-0.6280026904998656,0.7780776647719596,0.0,0.0,0.0,0.0,0.0,0.0
214.12662172317505,0.04860000911640403,-4.029621822694987,0.02518261708908958,0.010858008828106584,-0.008758907678820812,-0.6280640433690904,0.778036594645377,0.0,0.0,0.0,0.0,0.0,0.0
214.22638130187988,0.04410969306154269,-4.028525802581174,0.02538226565229383,0.01131744564397776,-0.009036089566166396,-0.6281713399545679,0.777940249742275,0.0,0.0,0.0,0.0,0.0,0.0
214.3257167339325,0.04603290684945779,-4.029248032714583,0.026415848161768604,0.011406138582372808,-0.008501383168215687,-0.6284098956249036,0.7777522931933454,0.0,0.0,0.0,0.0,0.0,0.0
214.46650624275208,0.04784484282867488,-4.032436837253854,0.029880214897293114,0.01156831696088027,-0.008898025453619547,-0.6275594385765341,0.778431853304557,0.0,0.0,0.0,0.0,0.0,0.0
214.53021454811096,0.052390134900703156,-4.030552042545517,0.02950039028206684,0.011686126110881894,-0.00891510423237816,-0.6284203738595799,0.7777350378446213,0.0,0.0,0.0,0.0,0.0,0.0
214.62660098075867,0.05012447252767998,-4.030831384652448,0.029055025997030172,0.011430366913925422,-0.00883587989800117,-0.6281352449519052,0.7779700431172102,0.0,0.0,0.0,0.0,0.0,0.0
214.78613305091858,0.04981803699975779,-4.029621893336938,0.02990660094909296,0.011623948636118658,-0.00874103516342893,-0.6278672601219113,0.7781845422451691,0.0,0.0,0.0,0.0,0.0,0.0
214.82575273513794,0.04912879299756256,-4.029356355345414,0.02842213801627057,0.01126290956897361,-0.00895908038536193,-0.6279918124698026,0.7780868622573733,0.0,0.0,0.0,0.0,0.0,0.0
214.92825198173523,0.04767059301997861,-4.0275982449634045,0.026712040357134044,0.011340806860895213,-0.008905120158425569,-0.6280132126119216,0.7780690777299298,0.0,0.0,0.0,0.0,0.0,0.0
215.02822852134705,0.04494266488078328,-4.025962959255857,0.026873853624027767,0.011492687173136869,-0.008622641390134996,-0.6280959533537178,0.7780032400817007,0.0,0.0,0.0,0.0,0.0,0.0
215.17348408699036,0.04676462898484964,-4.023225737774334,0.027747818549151586,0.011208566430736436,-0.009001444074917857,-0.6279657955669224,0.7781081554906614,0.0,0.0,0.0,0.0,0.0,0.0
215.25548362731934,0.04759812731000523,-4.027212333091068,0.027256485465006725,0.011354390782040702,-0.009056092032158437,-0.6280116494146943,0.7780683987969514,0.0,0.0,0.0,0.0,0.0,0.0
215.33712434768677,0.047189205020249,-4.029001433145683,0.027088287633943255,0.011568844461611083,-0.008985644222255876,-0.628237527209728,0.7778836863189019,0.0,0.0,0.0,0.0,0.0,0.0
215.44262886047363,0.04394331687279084,-4.028291723124629,0.02609398863104595,0.01144246279090221,-0.008890204739091181,-0.6279338480756484,0.7781318119353737,0.0,0.0,0.0,0.0,0.0,0.0
215.52709865570068,0.045774945034811394,-4.028033709055948,0.024441644334698136,0.011383157457192017,-0.00892088541134866,-0.6282211862112214,0.777900368122482,0.0,0.0,0.0,0.0,0.0,0.0
215.62895512580872,0.04878009821977182,-4.029604464202804,0.02409199044467321,0.011222070409893113,-0.00907923310653403,-0.6282432360484322,0.7778830689899675,0.0,0.0,0.0,0.0,0.0,0.0
215.73016142845154,0.05060614486226935,-4.027610305840358,0.027872251644095958,0.011465731575832234,-0.008749610017525031,-0.6279931747063234,0.7780851841837049,0.0,0.0,0.0,0.0,0.0,0.0
215.82856583595276,0.04899330588161648,-4.02546388894264,0.026162711829527188,0.0114041759614053,-0.008976396516585288,-0.6279462156311371,0.7781214039921385,0.0,0.0,0.0,0.0,0.0,0.0
215.93266582489014,0.04791449082771415,-4.02848003445816,0.025659142695660272,0.01123999293341424,-0.008822258666157457,-0.6281384729295358,0.7779703652046004,0.0,0.0,0.0,0.0,0.0,0.0
216.0329465866089,0.048005243080793354,-4.028141992833366,0.029978029209436072,0.011675117420853767,-0.008856706249322815,-0.6281961933770306,0.7779169576594762,0.0,0.0,0.0,0.0,0.0,0.0
216.12894654273987,0.044513875815324566,-4.026193729664454,0.030970821754897754,0.011613426790068142,-0.00882032896228078,-0.6281402177868256,0.7779634933040579,0.0,0.0,0.0,0.0,0.0,0.0
216.23032212257385,0.043160709611263955,-4.0267284477317675,0.029437043269368402,0.01141818387292361,-0.009054466609098288,-0.6279284078671011,0.7781346646338929,0.0,0.0,0.0,0.0,0.0,0.0
216.34583640098572,0.04468428863437094,-4.026750273941907,0.02848785744777354,0.011595896669505801,-0.009289606510035225,-0.6278730332353739,0.7781739474738759,0.0,0.0,0.0,0.0,0.0,0.0
216.4337863922119,0.04783344178491397,-4.0241270131177185,0.028369279208032817,0.011395329571298752,-0.008479520416219924,-0.6278117933145657,0.7782355661190034,0.0,0.0,0.0,0.0,0.0,0.0
216.53036522865295,0.04557255453957789,-4.025782758394412,0.02628490570266089,0.01108245516574081,-0.008543442780153773,-0.6284078495466379,0.7777581651137297,0.0,0.0,0.0,0.0,0.0,0.0
216.6388919353485,0.04853752937719296,-4.028046175780462,0.026469379475446347,0.011708687332463887,-0.00914051395054358,-0.6278530389537791,0.7781901561457321,0.0,0.0,0.0,0.0,0.0,0.0
216.7336781024933,0.048844800184712905,-4.026388452833729,0.027228316514808913,0.011626381761260384,-0.008895904509411133,-0.6280393598950758,0.7780438628719,0.0,0.0,0.0,0.0,0.0,0.0
216.82399034500122,0.04763357422655238,-4.020134562621331,0.02936309619631213,0.011786517572456353,-0.009025501611046847,-0.6280180702595799,0.7780571455565207,0.0,0.0,0.0,0.0,0.0,0.0
216.933091878891,0.04747918836940417,-4.0213957456285385,0.02908762775972869,0.011529500138758562,-0.009095857276672505,-0.6278797215816743,0.7781718262912223,0.0,0.0,0.0,0.0,0.0,0.0
217.03914380073547,0.049365411993699516,-4.027981092775016,0.030659851682375647,0.011792875587355511,-0.009213672941191292,-0.6280059657469306,0.7780646138352033,0.0,0.0,0.0,0.0,0.0,0.0
217.13065552711487,0.04924023185878512,-4.031227703598873,0.02978074510395706,0.011634554280094788,-0.00864737600063506,-0.6280981076023572,0.7779991177766784,0.0,0.0,0.0,0.0,0.0,0.0
217.23662877082825,0.05034408164980646,-4.029851593266393,0.02810078679866858,0.01130621657767565,-0.00877079191221236,-0.6283777108598756,0.7777767643549006,0.0,0.0,0.0,0.0,0.0,0.0
217.3588047027588,0.050803661933088,-4.031900758840534,0.027420061206180138,0.011582697941095402,-0.009182052101403784,-0.627881756934425,0.7781683817378452,0.0,0.0,0.0,0.0,0.0,0.0
217.43376779556274,0.04958397070370242,-4.029579010382501,0.027492810592668702,0.01132180640431529,-0.008598217193464534,-0.6277277409330652,0.7783031354323665,0.0,0.0,0.0,0.0,0.0,0.0
217.53210759162903,0.048027716340110466,-4.025866085000729,0.029208530004081933,0.011899334972961051,-0.008926325603889443,-0.6282002588467027,0.7779094814458142,0.0,0.0,0.0,0.0,0.0,0.0
217.63207244873047,0.050547582631526436,-4.027516590083242,0.029887345837335617,0.011184136132305008,-0.008956298773958043,-0.628105301553628,0.7779964202818788,0.0,0.0,0.0,0.0,0.0,0.0
217.74817895889282,0.04861549177340287,-4.027344752813385,0.03163245875050544,0.012060091746419322,-0.009106709506106571,-0.6277988922987823,0.7782288692007044,0.0,0.0,0.0,0.0,0.0,0.0
217.84688448905945,0.049459721763944364,-4.022509713510822,0.032247866079671984,0.011994232932868503,-0.00906459815153068,-0.6281495933739393,0.7779473374083901,0.0,0.0,0.0,0.0,0.0,0.0
217.9312391281128,0.045906900236538185,-4.024920628019234,0.02735230033595375,0.011372402169855458,-0.008682438082722418,-0.6285536895271068,0.7776345819982762,0.0,0.0,0.0,0.0,0.0,0.0
218.01344442367554,0.04607538256764928,-4.028407982415379,0.025985555784643143,0.011337540852412654,-0.008863997842608114,-0.6284263845009257,0.7777359249595622,0.0,0.0,0.0,0.0,0.0,0.0
218.16672658920288,0.04935115335152053,-4.0301108931147365,0.02864574940086542,0.011769568149401837,-0.008723702966414039,-0.6281342561482789,0.7779670497682557,0.0,0.0,0.0,0.0,0.0,0.0
218.23460698127747,0.050758382660884775,-4.030640105044796,0.03078125859205638,0.012049771243113756,-0.008925374324924795,-0.6281411437615302,0.7779549114312799,0.0,0.0,0.0,0.0,0.0,0.0
218.31519508361816,0.04982080799925422,-4.033781950826387,0.029178284316906642,0.01192718605058806,-0.008847349548608559,-0.6281330522359085,0.7779642249664347,0.0,0.0,0.0,0.0,0.0,0.0
218.43368244171143,0.04873113601367325,-4.033219029590012,0.02933090832699447,0.011828211014727388,-0.009306270683623273,-0.628197088315199,0.7779086739344182,0.0,0.0,0.0,0.0,0.0,0.0
218.55667734146118,0.044600721228456666,-4.032600435912419,0.03045869844891873,0.011447358135005132,-0.008663408061168686,-0.6283712729538589,0.7777811046038507,0.0,0.0,0.0,0.0,0.0,0.0
218.61761474609375,0.04695466428701924,-4.027737743208488,0.02804700744827677,0.011230028637437283,-0.00891675154859231,-0.6278447478555428,0.778206496110626,0.0,0.0,0.0,0.0,0.0,0.0
218.71709823608398,0.047217380219381225,-4.023153420242136,0.02777016963825063,0.011426328657381019,-0.008631631733310328,-0.6278633234383839,0.7781918664621765,0.0,0.0,0.0,0.0,0.0,0.0
218.8327031135559,0.045346833093285174,-4.023049429716456,0.027692231921744175,0.011524621699876595,-0.008690267364421406,-0.6281937034274078,0.7779230895929957,0.0,0.0,0.0,0.0,0.0,0.0
218.94381308555603,0.0473618185336115,-4.02327548995194,0.028712112375471315,0.011629300947512942,-0.008919114125348614,-0.6280774326039619,0.7780128195706363,0.0,0.0,0.0,0.0,0.0,0.0
219.01776933670044,0.04484715948413805,-4.025640410766305,0.028384815752282157,0.011485749342873046,-0.00878379762190723,-0.6279583420152504,0.7781126159848407,0.0,0.0,0.0,0.0,0.0,0.0
219.1144654750824,0.04751897543490065,-4.02761207393093,0.026808987495182814,0.011499099402246873,-0.0091529125033101,-0.6282302788339729,0.777888624201291,0.0,0.0,0.0,0.0,0.0,0.0
219.21512866020203,0.05019938745238929,-4.028161217097962,0.027209157181667807,0.010990840001473842,-0.00899669531178569,-0.6276772798746206,0.7783440712427057,0.0,0.0,0.0,0.0,0.0,0.0
219.31359481811523,0.05225187734996627,-4.027515519883223,0.026605484622572884,0.011470549250992012,-0.008613337172401318,-0.6282057250981583,0.7779150364123808,0.0,0.0,0.0,0.0,0.0,0.0
219.42687034606934,0.051789303949130124,-4.027442956139548,0.026065587528011854,0.011786940782839426,-0.008691558963253094,-0.6277659298549736,0.7782643909000553,0.0,0.0,0.0,0.0,0.0,0.0
219.5142047405243,0.051095176006032195,-4.028084266077485,0.02696997799387225,0.011488571709672185,-0.009948329562768577,-0.6283657529168559,0.7777695828586757,0.0,0.0,0.0,0.0,0.0,0.0
219.61759662628174,0.04679677939417029,-4.029127900389755,0.03000671582795285,0.012236192704834021,-0.007184701001968249,-0.6281692122823861,0.777947360944217,0.0,0.0,0.0,0.0,0.0,0.0
219.7166826725006,0.04808326351111947,-4.034077224853072,0.030049026949166953,0.011189515726265337,-0.009169978741326084,-0.629230589250175,0.7770840184816027,0.0,0.0,0.0,0.0,0.0,0.0
219.83024740219116,0.046386536767321164,-4.030059549509985,0.02530213131516445,0.009070698130146385,-0.010341809270838961,-0.628390509382296,0.7777764056170893,0.0,0.0,0.0,0.0,0.0,0.0
219.9157576560974,0.03935953857212489,-4.039201056631972,0.023834083271050074,0.01190497741298126,-0.008365723848327242,-0.6284090322442625,0.7777469860893466,0.0,0.0,0.0,0.0,0.0,0.0
220.02238035202026,0.04521114965114074,-4.037312561717463,0.02924657921917833,0.01071950059986542,-0.009932139571847786,-0.6278578990112724,0.7781907886627215,0.0,0.0,0.0,0.0,0.0,0.0
220.1242401599884,0.04810807752038156,-4.030441035326481,0.033057854728470185,0.010070064722376471,-0.009177432645513418,-0.6278279018702074,0.7782329305289771,0.0,0.0,0.0,0.0,0.0,0.0
220.22428488731384,0.04595820629362986,-4.029760908858182,0.03372823790250107,0.011415641346932756,-0.010894605238483662,-0.6286372774795713,0.7775385289954132,0.0,0.0,0.0,0.0,0.0,0.0
220.31985187530518,0.047006167151876374,-4.025593134051938,0.030174449195735774,0.012934144810190536,-0.009302546739201186,-0.6273593888865541,0.7785668678398963,0.0,0.0,0.0,0.0,0.0,0.0
220.41370677947998,0.04780099345641332,-4.024224343750317,0.026939161417995156,0.010575895407560425,-0.00691988494235941,-0.6278481790926512,0.778233210315968,0.0,0.0,0.0,0.0,0.0,0.0
220.51991295814514,0.0474442943787497,-4.026648478217942,0.024646803501761027,0.009851597652815958,-0.007650020753668317,-0.6279790471170785,0.7781302844562883,0.0,0.0,0.0,0.0,0.0,0.0
220.61390447616577,0.04332326122645704,-4.0291628903009435,0.023279705174207067,0.010272780883879193,-0.006346810381446871,-0.627827113218657,0.7782591495628975,0.0,0.0,0.0,0.0,0.0,0.0
220.72258520126343,0.04147007385103036,-4.016118095748717,0.019276795531434222,0.009940792228559345,-0.010709787260618378,-0.6286552726489497,0.7775468019851401,0.0,0.0,0.0,0.0,0.0,0.0
220.82862210273743,0.030357772676405305,-4.007019834468786,0.015004000571200797,0.010365585706280156,-0.007020310685760379,-0.6280559436278108,0.7780674787861043,0.0,0.0,0.0,0.0,0.0,0.0
220.92427802085876,0.03365927751228453,-4.0135211097399415,0.015392506282759587,0.009635259647115283,-0.00973812672948679,-0.628241058494289,0.7778981315578871,0.0,0.0,0.0,0.0,0.0,0.0
221.01585245132446,0.04131949969229855,-4.027752270616537,0.020494341995288202,0.010006320849415022,-0.007862762310123141,-0.6278965998357624,0.7781927206203776,0.0,0.0,0.0,0.0,0.0,0.0
221.13271284103394,0.04086546770148343,-4.0385363817406335,0.0231817652275881,0.011976011657010925,-0.007954496522635048,-0.6287215235196071,0.7774976186413631,0.0,0.0,0.0,0.0,0.0,0.0
221.22087287902832,0.03378232223084764,-4.036145668134172,0.022802368452936667,0.010206484859850288,-0.008525390551628325,-0.6281359154261662,0.7779899852404428,0.0,0.0,0.0,0.0,0.0,0.0
221.316570520401,0.021976858627228715,-4.028140616549286,0.020034966785271054,0.009431339451399927,-0.008724926361323259,-0.6288478626667259,0.7774222090444655,0.0,0.0,0.0,0.0,0.0,0.0
221.42736339569092,0.024507502630452854,-4.022368327959413,0.024267803124866462,0.011178253797687597,-0.00933404597019342,-0.6285767136410634,0.7776112378920494,0.0,0.0,0.0,0.0,0.0,0.0
221.51765275001526,0.030442282543536914,-4.025800973983111,0.021924341578999786,0.010431864741555304,-0.008586140313033851,-0.6285821799188755,0.7776258081371251,0.0,0.0,0.0,0.0,0.0,0.0
221.6185221672058,0.0375180701754402,-4.029608142379336,0.01851258531487237,0.00897576860831106,-0.008672537333396537,-0.6286225457832255,0.7776103893384213,0.0,0.0,0.0,0.0,0.0,0.0
221.71950793266296,0.045508248161052776,-4.0318991924919585,0.017398082739028344,0.008970615497421518,-0.009332304829686788,-0.6294344268860844,0.7769457757106948,0.0,0.0,0.0,0.0,0.0,0.0
221.8181824684143,0.05889507126336525,-4.020925668033586,0.022140535181678668,0.011491324847543307,-0.008940196463876409,-0.6288426025688846,0.7773962976080933,0.0,0.0,0.0,0.0,0.0,0.0
221.92011427879333,0.054526431742914154,-4.017838041566009,0.020395656475654292,0.010413261797401556,-0.009711627324212074,-0.6292196559806265,0.7770970806797698,0.0,0.0,0.0,0.0,0.0,0.0
222.0193178653717,0.053025082593411474,-4.014957957829676,0.023306128014946477,0.010242704794168363,-0.009374372006116852,-0.6303213321343475,0.7762101689647697,0.0,0.0,0.0,0.0,0.0,0.0
222.11716318130493,0.045909013374143985,-4.01495355237697,0.026997383975454137,0.01199871369142332,-0.009610193708455271,-0.630505192623092,0.7760327809583173,0.0,0.0,0.0,0.0,0.0,0.0
222.22728395462036,0.026965549970332674,-4.021940843569843,0.026325688333069242,0.007145871376478377,-0.007929344374004202,-0.6308351499777537,0.7758434607397028,0.0,0.0,0.0,0.0,0.0,0.0
222.34044194221497,0.006106070424147841,-4.02403505318843,0.036576778117934146,0.008319604971090813,-0.007887236788368867,-0.631344249790022,0.7754179607966197,0.0,0.0,0.0,0.0,0.0,0.0
222.42457628250122,0.007356519149612639,-4.019719705106342,0.040904639567143915,0.008559384861800846,-0.008111019305924705,-0.6313728749900621,0.7753897349225969,0.0,0.0,0.0,0.0,0.0,0.0
222.52533149719238,0.021537224740521173,-4.02127280590257,0.04313077222233729,0.011982515914984625,-0.0088545537142806,-0.6316880294789037,0.7750795117946757,0.0,0.0,0.0,0.0,0.0,0.0
222.62056279182434,0.041707203332961955,-4.016573441341388,0.03785310631105684,0.006631087624951309,-0.010589985426585914,-0.6331440719924624,0.7739331140262207,0.0,0.0,0.0,0.0,0.0,0.0
222.71925854682922,0.04781739278741682,-3.9812366743924605,0.03700125012084796,0.013277678056771379,-0.003860918374853215,-0.6332183279046589,0.7738496919817802,0.0,0.0,0.0,0.0,0.0,0.0
222.8205850124359,0.02888488937105317,-4.004616707302355,0.03709937899082908,0.0032431315139969255,-0.009667692637085586,-0.6332913945390235,0.7738462556734522,0.0,0.0,0.0,0.0,0.0,0.0
222.91542196273804,0.01847170140362273,-3.983464445692561,0.043948455659114885,0.00830663880919933,-0.0005804384574690362,-0.6342942072888654,0.7730469076599598,0.0,0.0,0.0,0.0,0.0,0.0
223.01929712295532,0.03343974566894954,-3.991153622544827,0.04377625416984033,-0.01256039239374213,-0.0064380238277796775,-0.630391558508551,0.7761490007422636,0.0,0.0,0.0,0.0,0.0,0.0
223.1188714504242,0.04872407706594676,-4.005962026694032,0.056108397105138916,-0.01037011844047243,0.009944311695277869,-0.6268981004274855,0.7789687689431417,0.0,0.0,0.0,0.0,0.0,0.0
223.2388300895691,0.04456109246306832,-3.9939568276803623,0.0555329077999905,-0.019670237807794148,0.008355243579775667,-0.6163543559615652,0.7871788739139643,0.0,0.0,0.0,0.0,0.0,0.0
223.3209731578827,0.0955221034075176,-3.989408337106448,0.07236947943108817,-0.025268972221491777,0.0006352721665371429,-0.6002375558498151,0.7994222613985238,0.0,0.0,0.0,0.0,0.0,0.0
223.42283082008362,0.17903952525112032,-4.001872209940823,0.07717922247885264,-0.019170831569610927,-0.0007858780039470254,-0.5832565274001915,0.8120613799816536,0.0,0.0,0.0,0.0,0.0,0.0
223.519850730896,0.04664818275078528,-3.902479287085524,0.056181087344965026,-0.01694056306682603,0.023486823678389997,-0.5651889051208981,0.8244530841501323,0.0,0.0,0.0,0.0,0.0,0.0
223.6233994960785,-0.19661898519171214,-3.7028106162208494,0.030160819955098464,-0.01972874524349213,0.00981073827860495,-0.5505324937768158,0.8345229171936333,0.0,0.0,0.0,0.0,0.0,0.0
223.73316836357117,-0.34343736304696676,-3.469797897909208,0.023250294334718792,-0.034771580926963794,0.009623464879672555,-0.5476393783070933,0.8359362639644935,0.0,0.0,0.0,0.0,0.0,0.0
223.8355748653412,-0.350492138863931,-3.2522160762414467,0.020588327347974666,-0.019916118577907427,0.0029856975826702773,-0.5495524225311388,0.8352164801540006,0.0,0.0,0.0,0.0,0.0,0.0
223.92169332504272,-0.2635265070684606,-3.1376391226449267,0.016810075113750808,-0.006305572579261071,-0.004685770443294857,-0.5473963656853963,0.836836604209069,0.0,0.0,0.0,0.0,0.0,0.0
224.01970434188843,-0.07604327747517692,-3.1868477972880767,0.022324679427842862,0.0013156958388986272,-0.009796243677462516,-0.5454393956427676,0.8380919807724386,0.0,0.0,0.0,0.0,0.0,0.0
224.1213617324829,0.1239459585861653,-3.3184670510850043,0.01679812902537759,0.0011606121938287216,-0.011952879115895628,-0.5430929847955988,0.839586678983135,0.0,0.0,0.0,0.0,0.0,0.0
224.22009444236755,0.24174353306798574,-3.530877266420219,0.024482227108612097,0.011623736752448996,-0.018430893370675546,-0.5459179614308436,0.83755523417898,0.0,0.0,0.0,0.0,0.0,0.0
224.31809210777283,0.3097539709012969,-3.8099649096524364,0.03491622994049378,0.022087545377502557,-0.02708126601360706,-0.5459454349764298,0.8370915884170851,0.0,0.0,0.0,0.0,0.0,0.0
224.42460775375366,0.2725545675353082,-3.9650753191363486,0.07953457438131295,0.034173302048265165,-0.04546371797890521,-0.5529155172761423,0.8312939711857974,0.0,0.0,0.0,0.0,0.0,0.0
224.5323679447174,0.2409896590626693,-4.042604573220939,0.0860486891559125,0.038068963616401406,-0.052088600430349796,-0.5625093411090251,0.8242698422721868,0.0,0.0,0.0,0.0,0.0,0.0
224.6196825504303,0.19900374323649975,-4.043642808518905,0.07965455469389636,0.03830862231103949,-0.051002952913593844,-0.5718382553145609,0.8178827287634017,0.0,0.0,0.0,0.0,0.0,0.0
224.7228546142578,0.13774542447197144,-4.000643700377505,0.062203235630910736,0.020228234236884,-0.03180388925778947,-0.5853324426927962,0.8099168245560558,0.0,0.0,0.0,0.0,0.0,0.0
224.82067847251892,0.03569731751730973,-3.9477462884894727,0.04361633231862167,0.0012417750023694168,-0.02477210912266416,-0.596928925344806,0.8019106301147891,0.0,0.0,0.0,0.0,0.0,0.0
224.91977095603943,0.051603308235915815,-4.004597624792478,0.06256672931394335,0.0011255760018851592,-0.01303573090910855,-0.6064719358737761,0.7949972287975533,0.0,0.0,0.0,0.0,0.0,0.0
225.0192437171936,0.08618803194901029,-4.0375600297221705,0.07608378382002849,0.0019464089444718084,-0.0062355603477486235,-0.6140574353997875,0.7892343095111565,0.0,0.0,0.0,0.0,0.0,0.0
225.0992522239685,0.07898188906542833,-3.9954331343011007,0.07884897398118908,0.00796096481079637,0.0018736176643563967,-0.621776339948727,0.7831521535921605,0.0,0.0,0.0,0.0,0.0,0.0
225.22081804275513,0.04324023498135338,-3.9214952024228347,0.06601240108764274,0.011793442172989903,-0.0016027285552102529,-0.6300030426922568,0.7765014566511343,0.0,0.0,0.0,0.0,0.0,0.0
225.35702252388,0.007342670740983465,-3.8416601782539432,0.06856255793569747,0.017126247207706932,0.00328963600961952,-0.6327412417793171,0.7741669011931579,0.0,0.0,0.0,0.0,0.0,0.0
225.39823007583618,-0.053065484664376925,-3.749702591578984,0.07759926674202121,0.018026096623150276,0.011610811943734372,-0.6344096981171746,0.7726995430446167,0.0,0.0,0.0,0.0,0.0,0.0
225.5180914402008,-0.07860845581985057,-3.7478413843372143,0.0580004900569468,0.016927269693504547,0.021328085525132857,-0.6381045884840324,0.7694680724137446,0.0,0.0,0.0,0.0,0.0,0.0
225.62267994880676,-0.06351252360009502,-3.7707275736780783,0.048569975880745776,0.018023490131655995,0.028529696927025366,-0.6389585992436028,0.7685005651587536,0.0,0.0,0.0,0.0,0.0,0.0
225.7042679786682,-0.10465931190659097,-3.703290421473099,0.05293101418466597,0.012341405571486505,0.022458026040349823,-0.6407447639352608,0.767326185050649,0.0,0.0,0.0,0.0,0.0,0.0
225.82536435127258,-0.1238388523521043,-3.7019503926418698,0.057264243349563294,0.015488469880543044,0.025339874707059895,-0.6420420207794805,0.7660940161650763,0.0,0.0,0.0,0.0,0.0,0.0
225.90136528015137,-0.16237314009503723,-3.675882728539328,0.07122632104826478,0.005746787574389248,0.026364284062763844,-0.640554873101047,0.7674381756890123,0.0,0.0,0.0,0.0,0.0,0.0
225.9987177848816,-0.2346359500452334,-3.6852902043839966,0.09217703224261577,0.003498784936593485,0.020406589261291,-0.6411910786922719,0.767101903415755,0.0,0.0,0.0,0.0,0.0,0.0
226.1040461063385,-0.29201994085423655,-3.6483158666071343,0.11080855450975508,0.0024108486324730494,0.01413273277135359,-0.640893980342776,0.7674955111488423,0.0,0.0,0.0,0.0,0.0,0.0
226.2190978527069,-0.2716454628558521,-3.626529830075693,0.12032027919210982,0.0007551222428970179,0.012945870688491963,-0.6381284565344568,0.7698206980741756,0.0,0.0,0.0,0.0,0.0,0.0
226.32367134094238,-0.19246372300556328,-3.603519037631879,0.1312732087526677,-0.0038768047131891993,0.012943756587265437,-0.6352086419002164,0.772222384294739,0.0,0.0,0.0,0.0,0.0,0.0
226.40169095993042,-0.11859565649944519,-3.6243329739036394,0.1380077277837115,-0.0030811912779977624,0.013136441058025337,-0.6318968258141263,0.7749350564419017,0.0,0.0,0.0,0.0,0.0,0.0
226.52258682250977,-0.10292621922517751,-3.6838055831742,0.16222846364333177,-0.0034272409045582367,0.017089934602653567,-0.6289678358586062,0.777235903449104,0.0,0.0,0.0,0.0,0.0,0.0
226.6017849445343,-0.09750134440018836,-3.7378421317934976,0.1853279293081627,-0.012304843715026504,0.021498618428586247,-0.6272622267810128,0.7784140922930931,0.0,0.0,0.0,0.0,0.0,0.0
226.70363211631775,-0.0628561555958337,-3.7390032704014007,0.17776953630896744,-0.006142220931720813,0.015600071359713806,-0.6270750502124196,0.7787783974255024,0.0,0.0,0.0,0.0,0.0,0.0
226.80392289161682,-0.1171705041251006,-3.660966920343625,0.18774658278850484,-0.009947337897805662,0.01676571162955093,-0.6241314862315803,0.7810760841791311,0.0,0.0,0.0,0.0,0.0,0.0
226.90672755241394,-0.15238988563011788,-3.577802338775902,0.1811349242312235,-0.011706740752387331,0.01571699770065141,-0.6227672566160561,0.7821616663395686,0.0,0.0,0.0,0.0,0.0,0.0
226.99991512298584,-0.16954519689283468,-3.496081865797755,0.15845320596897064,-0.004991712254873285,0.005141053101337827,-0.6207760245408865,0.7839552153898413,0.0,0.0,0.0,0.0,0.0,0.0
227.10580015182495,-0.23621106015924062,-3.248499081153409,0.12950289748829857,-0.0002750770995241118,0.00170661843745999,-0.6217689504032442,0.7831988151807251,0.0,0.0,0.0,0.0,0.0,0.0
227.20219707489014,-0.2648284043979009,-2.9719728200580464,0.10680917375378,-0.002122406213516643,0.0013033649850898552,-0.6200984366724288,0.784520060589871,0.0,0.0,0.0,0.0,0.0,0.0
227.30065155029297,-0.3158266708102384,-2.8444198245369328,0.1039104886363892,-0.0013480377478640767,0.0006788575160033648,-0.6191653579626821,0.7852591810641832,0.0,0.0,0.0,0.0,0.0,0.0
227.43091344833374,-0.3901546004387588,-2.784881774740442,0.09701138174327872,-0.004039786338735456,-0.004557197246564388,-0.6186515480311596,0.7856418867386002,0.0,0.0,0.0,0.0,0.0,0.0
227.50222635269165,-0.4472797644257588,-2.7987041725624513,0.10871056478069449,-0.0019382516850935808,-0.005249086500029951,-0.6172857005872044,0.7867191710653992,0.0,0.0,0.0,0.0,0.0,0.0
227.60124373435974,-0.44289681210038356,-2.786344347717403,0.1368530627828189,-0.005000381259545817,-0.009282528154507752,-0.6166339210448637,0.7871794193670847,0.0,0.0,0.0,0.0,0.0,0.0
227.7119734287262,-0.4182472491244408,-2.7694640044128835,0.1610735547826771,-0.004034345778454457,-0.014376362409879821,-0.6129119992320569,0.7900100793377938,0.0,0.0,0.0,0.0,0.0,0.0
227.80266070365906,-0.2787710511803774,-2.8163958953110195,0.1585570851788974,0.014123783117294078,-0.030701364707451027,-0.615051131392473,0.7877626868088758,0.0,0.0,0.0,0.0,0.0,0.0
227.90840339660645,-0.26296464054574337,-2.821823093054884,0.14848974855219316,0.017772897778641546,-0.03340645254685081,-0.6154475964717291,0.7872689432651975,0.0,0.0,0.0,0.0,0.0,0.0
228.01149678230286,-0.24899324181334875,-2.8081523939476023,0.15410855264657117,0.013726021850626312,-0.03732338317880184,-0.6176694279456284,0.7854317533519444,0.0,0.0,0.0,0.0,0.0,0.0
228.12317943572998,-0.17892515551933222,-2.900278219409201,0.16197289541354937,0.006811581771551883,-0.020502933457784155,-0.6187001534805392,0.7853300912078296,0.0,0.0,0.0,0.0,0.0,0.0
228.206871509552,-0.16819522459714076,-2.9871153472628094,0.16323060777869525,-0.004023838883189659,-0.011517574115406291,-0.6209908033854252,0.7837228951088571,0.0,0.0,0.0,0.0,0.0,0.0
228.31621932983398,-0.1027110113564297,-3.0441100525168534,0.13156383890042106,-0.003880254180201962,-0.0037890985878734577,-0.6216272248762721,0.7832944399470468,0.0,0.0,0.0,0.0,0.0,0.0
228.41028785705566,-0.02708336397044318,-3.119507333416366,0.09881179708349833,0.011546073454899958,-0.009087704392559957,-0.6227363571473059,0.7822937627921462,0.0,0.0,0.0,0.0,0.0,0.0
228.52191042900085,0.07578956244812589,-3.137097106031397,0.10000607584042663,0.014182107504707442,-0.01161320105684417,-0.6272857765706149,0.7785734107327862,0.0,0.0,0.0,0.0,0.0,0.0
228.61671209335327,0.21315121972152354,-3.180274717136493,0.11177437700704185,0.02216104733890131,-0.016339432218965506,-0.6281133593050426,0.7776345663601154,0.0,0.0,0.0,0.0,0.0,0.0
228.70553278923035,0.33151849100672587,-3.153917589000344,0.13548081157141265,0.029986767891783374,-0.013597042854182737,-0.6288389677744721,0.7768381213517447,0.0,0.0,0.0,0.0,0.0,0.0
228.81040263175964,0.4493803263353934,-3.158159434180817,0.15934201652225344,0.030187499398873666,-0.008715964894440945,-0.6300826225985593,0.7758921545777283,0.0,0.0,0.0,0.0,0.0,0.0
228.91696858406067,0.5364620054618014,-3.223813369272402,0.19866725910173239,0.026195208354642414,-0.0039108228161705135,-0.627786204433402,0.7779350860111703,0.0,0.0,0.0,0.0,0.0,0.0
229.00554394721985,0.5995244460879747,-3.3048517878986394,0.2341657374246294,0.018167041056043366,0.01389942802626289,-0.6279626015806666,0.7779072795235933,0.0,0.0,0.0,0.0,0.0,0.0
229.10894131660461,0.6155090223144737,-3.3225550569799296,0.24942937302371734,0.014316440816254519,0.02676816234781677,-0.6250074313322945,0.7800283429377615,0.0,0.0,0.0,0.0,0.0,0.0
229.2065567970276,0.5811437137287487,-3.392693269035563,0.26084515605150244,0.008104606189332963,0.028222078390529533,-0.6223763780514409,0.7821671648013305,0.0,0.0,0.0,0.0,0.0,0.0
229.31950688362122,0.6198779929096868,-3.4876525335373145,0.2467142012187913,0.0167511041155886,0.02322502836129996,-0.6228695363744043,0.7818014704675393,0.0,0.0,0.0,0.0,0.0,0.0
229.40511107444763,0.5767946206574613,-3.710596211446228,0.18836710156628503,0.01769893172108761,0.024726518336828193,-0.6227333303336093,0.7818430446057757,0.0,0.0,0.0,0.0,0.0,0.0
229.5166883468628,0.4700015389755878,-3.97911574733228,0.10788512796784455,0.00914497504678659,0.007410893849086788,-0.623024622247454,0.7821136542454139,0.0,0.0,0.0,0.0,0.0,0.0
229.61591053009033,0.33819889789965873,-4.229448938387185,0.0493231052552125,-0.009814580586007914,-0.007721641627926121,-0.6266785979585769,0.7791777622077706,0.0,0.0,0.0,0.0,0.0,0.0
229.70587801933289,0.27829437176966804,-4.395840346205499,-0.034390397220858314,-0.026324090415521292,-0.028791752781701766,-0.6326091344031104,0.7734880479394924,0.0,0.0,0.0,0.0,0.0,0.0
229.80814242362976,0.16765485079272768,-4.450625697884253,-0.04452794203848846,-0.02480403490619791,-0.021348030564878318,-0.6355453981577424,0.771369605522434,0.0,0.0,0.0,0.0,0.0,0.0
229.90485215187073,0.12482097604997897,-4.37852203169409,0.016286590350254874,-0.03237816039317083,-0.016973202237562553,-0.6343750385164417,0.7721605245300781,0.0,0.0,0.0,0.0,0.0,0.0
230.00573229789734,0.03605644085792037,-4.2345310154961675,0.117473811053213,-0.03277219037667279,-0.015311139972534365,-0.6331592921526431,0.7731758294795343,0.0,0.0,0.0,0.0,0.0,0.0
230.10592031478882,-0.06324660190132558,-4.069925040941446,0.21236831859956523,-0.03170672002920874,-0.014042459269235448,-0.6319810293503971,0.774207641258997,0.0,0.0,0.0,0.0,0.0,0.0
230.2050802707672,-0.04071560312671804,-3.8570787309817516,0.2509153089513513,-0.020789913123173027,-0.00819416949364311,-0.6353136824274577,0.7719308000196972,0.0,0.0,0.0,0.0,0.0,0.0
230.32422423362732,-0.014034589680646274,-3.5877983908596303,0.2780918032032436,-0.010794193980441968,0.009040426312248797,-0.634206261464394,0.7730356873959366,0.0,0.0,0.0,0.0,0.0,0.0
230.40882229804993,-0.04710244243594718,-3.3347103626338344,0.3035553039791864,-0.0035685303915956707,0.026339325359043503,-0.6325661429926938,0.7740501148309249,0.0,0.0,0.0,0.0,0.0,0.0
230.5080966949463,-0.06104419094934435,-3.1971693119847373,0.2936523742628628,0.009265094086480944,0.03614202451300745,-0.6335663088109412,0.7727882274176383,0.0,0.0,0.0,0.0,0.0,0.0
230.60724878311157,-0.08269287601911864,-3.055505855545568,0.27801976368243647,0.02047164673598559,0.039430225936589264,-0.6328071486456783,0.7730338165859107,0.0,0.0,0.0,0.0,0.0,0.0
230.7156856060028,-0.10504655900737839,-2.88563967915196,0.26780169948963334,0.03809489268440762,0.027963738187878506,-0.6315522351923665,0.7738918417462453,0.0,0.0,0.0,0.0,0.0,0.0
230.84592056274414,-0.145342197867437,-2.7113418265659788,0.2745294530068327,0.04371172918629936,0.01775696474655058,-0.6245301690775659,0.7795742702568028,0.0,0.0,0.0,0.0,0.0,0.0
230.9126443862915,-0.17039669090536308,-2.693618768236271,0.2586867068529657,0.047131669332688864,0.003968734043303431,-0.6200563691902372,0.7831302279458855,0.0,0.0,0.0,0.0,0.0,0.0
231.01040625572205,-0.24074425441409825,-2.7809048032360244,0.21692417785684312,0.04956182893750083,-0.017434686538842573,-0.6204676522681887,0.7824701587322104,0.0,0.0,0.0,0.0,0.0,0.0
231.10520315170288,-0.22967620964680233,-2.982139904942914,0.13744395796650316,0.041595806977445776,-0.016880114428530164,-0.6192131567349681,0.7839387202486156,0.0,0.0,0.0,0.0,0.0,0.0
231.20634984970093,-0.22313651132518414,-3.22781881377656,0.09771586582612665,0.03920173641094333,-0.016739137751201633,-0.6207950750197733,0.7828131960824714,0.0,0.0,0.0,0.0,0.0,0.0
231.30737352371216,-0.16139216283080457,-3.509235398687725,0.08618339192902931,0.023449537916756594,-0.009128797968433024,-0.6146577089323305,0.7883924689322869,0.0,0.0,0.0,0.0,0.0,0.0
231.40755105018616,-0.10265998292676178,-3.815820832703101,0.09643248618857636,0.021356945263021187,0.02066882662366034,-0.6129478045419162,0.7895642275345464,0.0,0.0,0.0,0.0,0.0,0.0
231.51775598526,-0.03360427030324446,-4.1094641127306195,0.14389794801825487,0.021031747859328993,0.045362219517283066,-0.6105615318833377,0.7903888602496026,0.0,0.0,0.0,0.0,0.0,0.0
231.6220715045929,-0.0226178319890891,-4.3264067612923105,0.22839446967112664,0.02749725202281846,0.06005682602707145,-0.6154525960114591,0.7854012865035618,0.0,0.0,0.0,0.0,0.0,0.0
231.72216868400574,-0.05067039648773083,-4.510405812739804,0.27296241983772795,0.0320709390263986,0.06360286812500443,-0.6232118809609918,0.7788023378658077,0.0,0.0,0.0,0.0,0.0,0.0
231.81702733039856,-0.05021290876124697,-4.615066013904023,0.2763742661295082,0.028567643921414566,0.058138973453430096,-0.6278522277114791,0.7756322128716939,0.0,0.0,0.0,0.0,0.0,0.0
231.91136288642883,-0.08813682400959594,-4.749044532745901,0.2563631112293063,0.021285982133239897,0.04773319900489883,-0.6347050573504986,0.7709850445054232,0.0,0.0,0.0,0.0,0.0,0.0
232.01321649551392,-0.18234288417281913,-4.87528560170273,0.23062682849628724,0.006355241638276238,0.021605099209505593,-0.6393800779673456,0.7685609582136507,0.0,0.0,0.0,0.0,0.0,0.0
232.1093192100525,-0.2361702751841811,-5.012098228482148,0.19948236462970007,-0.014956650405861166,-0.0035687894585002032,-0.6414825443719747,0.766983511958661,0.0,0.0,0.0,0.0,0.0,0.0
232.2168469429016,-0.27466406164008134,-5.065919506341825,0.19436549543982268,-0.02377193826101409,-0.008214456201045415,-0.6418233980655874,0.7664399150332166,0.0,0.0,0.0,0.0,0.0,0.0
232.3219850063324,-0.2949298272637385,-5.041386453842446,0.23399924649228776,-0.026838842631515314,-0.011410522714833397,-0.637546689868975,0.769859529222464,0.0,0.0,0.0,0.0,0.0,0.0
232.40675354003906,-0.3143711178518978,-5.060174791213219,0.295328954003847,-0.02866528612542668,-0.019260751378367864,-0.636009074931561,0.770908413128521,0.0,0.0,0.0,0.0,0.0,0.0
232.5140724182129,-0.281350212437175,-5.059408252448101,0.3402120400842818,-0.030351172781338653,-0.01392040412830256,-0.6367276629413773,0.7703654404922773,0.0,0.0,0.0,0.0,0.0,0.0
232.62532377243042,-0.2448274251285286,-5.059015789623284,0.38635112676444916,-0.025863534800180162,-0.00961305703953051,-0.6363551490364802,0.7709025820404934,0.0,0.0,0.0,0.0,0.0,0.0
232.70809936523438,-0.15534010919962862,-5.130199650957991,0.39455266210661377,-0.02684644275927363,-0.005890513156465273,-0.6370749678766,0.7703116613883639,0.0,0.0,0.0,0.0,0.0,0.0
232.81156611442566,-0.06887403431481966,-5.201207566306503,0.39691886962293366,-0.022530151928848635,-0.008137789798027333,-0.6405684226472937,0.7675273705467249,0.0,0.0,0.0,0.0,0.0,0.0
232.89155435562134,-0.014120263130789653,-5.202884108392548,0.4067311429065473,-0.025488833164365916,-0.0007135777420961282,-0.6419195781224086,0.76634787493267,0.0,0.0,0.0,0.0,0.0,0.0
233.00184273719788,0.03149544075444342,-5.2142543976216995,0.4012006711219009,-0.02715487051217905,0.007159529793612937,-0.6372727623375861,0.7701264704729801,0.0,0.0,0.0,0.0,0.0,0.0
233.11643767356873,0.03053071473061477,-5.262316606710489,0.40815268796312393,-0.02724985034869495,-0.00031154188860706107,-0.6402015246858744,0.7677234895373815,0.0,0.0,0.0,0.0,0.0,0.0
233.21069431304932,0.009623975218312642,-5.276790292861905,0.4267503997759093,-0.022243357192158107,-0.001285774218128636,-0.6388111118908895,0.7690409242492582,0.0,0.0,0.0,0.0,0.0,0.0
233.2913477420807,-0.038114153175155915,-5.30047377687603,0.465994456355864,-0.02139614434189684,-0.004187240390462549,-0.6400299587410408,0.7680405744093869,0.0,0.0,0.0,0.0,0.0,0.0
233.45120239257812,-0.04617708919557318,-5.262314947663008,0.5184157591498356,-0.015385539357249312,-0.005279949781522671,-0.6394544270326888,0.7686569085471313,0.0,0.0,0.0,0.0,0.0,0.0
233.509343624115,-0.08046059413037586,-5.149824842107682,0.5626411852309141,-0.009143669280054558,-0.003034470345094965,-0.6369038100180128,0.7708830793877288,0.0,0.0,0.0,0.0,0.0,0.0
233.58960843086243,-0.10387406629648518,-5.06571362237114,0.5912606221986311,-0.007808821829099822,-0.004650024789043536,-0.635541083713592,0.77201355589342,0.0,0.0,0.0,0.0,0.0,0.0
233.6893928050995,-0.17200756939821182,-4.935983996266911,0.5970595458071578,-0.0017765007715428785,-0.010540912888612036,-0.6341401031777849,0.7731442703287008,0.0,0.0,0.0,0.0,0.0,0.0
233.82123732566833,-0.25281860021884617,-4.817468639415475,0.5755155622841983,-0.004183731659902765,-0.010592239263349026,-0.6388953153899368,0.7692093842573209,0.0,0.0,0.0,0.0,0.0,0.0
233.93159890174866,-0.27867743406558265,-4.8187537667364735,0.5044069838153499,-0.0034675911821742435,0.008151842033973917,-0.6415212326731844,0.7670541254124592,0.0,0.0,0.0,0.0,0.0,0.0
233.99267387390137,-0.308884220610782,-4.8759598241502635,0.3986551063042109,-0.008575347888137191,0.004525355393850479,-0.6420892586784543,0.7665685673551049,0.0,0.0,0.0,0.0,0.0,0.0
234.11001539230347,-0.2957319769442102,-4.950061732129833,0.30513521925734116,-0.007075698313612944,-0.0007686377267662894,-0.6429625992507172,0.7658645047618603,0.0,0.0,0.0,0.0,0.0,0.0
234.19057178497314,-0.23721182244572037,-5.022740659300726,0.22860301398410848,-0.014170149003660162,-0.0031775498866337825,-0.6399432233721931,0.7682849607495175,0.0,0.0,0.0,0.0,0.0,0.0
234.29393219947815,-0.19413983276978858,-5.040226861892873,0.19773576285523398,-0.014070896268656435,-0.0060070844082682935,-0.640254401108974,0.7680105641692992,0.0,0.0,0.0,0.0,0.0,0.0
234.4063205718994,-0.15422648404951775,-5.0423534045780425,0.1677618621644253,-0.008783923657315692,-0.0011092350504013947,-0.6405473726536346,0.7678676159789904,0.0,0.0,0.0,0.0,0.0,0.0
234.50697946548462,-0.10782241713659307,-5.035879360767252,0.1409702557738639,-0.005752828866377726,-0.002630877644474343,-0.640146001577109,0.7682272320789211,0.0,0.0,0.0,0.0,0.0,0.0
234.60190844535828,-0.032930207909334284,-5.007672572511444,0.1549099161862279,-0.007443803247564634,0.004746075016903654,-0.6391403725795755,0.7690394324766016,0.0,0.0,0.0,0.0,0.0,0.0
234.70756077766418,0.021572239532334468,-4.969802996154358,0.1682456118838643,-0.009797899395809717,0.005405627490709619,-0.6359730836634394,0.7716301038803655,0.0,0.0,0.0,0.0,0.0,0.0
234.81612014770508,0.042029515189043104,-4.958464567577311,0.18179365189711405,-0.013015048708665164,0.0026887365140495422,-0.6349248450330733,0.772459591410932,0.0,0.0,0.0,0.0,0.0,0.0
234.89425325393677,0.08288244041826838,-4.928754860954475,0.18693313799760955,-0.01574995316624368,0.0036319869673598604,-0.6333195429190396,0.7737215934706079,0.0,0.0,0.0,0.0,0.0,0.0
234.99261379241943,0.15162348666652728,-4.872344516069558,0.2014826966850036,-0.012258904029700127,0.005936859681906277,-0.6340771780599492,0.7731497948215383,0.0,0.0,0.0,0.0,0.0,0.0
235.09379315376282,0.20926067915204688,-4.805022039589204,0.2120801403683626,-0.009558393608986932,0.006405719844121068,-0.6329948805428581,0.7740704651847761,0.0,0.0,0.0,0.0,0.0,0.0
235.2286412715912,0.2867397650593238,-4.747448084227321,0.21772903519974213,-0.010650744038140635,0.008554393734659485,-0.6328877844281766,0.7741230111040552,0.0,0.0,0.0,0.0,0.0,0.0
235.3004927635193,0.30225121910704117,-4.765262850220286,0.19420280665445436,-0.010194395450738955,0.006456620582263,-0.6324188504871008,0.7745326228769025,0.0,0.0,0.0,0.0,0.0,0.0
235.4062876701355,0.28121995963295937,-4.790677795863253,0.15525170596659477,-0.0027767138659352537,0.0005071334409722161,-0.6362713607789293,0.7714601662615244,0.0,0.0,0.0,0.0,0.0,0.0
235.50686979293823,0.24166914267526837,-4.754963980298617,0.13541801537726345,-0.003226498978382719,0.004691984944530021,-0.6385253204251959,0.7695797490562452,0.0,0.0,0.0,0.0,0.0,0.0
235.5895540714264,0.16982940284524098,-4.699833500336382,0.12787951059871297,-0.005733314604702309,0.00740388938056329,-0.63882863663965,0.7692920671206485,0.0,0.0,0.0,0.0,0.0,0.0
235.6906144618988,0.0717573894013544,-4.65890713588541,0.10397752608530267,0.011570281720167304,0.005864850942760626,-0.6356250059674822,0.7718889712213303,0.0,0.0,0.0,0.0,0.0,0.0
235.78968453407288,-0.0646885528833956,-4.645048236285644,0.09315347330617507,0.021580173447606668,0.0036357289119620826,-0.6344401998002718,0.7726620933283783,0.0,0.0,0.0,0.0,0.0,0.0
235.89108037948608,-0.1703599781043848,-4.606107387368498,0.11143420568294599,0.02232737776452006,0.0021359418413265936,-0.6352826100982881,0.7719539696518617,0.0,0.0,0.0,0.0,0.0,0.0
236.00271272659302,-0.2395039104571106,-4.567077436092777,0.13935601630214642,0.023433515882505515,0.007992583056018321,-0.6346485232890012,0.7724041952478755,0.0,0.0,0.0,0.0,0.0,0.0
236.09861660003662,-0.24727620698152472,-4.5812286702736245,0.1503432426294715,0.02219568761106406,0.010171780731289496,-0.6309341592962626,0.7754521087477265,0.0,0.0,0.0,0.0,0.0,0.0
236.202246427536,-0.21982330274421077,-4.601159783116177,0.17524532994243056,0.019860039652970472,0.013835090444034403,-0.6314728049866802,0.7750201711307864,0.0,0.0,0.0,0.0,0.0,0.0
236.29836869239807,-0.1505151297469351,-4.639311225046993,0.19701244733671466,0.017450711376612235,0.021823659729529456,-0.633335495490662,0.7733727113753163,0.0,0.0,0.0,0.0,0.0,0.0
236.39012598991394,-0.016270226169968337,-4.7340214425256315,0.2200016108978386,0.012044999166698966,0.026715716416767017,-0.6362999834756002,0.7708848938202868,0.0,0.0,0.0,0.0,0.0,0.0
236.49840998649597,0.16145200492731213,-4.722641619664669,0.2525933880144995,0.015301628995494245,0.03424232431881967,-0.6385158867188833,0.7686942082407532,0.0,0.0,0.0,0.0,0.0,0.0
236.6039423942566,0.2954907286466,-4.709860988434591,0.25740751275786017,0.014922490664456608,0.033405739361134335,-0.6408916032015914,0.766758976990651,0.0,0.0,0.0,0.0,0.0,0.0
236.7040660381317,0.429413424222069,-4.7009524464162356,0.23775970575013988,0.014360281395423566,0.03266512532780025,-0.6398069888137015,0.7677068379079721,0.0,0.0,0.0,0.0,0.0,0.0
236.7906048297882,0.498065823287864,-4.65191353776788,0.25155190807230293,0.022656107480547808,0.03504994802801914,-0.6338466671243944,0.7723319263841876,0.0,0.0,0.0,0.0,0.0,0.0
236.89480638504028,0.5151746320038093,-4.602362913860478,0.2773044269304823,0.014283894601338207,0.0216964196353983,-0.6302488702343039,0.7759585023043153,0.0,0.0,0.0,0.0,0.0,0.0
236.99165225028992,0.5188570461076416,-4.544237739773269,0.2786438912193555,0.012150645814823814,0.01602885819108853,-0.6249929066218219,0.780371260480375,0.0,0.0,0.0,0.0,0.0,0.0
237.1048493385315,0.5034319901723017,-4.460179561512741,0.3067416156291326,0.01621907406621107,0.007332909421256912,-0.6217354175364187,0.7830250574896177,0.0,0.0,0.0,0.0,0.0,0.0
237.19369053840637,0.5245583904950369,-4.313751780924952,0.3569917040857837,0.01673376170828085,-0.013785630277636062,-0.6196634266239897,0.7845681457473938,0.0,0.0,0.0,0.0,0.0,0.0
237.29482793807983,0.5782527485443729,-4.15759962910593,0.397437589536927,0.013906986674681676,-0.02264216257381145,-0.6153098120670635,0.7878373965289769,0.0,0.0,0.0,0.0,0.0,0.0
237.42528891563416,0.62263059465273,-3.991707938395981,0.4003911582025512,0.014949136526751347,-0.029786361959690717,-0.6131757752869832,0.7892431593365054,0.0,0.0,0.0,0.0,0.0,0.0
237.507479429245,0.7321075133196627,-3.8156762926118755,0.3689190349415441,0.010778677825944294,-0.0318251848272291,-0.6126258248793726,0.7896585188585348,0.0,0.0,0.0,0.0,0.0,0.0
237.59346747398376,0.8642822918980372,-3.738182154894376,0.33126926691457725,0.013862274992530987,-0.025536519684867115,-0.6131614716185544,0.7894230381848087,0.0,0.0,0.0,0.0,0.0,0.0
237.7120168209076,0.9319787756737614,-3.723295824698141,0.30249871207011,0.0077205076512465364,-0.01975866956987053,-0.6155089427454676,0.7878443565443253,0.0,0.0,0.0,0.0,0.0,0.0
237.80450558662415,0.8996498495352023,-3.724483137665227,0.26752380004141657,-0.0017994304598955766,-0.014389993633646885,-0.6165294017488027,0.7871983148562097,0.0,0.0,0.0,0.0,0.0,0.0
237.91039514541626,0.8491111976658313,-3.7614627801852545,0.2228436239406647,-0.0025347322210357223,-0.007085495669095099,-0.616298117497975,0.7874769845856401,0.0,0.0,0.0,0.0,0.0,0.0
238.01514887809753,0.8034805257385946,-3.8874978795143234,0.19081991781852062,-0.005917594502255088,-0.014622182236264793,-0.6182063023828215,0.7858575835073841,0.0,0.0,0.0,0.0,0.0,0.0
238.11052060127258,0.7367585259070424,-4.0093677242531065,0.17516012182888072,-0.008043663886603904,-0.007343272046818354,-0.6187889220076547,0.7854817921680167,0.0,0.0,0.0,0.0,0.0,0.0
238.19236969947815,0.6822035481596281,-4.1196340890170795,0.1646222740783994,-0.008367118017296121,-0.009941927671103438,-0.6187422360460084,0.7854865974305365,0.0,0.0,0.0,0.0,0.0,0.0
238.29238486289978,0.6445196267984004,-4.270817533081111,0.13256122013769436,-0.011222943570829008,-0.013460498965028546,-0.6177129501605483,0.7862083513351408,0.0,0.0,0.0,0.0,0.0,0.0
238.4067041873932,0.5964465141625613,-4.490291423345038,0.08824371176617914,-0.011396865934113914,-0.006474764429629654,-0.6195319750912068,0.7848619755804194,0.0,0.0,0.0,0.0,0.0,0.0
238.5290207862854,0.5495704922067489,-4.717203589061166,0.07581863343164216,-0.011134052759316693,-0.007162687408798803,-0.6185282776069225,0.7856510030406634,0.0,0.0,0.0,0.0,0.0,0.0
238.59457993507385,0.48981976923573645,-4.893816273886926,0.1137984949717576,-0.009941699403365813,-0.009538391218724773,-0.6201947994863152,0.7843268402879062,0.0,0.0,0.0,0.0,0.0,0.0
238.69352746009827,0.45360417882570503,-5.023423437693363,0.16018293520230448,-0.012800719990746222,-0.004058534278525376,-0.624994604904129,0.7805135576707879,0.0,0.0,0.0,0.0,0.0,0.0
238.792959690094,0.4830587091636997,-5.134929046859287,0.16233577711561448,-0.010486772176677334,-0.0006403676587281175,-0.6288690592641896,0.7774402381139657,0.0,0.0,0.0,0.0,0.0,0.0
238.89706778526306,0.46298550112103426,-5.21450322867421,0.1659078895714346,-0.007816440236570443,-0.004728410318983875,-0.6311627930747082,0.7755965923313268,0.0,0.0,0.0,0.0,0.0,0.0
238.9975368976593,0.4686013284394081,-5.191202424491073,0.1620260679042876,-0.004655812819817686,-0.0026911924158959486,-0.6361589667413511,0.7715392730930121,0.0,0.0,0.0,0.0,0.0,0.0
239.0999948978424,0.36773350315746767,-5.134623193416206,0.17507243268702963,-0.007697623534428018,-0.0029514956457811596,-0.6388330128437002,0.7693012524144005,0.0,0.0,0.0,0.0,0.0,0.0
239.21112656593323,0.2628361550855223,-5.07553684940676,0.17250553703426905,-0.010074254000990468,0.0013159902501550529,-0.637502504312152,0.7703812916807294,0.0,0.0,0.0,0.0,0.0,0.0
239.30020189285278,0.1503777186669018,-5.042183609611385,0.1664709511131823,-0.012345953183904046,0.0023299491124288535,-0.6372678194267205,0.7705399892933377,0.0,0.0,0.0,0.0,0.0,0.0
239.39792704582214,-0.007108745093706998,-4.994235536051995,0.18268401253641212,-0.008321596342845176,-0.008296582143691422,-0.6379040877343105,0.770026163588515,0.0,0.0,0.0,0.0,0.0,0.0
239.4974865913391,-0.16414140162323576,-4.839350450136155,0.19938754236517356,-0.010611282547288348,-0.006840186114756759,-0.637456253245165,0.7703831110137362,0.0,0.0,0.0,0.0,0.0,0.0
239.63253140449524,-0.27916084075250414,-4.689332093973471,0.187844295661339,-0.0073905823004904074,-0.012190860953809767,-0.6386234871223598,0.7693872912247067,0.0,0.0,0.0,0.0,0.0,0.0
239.71101999282837,-0.3556303101010801,-4.541131845420559,0.1592137996510132,-0.009036310458158118,-0.006742252127152388,-0.6372435594719991,0.7705799978204502,0.0,0.0,0.0,0.0,0.0,0.0
239.79374647140503,-0.3836840063680941,-4.437532571557344,0.11708562385259445,-0.004981537264611065,-0.004478691453083833,-0.6369267009852939,0.7708952608372225,0.0,0.0,0.0,0.0,0.0,0.0
239.90261030197144,-0.4274680966195751,-4.435459562882937,0.08364107931955464,-0.015546797271166328,-0.009860090708313889,-0.638546030297375,0.7693634010643128,0.0,0.0,0.0,0.0,0.0,0.0
240.0257649421692,-0.4176874388744979,-4.436043772190882,0.06207518331705011,-0.02898145493952247,-0.007990672862523902,-0.6376765809234763,0.7697173523823446,0.0,0.0,0.0,0.0,0.0,0.0
240.093909740448,-0.38270580367408735,-4.4228563750191565,0.05277011908791386,-0.029553456107697978,-0.006534521754793049,-0.6382809156885769,0.769208272137805,0.0,0.0,0.0,0.0,0.0,0.0
240.20062971115112,-0.32297068607912566,-4.344263935809246,0.05751835648565078,-0.028554567536056005,-0.0113302203445837,-0.6381512040482787,0.7692979289920473,0.0,0.0,0.0,0.0,0.0,0.0
240.30558395385742,-0.2380869696806158,-4.2885160309074495,0.06478938667515911,-0.028640686049444215,-0.0040187430393181294,-0.6366115807634558,0.7706421063274469,0.0,0.0,0.0,0.0,0.0,0.0
240.41191697120667,-0.13145785119600173,-4.2306074271100025,0.0637235467875962,-0.03128905490479554,-0.0022987955708450984,-0.6366177969395767,0.7705410379738621,0.0,0.0,0.0,0.0,0.0,0.0
240.5118224620819,-0.12664236881002847,-4.190425433688724,0.046990427901718604,-0.03655404079933765,-0.001252391868975763,-0.6354832339881985,0.7712478803443779,0.0,0.0,0.0,0.0,0.0,0.0
240.60895895957947,-0.130680241835174,-4.183893780320123,0.03555449095077592,-0.03767770227055364,0.008692157511270606,-0.6378693351777234,0.7691732889208315,0.0,0.0,0.0,0.0,0.0,0.0
240.69523644447327,-0.10193533974420557,-4.291390818520176,0.0301770030773605,-0.031214711407434977,0.0024802140575754346,-0.6373490753430433,0.7699387290488094,0.0,0.0,0.0,0.0,0.0,0.0
240.79994130134583,-0.008020053119208967,-4.350851968144814,0.03928731098047477,-0.015449909003022459,-0.010913919653623972,-0.6387136058219515,0.7692120100514955,0.0,0.0,0.0,0.0,0.0,0.0
240.91207361221313,0.006564376541061618,-4.402649882558384,0.052828441889969546,-0.01538319004799963,-0.004471192452271532,-0.6423997757266674,0.7662022540088732,0.0,0.0,0.0,0.0,0.0,0.0
241.00442004203796,0.07657106066561618,-4.655205152295499,0.09140411284212259,-0.032467528610210745,-0.002404157868011149,-0.6397211615707588,0.7679172579447588,0.0,0.0,0.0,0.0,0.0,0.0
241.12655997276306,0.08891164070401539,-5.070584619019384,0.0782673215133784,-0.02210363723931374,-0.005084896781377971,-0.6417895377532394,0.7665453426092589,0.0,0.0,0.0,0.0,0.0,0.0
241.19931626319885,-0.0013612275662457755,-5.404989080266344,0.04560148794096216,0.002554991482352869,-0.008606908684127425,-0.6494011168155985,0.76039304482618,0.0,0.0,0.0,0.0,0.0,0.0
241.27771663665771,-0.029398695898538947,-5.670940909032117,0.02755242193533221,-0.005486995431499348,-0.020547766966491448,-0.6587109077520419,0.7520954873965501,0.0,0.0,0.0,0.0,0.0,0.0
241.3849847316742,0.010699250254888926,-5.88564768384331,0.018786912488862967,-0.00654441967496793,-0.010571380749441467,-0.6574768267912863,0.7533721780850263,0.0,0.0,0.0,0.0,0.0,0.0
241.50455904006958,0.007918864094827496,-6.025017883209085,0.01545010965321363,-0.005308437439751822,-0.015465029692529718,-0.6583288853316057,0.7525528101645429,0.0,0.0,0.0,0.0,0.0,0.0
241.5952970981598,0.02667268632507778,-6.094061453120791,0.022664172195880655,-0.00405651470629423,-0.012033852720016497,-0.6610122372637801,0.7502676544171619,0.0,0.0,0.0,0.0,0.0,0.0
241.69565892219543,0.04255772567925598,-6.126644561533795,0.019833291699445057,-0.003559219165108834,-0.014262511328182096,-0.661195846295912,0.7500693071780288,0.0,0.0,0.0,0.0,0.0,0.0
241.796471118927,0.07490755058219084,-6.112223507454842,0.013592585560804456,-0.004959864426470585,-0.012552816594445688,-0.6604413194790493,0.750756345337911,0.0,0.0,0.0,0.0,0.0,0.0
241.8972270488739,0.10283253298919898,-6.083790178628421,0.00797603496094616,-0.006810317368818117,-0.011879395257880957,-0.6624133310857672,0.749013403314953,0.0,0.0,0.0,0.0,0.0,0.0
242.0079529285431,0.13871710695474093,-6.049814266726334,0.012761205043596385,-0.004020217291235645,-0.013204932027642575,-0.6625741544993081,0.748869119013831,0.0,0.0,0.0,0.0,0.0,0.0
242.09488892555237,0.16985992555254725,-6.012126090549866,0.014596275413757645,-0.004985911826795182,-0.013988044905535717,-0.663350087821986,0.748161838287337,0.0,0.0,0.0,0.0,0.0,0.0
242.19358944892883,0.18156582705082105,-5.96736984314694,0.018810698328758164,-0.0034174732893169613,-0.014035506496393395,-0.6603469545673264,0.7508216998910673,0.0,0.0,0.0,0.0,0.0,0.0
242.31134486198425,0.17517350655562244,-5.9189019365258,0.02307461820126036,-0.004822397671789099,-0.012049225165098005,-0.6594540202283627,0.7516328597514973,0.0,0.0,0.0,0.0,0.0,0.0
242.40301299095154,0.1773464619452774,-5.881715597138409,0.030515179779073018,-0.0020556563937262798,-0.012224489559984416,-0.6582632973596892,0.7526857029869013,0.0,0.0,0.0,0.0,0.0,0.0
242.4828200340271,0.1771965864451829,-5.851410960901966,0.032087482710736866,-0.002253078645453645,-0.009825204821863942,-0.6584497678392913,0.7525571687381338,0.0,0.0,0.0,0.0,0.0,0.0
242.58505654335022,0.163303682359112,-5.8525100099325345,0.033676990417424134,-0.002835960100910229,-0.010888521765680148,-0.6572942428287893,0.7535500486153124,0.0,0.0,0.0,0.0,0.0,0.0
242.67529392242432,0.15587634311249238,-5.835741431105164,0.03270547497274153,-0.0010865503555086379,-0.011512225523777248,-0.6577057917222007,0.7531861520280589,0.0,0.0,0.0,0.0,0.0,0.0
242.8060712814331,0.13744584745861607,-5.823930281414395,0.03845388031092207,-6.238858723506286e-05,-0.012111645887692311,-0.6558011174448306,0.7548365376024224,0.0,0.0,0.0,0.0,0.0,0.0
242.8900282382965,0.1416308399617782,-5.799011223702242,0.038466684964986717,-0.002000563397896195,-0.011525518904881236,-0.6555316345121169,0.7550771062043157,0.0,0.0,0.0,0.0,0.0,0.0
242.97495412826538,0.14029086616153358,-5.790009661265693,0.04106112174146054,-0.00031044455510005636,-0.010823215414435889,-0.6562458164993024,0.7544694758301241,0.0,0.0,0.0,0.0,0.0,0.0
243.08699321746826,0.1422866068630995,-5.775429947139482,0.040257339410717914,-3.889099004199061e-05,-0.011984942002803091,-0.65503262211258,0.7555055417539607,0.0,0.0,0.0,0.0,0.0,0.0
243.21687054634094,0.14799174677371119,-5.767092873821194,0.04081535850800794,0.0003321697664499342,-0.010820214719357787,-0.6556842722030399,0.7549575801342683,0.0,0.0,0.0,0.0,0.0,0.0
243.2799572944641,0.15150599571742646,-5.757252122329014,0.03971518343497767,-2.2210545178224385e-05,-0.011634607924334996,-0.6558784189969386,0.7547768775599594,0.0,0.0,0.0,0.0,0.0,0.0
243.37809443473816,0.15323285177930784,-5.751690188422668,0.039241748585366235,-0.001023705324210718,-0.010643230560184676,-0.6569746759787439,0.7538368184117981,0.0,0.0,0.0,0.0,0.0,0.0
243.47565484046936,0.14934636290345019,-5.753869830574896,0.03601913538183058,0.0005337402110420646,-0.010095579170168885,-0.6557956111377367,0.7548707908079595,0.0,0.0,0.0,0.0,0.0,0.0
243.57371163368225,0.1529477024139776,-5.753963214714357,0.0396095134640555,-0.00032884693441260604,-0.012251254302789772,-0.6551130372807723,0.7554314707585396,0.0,0.0,0.0,0.0,0.0,0.0
243.68623638153076,0.15574210601251093,-5.7432318400445155,0.043473701712701325,0.00024317422693667507,-0.013361240535007972,-0.6522547707099617,0.7578820041429293,0.0,0.0,0.0,0.0,0.0,0.0
243.8005850315094,0.15678276100613062,-5.739587019980266,0.04466331290331759,0.0014989766958943252,-0.013530347167010407,-0.6500463930650001,0.7597725775766954,0.0,0.0,0.0,0.0,0.0,0.0
243.9150104522705,0.1478121950992907,-5.739142480161958,0.05044543675517341,0.0011291010806662083,-0.011617388085516284,-0.6526104930469355,0.7576036600953053,0.0,0.0,0.0,0.0,0.0,0.0
243.9946825504303,0.15387076082251397,-5.732988946692806,0.05208098615950783,-0.0005212822395858294,-0.011823606985491335,-0.6534890790171014,0.7568434145766261,0.0,0.0,0.0,0.0,0.0,0.0
244.0768210887909,0.16583869956049122,-5.741254988943206,0.04453699147408036,-0.0004591081380354009,-0.011175759215828932,-0.6539441971216204,0.7564600972137087,0.0,0.0,0.0,0.0,0.0,0.0
244.1950330734253,0.16752580726820263,-5.734707241282434,0.04694022414519151,0.0016122064529664854,-0.012859830491280269,-0.6527085983468468,0.7574981922051894,0.0,0.0,0.0,0.0,0.0,0.0
244.28963088989258,0.18392080038764433,-5.736632568233733,0.043443533198880856,-0.0001237672128904274,-0.011573437472136136,-0.6521490043455284,0.7580024514194118,0.0,0.0,0.0,0.0,0.0,0.0
244.3874590396881,0.18372462554967395,-5.727435958856823,0.04138654581858539,0.00016129246484863468,-0.012237381187158078,-0.6518402577399878,0.7582575412587947,0.0,0.0,0.0,0.0,0.0,0.0
244.47798943519592,0.19703418625792132,-5.7281170244378155,0.04961494694106025,0.0014421323443793066,-0.015028386470276675,-0.6517012086299487,0.7583255254339069,0.0,0.0,0.0,0.0,0.0,0.0
244.59310603141785,0.192828143607125,-5.703987521631542,0.04896651727168116,0.000817159669103914,-0.013006562221422081,-0.6528412096537448,0.757382675116771,0.0,0.0,0.0,0.0,0.0,0.0
244.67566657066345,0.1827321506229869,-5.688934013746357,0.04698046036748096,0.0005159197071963544,-0.013753674424421004,-0.6508680360669477,0.7590661169443566,0.0,0.0,0.0,0.0,0.0,0.0
244.78578805923462,0.16680937094331055,-5.669331172312044,0.041845686448420155,-0.00020796489071258026,-0.012059338433537195,-0.6507159478298695,0.7592254502761157,0.0,0.0,0.0,0.0,0.0,0.0
244.88729119300842,0.15633162227736772,-5.670345084374673,0.03616839860896028,0.0002416678048105265,-0.010568875393881632,-0.6512337955840627,0.7588035213141158,0.0,0.0,0.0,0.0,0.0,0.0
244.98028826713562,0.15507339603839868,-5.667604231888859,0.030199415411884898,0.0003644865359905185,-0.011959057146518695,-0.651130836341971,0.7588711893768814,0.0,0.0,0.0,0.0,0.0,0.0
245.09199929237366,0.1453542296273462,-5.657341154953364,0.02728858874028041,-0.0006849382140774997,-0.010794816056008696,-0.649292576621627,0.7604618022951278,0.0,0.0,0.0,0.0,0.0,0.0
245.19246435165405,0.14194170170572598,-5.654658844773521,0.02832899400292854,-0.00123851732162684,-0.011510826951991416,-0.6497407517619812,0.7600677091137648,0.0,0.0,0.0,0.0,0.0,0.0
245.28985738754272,0.1398246438714972,-5.647622312301967,0.02137220561742205,-0.0027347258451854107,-0.011558073510314824,-0.6500769578045847,0.7597755465548776,0.0,0.0,0.0,0.0,0.0,0.0
245.39073657989502,0.15468778312588236,-5.658066894352005,0.026622299194053407,-0.0015434135640349787,-0.01026668298833532,-0.6510937632608403,0.7589262971710552,0.0,0.0,0.0,0.0,0.0,0.0
245.4760971069336,0.16031552376463026,-5.672448728306232,0.03030743578944083,-0.0006338041342699078,-0.011466318022222702,-0.6504802799335037,0.759436322057951,0.0,0.0,0.0,0.0,0.0,0.0
245.581538438797,0.17657908930345792,-5.67948102111537,0.031597075253494714,-0.0006059614418952597,-0.010089760339847514,-0.651039959514411,0.7589761528944335,0.0,0.0,0.0,0.0,0.0,0.0
245.68939757347107,0.1981882906615774,-5.683861939807782,0.035475695097520715,0.0005096053137513234,-0.011626755544804827,-0.6506585694421555,0.7592812291037873,0.0,0.0,0.0,0.0,0.0,0.0
245.7773039340973,0.2042824888263452,-5.69051010033518,0.03347987858163539,-0.00045930772978361684,-0.01163392406802992,-0.6501357021707066,0.759728905340672,0.0,0.0,0.0,0.0,0.0,0.0
245.8927640914917,0.20950499784271018,-5.693487486133129,0.039076941401155314,-0.0003391818565989178,-0.011322462689495608,-0.6515258987273793,0.7585418182814568,0.0,0.0,0.0,0.0,0.0,0.0
246.00286221504211,0.205489007071913,-5.699951782062399,0.03286811489750022,-0.00022403494662459175,-0.011658961838433745,-0.6528899106952358,0.7573630456587542,0.0,0.0,0.0,0.0,0.0,0.0
246.07800817489624,0.19908083240911767,-5.701082690803438,0.036100478885238096,0.0003247202155704324,-0.01199575695927028,-0.652625056960338,0.757585989442265,0.0,0.0,0.0,0.0,0.0,0.0
246.18030548095703,0.1862981972460258,-5.695998496304973,0.039565021458268554,0.0008957109845827506,-0.011398768907499603,-0.6516844161933258,0.7584040397175729,0.0,0.0,0.0,0.0,0.0,0.0
246.29153418540955,0.18750721367489015,-5.700534420053948,0.04110314756590645,-0.0013239876116194265,-0.01162767423174086,-0.6509342319518444,0.7590439183090606,0.0,0.0,0.0,0.0,0.0,0.0
246.38193440437317,0.1841040998752078,-5.694934254363281,0.037847989795902044,-0.001134269043115961,-0.01240699680051476,-0.6510477569345436,0.7589345149975547,0.0,0.0,0.0,0.0,0.0,0.0
246.4816551208496,0.1781621367657961,-5.690178061891743,0.038142944082578394,0.001046582043866915,-0.01200014693453365,-0.6506611194611435,0.7592726840609315,0.0,0.0,0.0,0.0,0.0,0.0
246.58791208267212,0.17244859788183792,-5.6977852059191605,0.03936485407312783,0.0005907954983360393,-0.011121095600504801,-0.6516563122917882,0.7584326092959979,0.0,0.0,0.0,0.0,0.0,0.0
246.70397114753723,0.15156625141775343,-5.706244399400987,0.039395974988955765,0.001578818971909037,-0.012846173180048118,-0.6520567884463858,0.7580596466019097,0.0,0.0,0.0,0.0,0.0,0.0
246.7828652858734,0.14619168528240928,-5.707248520869179,0.03730201574360524,8.676805603726724e-06,-0.011312424317027853,-0.6520443566504466,0.758096422588205,0.0,0.0,0.0,0.0,0.0,0.0
246.88948273658752,0.1411973902025458,-5.7079003907267305,0.043229255373252326,0.0008712870384645848,-0.011515763008341682,-0.6514542026333773,0.7586000592752993,0.0,0.0,0.0,0.0,0.0,0.0
246.97954773902893,0.15572691724560192,-5.708584995677492,0.050614014948726346,0.0004582893165285463,-0.012212521605488498,-0.6529282557118072,0.757321158545052,0.0,0.0,0.0,0.0,0.0,0.0
247.08115792274475,0.1582154773810815,-5.708263599099364,0.04968438537657355,0.0002629304308920803,-0.01353921452746269,-0.6516438916709653,0.758404152800756,0.0,0.0,0.0,0.0,0.0,0.0
247.17694330215454,0.1586992601146302,-5.705050758400759,0.047264908700418135,0.0008496115785022461,-0.012307290988950304,-0.6516425144101857,0.7584258976075353,0.0,0.0,0.0,0.0,0.0,0.0
247.2813549041748,0.17497574448529526,-5.701621972581913,0.04379075270235113,6.631778142053707e-06,-0.01142384316325867,-0.6523192378487287,0.7578582372025789,0.0,0.0,0.0,0.0,0.0,0.0
247.42052555084229,0.17963002753855623,-5.702719607213791,0.040191215736701695,-0.0006447926049634976,-0.011876578687270259,-0.6525204649027391,0.7576777507649548,0.0,0.0,0.0,0.0,0.0,0.0
247.49882221221924,0.17759646772723264,-5.707180121106676,0.03793677456092249,-0.0008551459017110957,-0.011777342998505545,-0.6527951003511689,0.757442486182836,0.0,0.0,0.0,0.0,0.0,0.0
247.59730052947998,0.17510635084233966,-5.695618040688371,0.03656229532656826,-0.001725123680850649,-0.012060267319367435,-0.6515923856003574,0.7584714476683039,0.0,0.0,0.0,0.0,0.0,0.0
247.68334579467773,0.17396075917497977,-5.698168692532329,0.03716813030025307,-0.0001788405414304527,-0.012096382891373826,-0.6520256648191638,0.758100374590383,0.0,0.0,0.0,0.0,0.0,0.0
247.78040647506714,0.17349511809816973,-5.7025952171947925,0.03884560418654498,0.0012406435229821888,-0.012467832357042455,-0.6523381291271695,0.7578245042533104,0.0,0.0,0.0,0.0,0.0,0.0
247.8908874988556,0.1662117135923588,-5.700828927646466,0.03650640629181566,-0.000372694271442249,-0.011699525308137605,-0.6514830477757276,0.7585728842157088,0.0,0.0,0.0,0.0,0.0,0.0
247.98825812339783,0.17383621644436947,-5.714949803225859,0.0351218902237947,0.0002475596579957269,-0.01173560817304533,-0.6519633827880941,0.7581595885553877,0.0,0.0,0.0,0.0,0.0,0.0
248.07861804962158,0.17831573480281535,-5.716610014974465,0.03534000006605693,0.00022154919559592103,-0.011079659641827484,-0.6507499116867868,0.7592112647331836,0.0,0.0,0.0,0.0,0.0,0.0
248.1784212589264,0.18329460965599328,-5.721273538401658,0.034720073825877135,-0.00035805289558790145,-0.01205501916880691,-0.6510707518297343,0.7589212241219598,0.0,0.0,0.0,0.0,0.0,0.0
248.2983524799347,0.18537269750356336,-5.7106129888862505,0.03976835962040852,-5.8450572645180716e-05,-0.011958690333085735,-0.6508421923742141,0.7591188490180706,0.0,0.0,0.0,0.0,0.0,0.0
248.39046144485474,0.17995077660572092,-5.716147671814984,0.03962258028166132,0.000707727267079321,-0.012302483168722287,-0.6522823760503286,0.7578758802891683,0.0,0.0,0.0,0.0,0.0,0.0
248.4794430732727,0.1880633094652259,-5.724675844460161,0.04037878640308492,0.000776297553290948,-0.01146186999204394,-0.6534114254284814,0.7569158024627702,0.0,0.0,0.0,0.0,0.0,0.0
248.579763174057,0.18991214972252835,-5.731257929902154,0.04765507322412336,0.0014364994125158487,-0.011411318037704838,-0.6523897664906899,0.7577963518441143,0.0,0.0,0.0,0.0,0.0,0.0
248.68246173858643,0.19758642372358462,-5.726374965335036,0.043041184544217875,-7.287160904547445e-05,-0.011632940373283903,-0.653323258178228,0.7569896893031832,0.0,0.0,0.0,0.0,0.0,0.0
248.79068112373352,0.2072245004970441,-5.7289739157131585,0.04001614603838356,0.00024104571985944325,-0.011666850202498396,-0.6520296382123222,0.7581036719314628,0.0,0.0,0.0,0.0,0.0,0.0
248.88041591644287,0.18980495912041073,-5.723467883693569,0.033057175822777396,9.5767977118167e-05,-0.010881071295830703,-0.6531908291031996,0.7571151391244072,0.0,0.0,0.0,0.0,0.0,0.0
248.98143315315247,0.19511522556477506,-5.712994115516306,0.031701545621900085,-0.0016337259700323612,-0.011250338397375067,-0.6520020314046143,0.7581319884225973,0.0,0.0,0.0,0.0,0.0,0.0
249.0833990573883,0.1926494871306061,-5.698325076461646,0.033003476055788336,0.0008660037063962,-0.011402059034220416,-0.6512782071182935,0.7587528846865013,0.0,0.0,0.0,0.0,0.0,0.0
249.18187952041626,0.20152989305038982,-5.686071752395431,0.04036957837596385,-0.00029739064855767027,-0.011135640430173182,-0.650883434686201,0.7590959514593995,0.0,0.0,0.0,0.0,0.0,0.0
249.2822916507721,0.2070031658592617,-5.6838777510613445,0.035509298489871235,0.001019537338627925,-0.011801176898265604,-0.6515466888823943,0.758516054526049,0.0,0.0,0.0,0.0,0.0,0.0
249.38575768470764,0.20311274873699894,-5.677650783730553,0.030998321789888227,-0.0013644069600204397,-0.01186337345654786,-0.6524081581691472,0.7577737089119442,0.0,0.0,0.0,0.0,0.0,0.0
249.48255228996277,0.19969843771547216,-5.673383009248398,0.03505546761268919,-0.00013454243683699765,-0.011280373289463946,-0.6526265343213414,0.7575957640961597,0.0,0.0,0.0,0.0,0.0,0.0
249.58498430252075,0.19388811404461584,-5.674070458321755,0.03626179561304501,-0.00017882039908855826,-0.011532375990981829,-0.650824609439011,0.7591405008796278,0.0,0.0,0.0,0.0,0.0,0.0
249.6828751564026,0.19871511954187845,-5.671007249188988,0.03526143146907334,9.256564583897768e-05,-0.01020104454456709,-0.6517383954316976,0.7583752330092697,0.0,0.0,0.0,0.0,0.0,0.0
249.7795181274414,0.19193304810742112,-5.6831954048545965,0.03471350669586542,0.00030412823490302956,-0.010849025853788111,-0.6517977565050246,0.7583151658505882,0.0,0.0,0.0,0.0,0.0,0.0
249.88016533851624,0.18340846559180543,-5.675283860245547,0.033722198983766945,-0.000681403537052168,-0.010493616742595708,-0.649792520060272,0.7600388809597494,0.0,0.0,0.0,0.0,0.0,0.0
249.97957158088684,0.18431329935779053,-5.672053419455914,0.03136058523722058,0.0001756865394410086,-0.010563001157611473,-0.6509682448979268,0.7590314461702127,0.0,0.0,0.0,0.0,0.0,0.0
250.07922840118408,0.17827783009056347,-5.659440294148528,0.02979513383699631,-0.0001936347354962898,-0.011157155768138877,-0.6501228693010302,0.7597471521450396,0.0,0.0,0.0,0.0,0.0,0.0
250.1814992427826,0.18994636974991386,-5.661494976636286,0.0346036922599093,-0.0007935823945761476,-0.01236997855508913,-0.6510863921424228,0.7589024073123238,0.0,0.0,0.0,0.0,0.0,0.0
250.28029704093933,0.1839361917707391,-5.66938215552318,0.03604620825386097,-0.00014328362604106493,-0.012162636507192256,-0.6505811206643981,0.759339354424621,0.0,0.0,0.0,0.0,0.0,0.0
250.38183331489563,0.18877108747177637,-5.669512858454521,0.03573135523613202,-0.0011244616349545544,-0.012847882853157353,-0.6504735981610558,0.7594193608195543,0.0,0.0,0.0,0.0,0.0,0.0
250.49715209007263,0.18879258950952568,-5.65486586588632,0.03421660587931569,-0.0018462235897709184,-0.012112964381647523,-0.6477551266710317,0.7617500662446242,0.0,0.0,0.0,0.0,0.0,0.0
250.58010911941528,0.1911302984746596,-5.656492222374997,0.039577053807110206,-2.2251245966774977e-05,-0.012282205197363527,-0.6489040718820339,0.7607710906936702,0.0,0.0,0.0,0.0,0.0,0.0
250.69208097457886,0.2033853766844813,-5.6726919604097485,0.03932578479296941,0.00042142174163626553,-0.011510957473319443,-0.6512608789991841,0.7587664909225512,0.0,0.0,0.0,0.0,0.0,0.0
250.79008293151855,0.20331152630788396,-5.667718448100501,0.03775582983740818,0.0005569507794266789,-0.010741152534228074,-0.6505552133452819,0.7593827966429637,0.0,0.0,0.0,0.0,0.0,0.0
250.8829038143158,0.22538042527111926,-5.665238623034159,0.038539385190618676,0.00020212262234238395,-0.013001780217945319,-0.6503887157886394,0.7594902443299468,0.0,0.0,0.0,0.0,0.0,0.0
250.9805610179901,0.2262576319771957,-5.662749384280044,0.03840513776811017,-0.00023995917820064091,-0.012430016581482059,-0.6498501967447222,0.7599606298343162,0.0,0.0,0.0,0.0,0.0,0.0
251.08375573158264,0.229221313165051,-5.660237175698553,0.03922565965804421,0.0006426926331231273,-0.012297017613947317,-0.6498863706054476,0.7599316256119414,0.0,0.0,0.0,0.0,0.0,0.0
251.18297028541565,0.2257267337329388,-5.668405040321735,0.034119032419075365,-0.00041738331608811235,-0.011255553496526866,-0.651354880193583,0.7586896324285748,0.0,0.0,0.0,0.0,0.0,0.0
251.31364178657532,0.22381472063558278,-5.670700586217326,0.03769333731029664,0.0003470395125571784,-0.01129545582736668,-0.6504583700754173,0.7594578336155395,0.0,0.0,0.0,0.0,0.0,0.0
251.38583493232727,0.2278258101563891,-5.671896090832409,0.03648499370111037,6.196217067063572e-05,-0.01136316071251973,-0.6509193223822651,0.7590618620960168,0.0,0.0,0.0,0.0,0.0,0.0
251.47096920013428,0.22178770098623413,-5.66938908234142,0.03413275217746528,-0.0015180603172020083,-0.011559614710102554,-0.65094588228962,0.7590346033816667,0.0,0.0,0.0,0.0,0.0,0.0
251.5994358062744,0.22742467433836921,-5.6673802093876935,0.030729264767660767,-0.00034676426151352096,-0.011336465858357994,-0.6505283041235692,0.7593973201364694,0.0,0.0,0.0,0.0,0.0,0.0
251.73392868041992,0.22023929336149903,-5.673000451087269,0.026276776410528082,-0.0012919710215289946,-0.011046364717726744,-0.6512021961030849,0.7588227780106965,0.0,0.0,0.0,0.0,0.0,0.0
251.80572509765625,0.2200343197711934,-5.673181637370934,0.030476143497504063,-0.000771084488873022,-0.011688423091352282,-0.6514025748513937,0.7586418599518951,0.0,0.0,0.0,0.0,0.0,0.0
251.87234234809875,0.21226332323281427,-5.67349940246892,0.03510254642604981,0.0005747509748394572,-0.01188534442782977,-0.6506710159152079,0.7592665126929858,0.0,0.0,0.0,0.0,0.0,0.0
252.015851020813,0.21745463449855174,-5.672277140054214,0.04585486168705815,0.0012403869248753736,-0.011227184903517047,-0.6507752562951123,0.7591863918389196,0.0,0.0,0.0,0.0,0.0,0.0
252.10591101646423,0.21213208073961365,-5.67632949464966,0.0507129057559933,0.0005364330543175718,-0.011454872793817008,-0.6508442248336768,0.7591246887893015,0.0,0.0,0.0,0.0,0.0,0.0
252.19651627540588,0.22311453316635935,-5.674822726611855,0.053914355157454213,0.0010509934339520165,-0.011240788248010673,-0.6501195579813894,0.7597480506209909,0.0,0.0,0.0,0.0,0.0,0.0
252.28336644172668,0.23418940630877733,-5.682561031023889,0.05063742569980074,0.0011926503266420894,-0.01281331949260761,-0.651857724182574,0.7582320910197894,0.0,0.0,0.0,0.0,0.0,0.0
252.38525867462158,0.23267509906011927,-5.677934577650705,0.03962001172118117,-0.0013095591216466995,-0.010649155980239083,-0.6513263914925423,0.7587218279956545,0.0,0.0,0.0,0.0,0.0,0.0
252.4823579788208,0.22709186337606121,-5.66845786626337,0.03397228181660664,-0.0010863372939688748,-0.011246947824008284,-0.649195474387824,0.760537679586123,0.0,0.0,0.0,0.0,0.0,0.0
252.57505774497986,0.2086905859420583,-5.657404691533043,0.03122242067666715,-0.0004916494463705014,-0.011948145901321188,-0.6495048444671944,0.7602634129720678,0.0,0.0,0.0,0.0,0.0,0.0
252.67270183563232,0.20054179359593158,-5.660187677963455,0.0366537595220149,0.0005071945137763569,-0.011612151888915834,-0.6508968729270724,0.7590771775622961,0.0,0.0,0.0,0.0,0.0,0.0
252.78295373916626,0.20095127938871166,-5.650111855011274,0.03827845574536786,-0.00014679085784896238,-0.010723778063977825,-0.6483109535303184,0.7613001291008931,0.0,0.0,0.0,0.0,0.0,0.0
252.88270807266235,0.19310076853351357,-5.648463559711047,0.03651985597147527,-0.001316945143465742,-0.010642068503838743,-0.6480799990822779,0.7614967674408817,0.0,0.0,0.0,0.0,0.0,0.0
252.98168087005615,0.19211524833404714,-5.643811788436726,0.040525184103676816,-1.988828974040662e-05,-0.012020093957670295,-0.6479812334954933,0.7615614472800685,0.0,0.0,0.0,0.0,0.0,0.0
253.07440948486328,0.19027648503627848,-5.63836593411321,0.03912809496536387,0.0008804463798546106,-0.012510870714611964,-0.6475305528227803,0.7619362742966814,0.0,0.0,0.0,0.0,0.0,0.0
253.17176055908203,0.19224868824479763,-5.647520707184895,0.03608152082423647,2.0150578763556264e-05,-0.01066518384546017,-0.6513829646532052,0.7586741637930257,0.0,0.0,0.0,0.0,0.0,0.0
253.276300907135,0.18218389528206658,-5.652110387907747,0.03253744283902224,7.084711948960223e-05,-0.011570154632801824,-0.6512447929369967,0.7587795109087067,0.0,0.0,0.0,0.0,0.0,0.0
253.37737345695496,0.19103394788549885,-5.656184474907013,0.03825327461017204,0.0006439068211424494,-0.012101696652904077,-0.6497768326264066,0.7600284219054387,0.0,0.0,0.0,0.0,0.0,0.0
253.47356152534485,0.19451211118253595,-5.665670911224165,0.04273367071748999,0.0018249717976357408,-0.012829961170089079,-0.6499215543604334,0.759890804492317,0.0,0.0,0.0,0.0,0.0,0.0
253.5739405155182,0.21792625118532652,-5.662872102427258,0.04408929405886098,0.0005798072507385603,-0.012044505613683042,-0.6505468259240911,0.7593704109248101,0.0,0.0,0.0,0.0,0.0,0.0
253.6760663986206,0.2300422936094041,-5.669539589233234,0.04060188068939909,-0.0007486308753549459,-0.011160144642714103,-0.6506966962648107,0.7592553590152508,0.0,0.0,0.0,0.0,0.0,0.0
253.77191162109375,0.24310349313530183,-5.671127625588451,0.037971862331172036,-0.001771201857889466,-0.011483021898240667,-0.6512558681072858,0.7587692648676796,0.0,0.0,0.0,0.0,0.0,0.0
253.88054132461548,0.24189917047944032,-5.677358617070936,0.04042061888127369,6.328192882263296e-05,-0.011485242029789454,-0.6523478408352728,0.757832685867021,0.0,0.0,0.0,0.0,0.0,0.0
253.98678374290466,0.24561535113201105,-5.672149352403774,0.038375936501651525,0.00016646706443994535,-0.012795835139496349,-0.6510735569457305,0.7589067547055993,0.0,0.0,0.0,0.0,0.0,0.0
254.07182431221008,0.24142718956662346,-5.688081913381662,0.04102333605033537,7.812262143743353e-05,-0.011091260983453336,-0.6517121855422432,0.7583852616199476,0.0,0.0,0.0,0.0,0.0,0.0
254.1736900806427,0.2383237382220051,-5.683433706706039,0.036090726051253165,-0.0006713466181947174,-0.011319339487557407,-0.6504283620182274,0.759482960789457,0.0,0.0,0.0,0.0,0.0,0.0
254.27095890045166,0.21816083736509523,-5.669964034288782,0.0338504994452398,-0.0010682187219851896,-0.012568204725184608,-0.6489377278903915,0.7607369614125205,0.0,0.0,0.0,0.0,0.0,0.0
254.3742060661316,0.20521113747129352,-5.681349268168388,0.034784486286680585,-0.0001706223804271124,-0.01164419451350733,-0.6496650410361066,0.7601313821160385,0.0,0.0,0.0,0.0,0.0,0.0
254.48908495903015,0.20523986545037456,-5.689441590703743,0.03665612595772799,-0.0010085674924266517,-0.011588468906990905,-0.6504600219939557,0.7594514138294675,0.0,0.0,0.0,0.0,0.0,0.0
254.58354806900024,0.20648643555460786,-5.683491407029326,0.035287774794238606,-0.0009404643008483519,-0.011615600586692911,-0.6505041708064371,0.759413271620458,0.0,0.0,0.0,0.0,0.0,0.0
254.68918681144714,0.21178905568535347,-5.680459241192167,0.03294832381834101,-0.001549860138531361,-0.012436905681406998,-0.6496564400928644,0.7601246155443446,0.0,0.0,0.0,0.0,0.0,0.0
254.78222918510437,0.2108641347000523,-5.679893593348095,0.03596879547155754,-0.000647703720411151,-0.011234478227267232,-0.6503963427598626,0.7595116617296898,0.0,0.0,0.0,0.0,0.0,0.0
254.88316440582275,0.2163296719866077,-5.67416280856747,0.031303076919293814,-0.0013950350487184667,-0.011324530708975789,-0.6499735250296464,0.7598711901644368,0.0,0.0,0.0,0.0,0.0,0.0
254.98497653007507,0.206389602625965,-5.662739694929587,0.02821857976876047,-0.0010596515711542326,-0.012032839448807193,-0.6488782628212593,0.7607963511685365,0.0,0.0,0.0,0.0,0.0,0.0
255.07263088226318,0.19952605641317286,-5.666561039118505,0.034751539505152584,0.00016100092152060365,-0.012015121595688323,-0.6495980108667033,0.7601828958939515,0.0,0.0,0.0,0.0,0.0,0.0
255.17791175842285,0.19850854310437188,-5.658593366778945,0.03924469328788373,-0.000994687503782458,-0.01149874423459749,-0.6497301900415913,0.7600772787199094,0.0,0.0,0.0,0.0,0.0,0.0
255.27508544921875,0.19044458209343915,-5.65766442087092,0.03357559294066166,-0.0009518039068360484,-0.011264002428879497,-0.6499222077731799,0.7599166665903495,0.0,0.0,0.0,0.0,0.0,0.0
255.37269926071167,0.1938856214359522,-5.6493899633114415,0.03466855026746345,-0.0010215823486357195,-0.0112082532473091,-0.6490462275498602,0.7606657123414279,0.0,0.0,0.0,0.0,0.0,0.0
255.47309350967407,0.19744122379341708,-5.646381346737876,0.033711598608653956,-0.0019175853076683017,-0.011456543446157565,-0.6509361799586252,0.7590435824771027,0.0,0.0,0.0,0.0,0.0,0.0
255.57297539710999,0.1981391319900763,-5.653221229068427,0.03282978562036763,0.00030659033362641483,-0.011878456438575184,-0.6508248558830624,0.7591349124100031,0.0,0.0,0.0,0.0,0.0,0.0
255.68216562271118,0.20485075314044535,-5.654673802408637,0.035433278006084826,-0.0009678266132523534,-0.011286811331396461,-0.649932789471936,0.7599072577432011,0.0,0.0,0.0,0.0,0.0,0.0
255.78295993804932,0.22352527917854323,-5.648036717171577,0.03399406790865209,0.00043833751822650263,-0.01118027788233745,-0.6481802493867097,0.7614047370168009,0.0,0.0,0.0,0.0,0.0,0.0
255.87444949150085,0.23492540197730064,-5.637696912419409,0.0353058740133061,-0.0006986320497475122,-0.011241000340468021,-0.6495576932035277,0.7602288833138767,0.0,0.0,0.0,0.0,0.0,0.0
255.98036098480225,0.23972184120511467,-5.625728651238153,0.04010624998644749,-0.0007118473141615091,-0.012944166177645421,-0.6472552358447194,0.7621631068917667,0.0,0.0,0.0,0.0,0.0,0.0
256.07290744781494,0.24273904350213943,-5.61713278538831,0.03764570436439329,-0.0007646802786085176,-0.011393712292495986,-0.6486970594664537,0.76096105263265,0.0,0.0,0.0,0.0,0.0,0.0
256.1803421974182,0.24009663520921434,-5.620424860313989,0.036301496903990954,-0.00012997707675672398,-0.01206130175891044,-0.6497861965598768,0.7600213200075615,0.0,0.0,0.0,0.0,0.0,0.0
256.2756440639496,0.24328197361932544,-5.633162746213041,0.031211178503884312,-0.0009642066951363697,-0.011634113141229363,-0.6501570972296937,0.759710120137064,0.0,0.0,0.0,0.0,0.0,0.0
256.39880990982056,0.234306360739125,-5.653431956748169,0.028368023813207625,-0.0029576395408923654,-0.010374415502779783,-0.650191359228997,0.759693899050939,0.0,0.0,0.0,0.0,0.0,0.0
256.4746506214142,0.2365252755403678,-5.659228646915093,0.026085729777925698,-0.0017399058250521817,-0.009355407912981157,-0.6496940251077874,0.7601362527926757,0.0,0.0,0.0,0.0,0.0,0.0
256.61304569244385,0.2381593168595848,-5.657809456583122,0.02746857649113364,-0.0013471173929738213,-0.012206424792739314,-0.6486006356199095,0.7610298311774025,0.0,0.0,0.0,0.0,0.0,0.0
256.6746301651001,0.22971346502216894,-5.6534847990241515,0.028519677706330012,-0.0011805022974895932,-0.010595847162287998,-0.6484794074821529,0.7611575346199906,0.0,0.0,0.0,0.0,0.0,0.0
256.7803990840912,0.2382743299759658,-5.63845915818913,0.03092925482584623,-0.00029628784973351034,-0.010301108858605669,-0.6481388114182887,0.7614524807911707,0.0,0.0,0.0,0.0,0.0,0.0
256.88423919677734,0.23163618878168526,-5.644262251298012,0.0361825208763763,-0.001188360697308483,-0.011637189485228176,-0.6481106749478783,0.7614563130201832,0.0,0.0,0.0,0.0,0.0,0.0
256.9756820201874,0.22194831931051687,-5.631438556534181,0.04392399164424969,0.0006225980035741541,-0.011940661623373728,-0.648815544453413,0.760851774163201,0.0,0.0,0.0,0.0,0.0,0.0
257.0757255554199,0.22448522456854794,-5.63457852676111,0.04312589447461118,-0.0003164939482396557,-0.012042307668844537,-0.6495464792381015,0.7602264491366525,0.0,0.0,0.0,0.0,0.0,0.0
257.1727604866028,0.23313591520929472,-5.629429799724979,0.043379034360902714,0.0003568213960290552,-0.010691116860554198,-0.6497511717130393,0.7600716989575685,0.0,0.0,0.0,0.0,0.0,0.0
257.2722065448761,0.2294418011166427,-5.615023028617373,0.03961849121938515,-0.0003253720660865738,-0.011247902587754342,-0.6475662765011063,0.7619260438906355,0.0,0.0,0.0,0.0,0.0,0.0
257.37314891815186,0.23181096721298747,-5.6173707897494225,0.03326871287554667,-0.0009659776648308189,-0.010564402199127533,-0.6489956616027699,0.7607181419645882,0.0,0.0,0.0,0.0,0.0,0.0
257.4777362346649,0.23551282783176544,-5.616067273793434,0.03599957380665476,-0.0010904669919493569,-0.011296088459543614,-0.6484903681880428,0.7611382605246806,0.0,0.0,0.0,0.0,0.0,0.0
257.57790517807007,0.23226054654403733,-5.624401841218119,0.033536786590772756,-0.0013021953788462646,-0.01247355418289058,-0.6477820238960897,0.7617224981909579,0.0,0.0,0.0,0.0,0.0,0.0
257.6729235649109,0.23245652882512016,-5.626621103288374,0.029717325987165918,-0.001563750181196257,-0.010763319362775465,-0.6491945569079051,0.7605446291459564,0.0,0.0,0.0,0.0,0.0,0.0
257.7718412876129,0.23842504789920027,-5.633546749653047,0.024606283601002393,-0.0017082233045036493,-0.01078279684839195,-0.6474456494403135,0.762033427276012,0.0,0.0,0.0,0.0,0.0,0.0
257.8771963119507,0.23609874528293015,-5.634801645610019,0.027893694950294826,-0.0007572940183249005,-0.011212014748134984,-0.6474557425789399,0.762020195685493,0.0,0.0,0.0,0.0,0.0,0.0
257.97631669044495,0.23793639698004698,-5.627158372639321,0.03517052804052489,0.000741294227745893,-0.011370965309788122,-0.6484064313994891,0.7612090720364003,0.0,0.0,0.0,0.0,0.0,0.0
258.0736846923828,0.23403710513936582,-5.613065044701446,0.04007450669559136,0.0005303453863571814,-0.01096259063218176,-0.6479186291546561,0.7616304814900068,0.0,0.0,0.0,0.0,0.0,0.0
258.17253398895264,0.24367584534190279,-5.618806417298841,0.04064502990472173,0.0008035787162686829,-0.010586389792447255,-0.6483455795585222,0.7612721537527031,0.0,0.0,0.0,0.0,0.0,0.0
258.27294850349426,0.23022764889785446,-5.618493259294679,0.043062254699612036,0.0011169613914391537,-0.01160371786235093,-0.647976395327939,0.7615712029920629,0.0,0.0,0.0,0.0,0.0,0.0
258.37201476097107,0.2254057475367526,-5.617484914004835,0.03849920211838504,-0.0004451039331025387,-0.012732140851036258,-0.6481517696927184,0.7614046085465872,0.0,0.0,0.0,0.0,0.0,0.0
258.4730522632599,0.23383217650243868,-5.597482314720116,0.03739074523772034,-0.001099165789870475,-0.011472536270875454,-0.6472619256484221,0.7621805378989438,0.0,0.0,0.0,0.0,0.0,0.0
258.5779621601105,0.23077319204699687,-5.592368978169303,0.036731758442945635,0.0002262144719608334,-0.010800510630552792,-0.6478457361909922,0.7616949519960275,0.0,0.0,0.0,0.0,0.0,0.0
258.67610907554626,0.23308741311662973,-5.58008055620808,0.03599766298821107,4.0456999578646404e-05,-0.01156711051855944,-0.6466803024054197,0.762673447025832,0.0,0.0,0.0,0.0,0.0,0.0
258.77111172676086,0.23636943632937704,-5.583547523448452,0.03369670719614337,-0.00029353995004609046,-0.011235892400720048,-0.6468742211374289,0.762513875666567,0.0,0.0,0.0,0.0,0.0,0.0
258.8992705345154,0.2550005663162109,-5.585338599904801,0.029978962507760422,-0.0016220289172393214,-0.011897065204457652,-0.647631510414251,0.7618590785573242,0.0,0.0,0.0,0.0,0.0,0.0
258.98638582229614,0.26695100118452153,-5.579926281220756,0.028194017449735737,-0.0007666486380318468,-0.00991913041406138,-0.6459049389447878,0.7633530198724381,0.0,0.0,0.0,0.0,0.0,0.0
259.08120012283325,0.2609767558831688,-5.579059638044104,0.0313800800027822,-0.001846491154423743,-0.011482826282077193,-0.6465635783515236,0.7627714430418927,0.0,0.0,0.0,0.0,0.0,0.0
259.1791214942932,0.27139841010720955,-5.582199019943907,0.035075937283690295,0.0005672761776588093,-0.010987314941445833,-0.6466538017745878,0.7627042793629347,0.0,0.0,0.0,0.0,0.0,0.0
259.2755765914917,0.2706380713461492,-5.581469579479866,0.03857985398677006,0.001068323197080594,-0.011556924091535303,-0.6481196096038875,0.7614501085678165,0.0,0.0,0.0,0.0,0.0,0.0
259.39712262153625,0.25748170169871637,-5.5998832383013575,0.04081332123948886,0.0010023226644260042,-0.012164989059584144,-0.6470525780098824,0.7623476698207765,0.0,0.0,0.0,0.0,0.0,0.0
259.518319606781,0.24453654887592327,-5.6048255281538815,0.042985797349231775,1.3894057452753272e-06,-0.011219716419064689,-0.6471865310046766,0.7622491141665071,0.0,0.0,0.0,0.0,0.0,0.0
259.6210582256317,0.24795153171543666,-5.613133608609611,0.043626041168710605,-0.0003068845536561818,-0.011928976453363676,-0.6467930484452566,0.7625721984346692,0.0,0.0,0.0,0.0,0.0,0.0
259.68225502967834,0.23599283574680313,-5.623639405109422,0.040111625180554195,0.0008423951606170742,-0.01188001305913809,-0.6476584267711002,0.7618377241200641,0.0,0.0,0.0,0.0,0.0,0.0
259.7780158519745,0.22176645921785224,-5.631831521220466,0.038655846638113806,0.0007906401320193088,-0.010695296642325745,-0.6482851100853237,0.7613221404632352,0.0,0.0,0.0,0.0,0.0,0.0
259.8798551559448,0.22351409916905823,-5.625692506551103,0.03926327051482957,0.001726297414819885,-0.011798077717081006,-0.6474280906860941,0.7620332621676856,0.0,0.0,0.0,0.0,0.0,0.0
259.97629714012146,0.22388114165343484,-5.631742950458037,0.043494023939857414,0.0020944222362312232,-0.011344919292722187,-0.6473915480426894,0.7620702656084782,0.0,0.0,0.0,0.0,0.0,0.0
260.0797278881073,0.22078364447558613,-5.627648066527612,0.04476347304443475,0.000262618820944443,-0.011902396537382277,-0.6464523277233646,0.7628614893734077,0.0,0.0,0.0,0.0,0.0,0.0
260.1709122657776,0.2277184203885839,-5.6122656354457305,0.03798834444344509,-0.0012773476507830703,-0.01249491060082319,-0.6449009623838147,0.7641629370156833,0.0,0.0,0.0,0.0,0.0,0.0
260.2897882461548,0.22358380252891458,-5.6091438320444205,0.03329365632119957,-0.00046172316363640205,-0.011625632277010621,-0.6455545150621989,0.7636255624117348,0.0,0.0,0.0,0.0,0.0,0.0
260.38873767852783,0.23084592276353982,-5.609721905467228,0.028508445267494735,-0.000299280996959816,-0.012408255938389338,-0.6479238463599629,0.7616039882599832,0.0,0.0,0.0,0.0,0.0,0.0
260.4945259094238,0.2318782390422639,-5.611624632955275,0.024452153876432722,-0.0024875269745591798,-0.010271100074063804,-0.6479339661121573,0.7616231957280044,0.0,0.0,0.0,0.0,0.0,0.0
260.57743883132935,0.22794836068107485,-5.601127924883257,0.026498449674566292,-0.0009386311155133553,-0.011662877610308127,-0.6466413586886439,0.7627044312777586,0.0,0.0,0.0,0.0,0.0,0.0
260.6768751144409,0.2355846196080446,-5.6159150381452,0.03267546206469794,0.00039420460561138997,-0.011082522279323164,-0.649079269347806,0.7606399439981599,0.0,0.0,0.0,0.0,0.0,0.0
260.7941176891327,0.235724895042062,-5.639292172252474,0.03492854110118814,0.00018755556922422519,-0.011996509273835094,-0.6497700967614506,0.7600360977892531,0.0,0.0,0.0,0.0,0.0,0.0
260.8762626647949,0.2435209595064013,-5.6468200895784655,0.03838687640344776,-0.0014322021370297155,-0.01211452969980637,-0.647879096745004,0.7616454969131092,0.0,0.0,0.0,0.0,0.0,0.0
260.9820284843445,0.24337113062618204,-5.657515757589965,0.03791792094728046,-0.0006601245559547945,-0.011499126209641629,-0.6483725165938101,0.7612361092707981,0.0,0.0,0.0,0.0,0.0,0.0
261.0730493068695,0.245403502087181,-5.665644464293639,0.03268671955503965,-0.0008349124226887344,-0.011827021139645509,-0.6484299993481815,0.7611819496266798,0.0,0.0,0.0,0.0,0.0,0.0
261.1734690666199,0.2416437424030839,-5.672668277859982,0.030007552035987702,-0.0017557241631320363,-0.012284059357142068,-0.6492519514204352,0.7604721710194777,0.0,0.0,0.0,0.0,0.0,0.0
261.2788362503052,0.23463097550144985,-5.676635885081457,0.0277618509317787,-0.001751964064829073,-0.01180391580045004,-0.6496516979835264,0.7601383226102737,0.0,0.0,0.0,0.0,0.0,0.0
261.37397265434265,0.22130525285256022,-5.678514595339911,0.02603897770542844,-0.0011444768014775496,-0.011087763383553575,-0.6489011412346479,0.7607910755130618,0.0,0.0,0.0,0.0,0.0,0.0
261.48998951911926,0.216870735415282,-5.683818283895705,0.025573451720139008,-0.0017713655403797323,-0.011812920035353421,-0.6505092669866719,0.7594043789370536,0.0,0.0,0.0,0.0,0.0,0.0
261.5773422718048,0.20677716979935584,-5.674524684724787,0.03164017166050747,0.00012630687439316694,-0.009769863152258576,-0.6495299681846999,0.7602732102675267,0.0,0.0,0.0,0.0,0.0,0.0
261.6758043766022,0.19703184973467994,-5.672365312377908,0.032615922618733896,-0.0013361797281873384,-0.01027133320070749,-0.6506387030426846,0.7593167932035324,0.0,0.0,0.0,0.0,0.0,0.0
261.7722737789154,0.1908148325480636,-5.668740875660865,0.030303999626203643,-0.002110164784927177,-0.011485883902155802,-0.6499359407716315,0.7598992660667662,0.0,0.0,0.0,0.0,0.0,0.0
261.89228868484497,0.18825249799484708,-5.649309758765071,0.03590621028509623,5.033334213003397e-05,-0.012136319995109678,-0.64839461564686,0.761207678366187,0.0,0.0,0.0,0.0,0.0,0.0
262.0000412464142,0.1705548393982389,-5.641302119819089,0.036956305912487226,-0.00020705646945742533,-0.011858331866143532,-0.6480103602941711,0.7615391717071013,0.0,0.0,0.0,0.0,0.0,0.0
262.0906276702881,0.16859346146187465,-5.6336353900561456,0.03448836082068215,-0.000205936146250715,-0.011577846937156905,-0.6489497055160552,0.7607431831841653,0.0,0.0,0.0,0.0,0.0,0.0
262.1892442703247,0.17852168846677638,-5.6377704319722834,0.03252987950598027,-0.0012739233874565783,-0.010660584293549179,-0.6503392246414579,0.7595680495876707,0.0,0.0,0.0,0.0,0.0,0.0
262.2818524837494,0.17824863485708042,-5.633922465286061,0.03490563337425675,0.00019888928738569312,-0.010595349549678761,-0.6490704689932505,0.7606544716833004,0.0,0.0,0.0,0.0,0.0,0.0
262.3895583152771,0.18582955688502997,-5.63222186404586,0.04138679428676861,0.0008757780350198692,-0.012278785612312583,-0.6493602141917573,0.7603813363447989,0.0,0.0,0.0,0.0,0.0,0.0
262.47473907470703,0.1866692496550815,-5.6270072152671995,0.039658526057291456,0.0003569001583310368,-0.011676325999057331,-0.6490374143753548,0.760666793526799,0.0,0.0,0.0,0.0,0.0,0.0
262.57374691963196,0.1932941186321342,-5.625877689430556,0.037372166373262884,0.0006989807493320433,-0.012003099828678206,-0.6487571532745476,0.7609005145848355,0.0,0.0,0.0,0.0,0.0,0.0
262.6830177307129,0.1813855218164339,-5.624804346052307,0.03882547735239735,0.000537245046296283,-0.011785571914051125,-0.6479877372894256,0.7615593896636672,0.0,0.0,0.0,0.0,0.0,0.0
262.8028767108917,0.18658288040098311,-5.62654860816504,0.04320083376398616,-0.0004774592430737175,-0.012451491878089955,-0.6472426971478353,0.7621821457968071,0.0,0.0,0.0,0.0,0.0,0.0
262.87349820137024,0.18452616189882262,-5.615671868607121,0.04010174360225036,-0.0005923827628941633,-0.012937584411755142,-0.6456134584192539,0.763554536559197,0.0,0.0,0.0,0.0,0.0,0.0
262.9992926120758,0.1876994210207147,-5.603200795346789,0.03574914896854777,-0.0006476949136715876,-0.011860870507387263,-0.6459406072619338,0.7632952457156662,0.0,0.0,0.0,0.0,0.0,0.0
263.07218980789185,0.19331211501210102,-5.596429690103593,0.037005176629607006,-0.0004110046515740924,-0.012296076059233475,-0.6453657427344728,0.7637746367178297,0.0,0.0,0.0,0.0,0.0,0.0
263.17656230926514,0.20073727501549615,-5.594985589264794,0.036498697257008425,-0.0006000229536456933,-0.01113634921400983,-0.6454957254085378,0.7636824537580346,0.0,0.0,0.0,0.0,0.0,0.0
263.297500371933,0.21527233369403806,-5.603459470831471,0.03171262679831467,-0.0016338432236205672,-0.011175007477145464,-0.6461213359343153,0.763151144279173,0.0,0.0,0.0,0.0,0.0,0.0
263.3900556564331,0.22290669713810157,-5.604309599942951,0.030284161363013817,-0.0007189234279944078,-0.011147845027397076,-0.6448646717882467,0.764215129253364,0.0,0.0,0.0,0.0,0.0,0.0
263.49160289764404,0.22980538599398406,-5.588848617350866,0.03336778011909773,-0.001607736105893279,-0.011406994693222143,-0.6455072213710208,0.7636672854159041,0.0,0.0,0.0,0.0,0.0,0.0
263.58656549453735,0.2527313302398345,-5.588522945801541,0.02577513119711901,-0.002323112240093753,-0.010393567233241955,-0.6451697861498863,0.7639650017827697,0.0,0.0,0.0,0.0,0.0,0.0
263.68852615356445,0.25218568430911903,-5.576937785395835,0.02867125236760532,-0.0015129872175422626,-0.011239710296092302,-0.6450260525597744,0.7640764171869487,0.0,0.0,0.0,0.0,0.0,0.0
263.77273082733154,0.24815870144815205,-5.56575528570654,0.02750334246813137,-0.001713708871037284,-0.012156512202685361,-0.6440464322227766,0.7648878843033353,0.0,0.0,0.0,0.0,0.0,0.0
263.88722944259644,0.27015586411014086,-5.554439840427235,0.025627365160227126,-0.0008746331301614576,-0.0109271827546012,-0.6441909503810404,0.764786147325549,0.0,0.0,0.0,0.0,0.0,0.0
264.00138545036316,0.27888129694456937,-5.540108167927522,0.03558774815989433,0.0001722391721232831,-0.012342355551153757,-0.6443157364660987,0.764659969094247,0.0,0.0,0.0,0.0,0.0,0.0
264.09925508499146,0.276605281090747,-5.535952572987397,0.040532488948077504,-0.0008339955817676365,-0.011751722024865498,-0.6439023404322325,0.7650169785479681,0.0,0.0,0.0,0.0,0.0,0.0
264.19274377822876,0.27544610305885453,-5.528948958353339,0.0390630002132129,-0.0004420931982020469,-0.009825423910388391,-0.6444084486405379,0.7646182164448011,0.0,0.0,0.0,0.0,0.0,0.0
264.29403853416443,0.27202820761653734,-5.53111781592775,0.037748930332575245,-0.0011875207309671148,-0.010953320647904333,-0.6431486015915643,0.765662125765707,0.0,0.0,0.0,0.0,0.0,0.0
264.38079810142517,0.2773831503719992,-5.537527608882155,0.040319557218618,0.0014074435921053352,-0.011745421973059783,-0.6437101619229605,0.7651779476711765,0.0,0.0,0.0,0.0,0.0,0.0
264.48029232025146,0.2751572814931632,-5.524783756975718,0.04229271284179613,0.0015009568653431065,-0.011260974845403204,-0.6426740462887921,0.7660554861109993,0.0,0.0,0.0,0.0,0.0,0.0
264.5885818004608,0.2743790628663551,-5.532933928713981,0.04775360464784394,0.001272748621052832,-0.013458144956942886,-0.6427484101401345,0.7659580534908836,0.0,0.0,0.0,0.0,0.0,0.0
264.681663274765,0.276402701555762,-5.530463239922194,0.04644775248080544,0.0017961288274604055,-0.01248590937959611,-0.6430154730140354,0.7657492915130147,0.0,0.0,0.0,0.0,0.0,0.0
264.77841687202454,0.28212434237704237,-5.538097568096454,0.0511271955350119,0.00047679728533511697,-0.012004074572593625,-0.6433228466499467,0.7655007445039894,0.0,0.0,0.0,0.0,0.0,0.0
264.8908848762512,0.2738890160622225,-5.530652411489506,0.046146917501435535,-0.0005395290829318856,-0.011888908748046552,-0.6435980244303803,0.7652711582873153,0.0,0.0,0.0,0.0,0.0,0.0
264.99040722846985,0.2671243326193806,-5.539243258955554,0.04062392606066186,0.0009797667188695762,-0.01155452665565616,-0.6442200808940829,0.7647522607640397,0.0,0.0,0.0,0.0,0.0,0.0
265.0850021839142,0.25607424495191383,-5.553499755426399,0.03593126338712779,-0.0009591015087431629,-0.011864385166745059,-0.6441341893023448,0.7648198890331436,0.0,0.0,0.0,0.0,0.0,0.0
265.18660259246826,0.2636485293167604,-5.557566010183716,0.029331012627697564,-0.001745285513823,-0.010182002992072817,-0.6442914744571843,0.7647102567216421,0.0,0.0,0.0,0.0,0.0,0.0
265.2812955379486,0.2538872073508567,-5.585748239062521,0.026212578297619592,-0.0004102079639555818,-0.011619929767081495,-0.6450107032805908,0.7640850748542722,0.0,0.0,0.0,0.0,0.0,0.0
265.3838520050049,0.25907660681915834,-5.602324371618539,0.026889940083897022,-0.0009839688869302556,-0.01151707214495843,-0.6455987441974154,0.7635893204760688,0.0,0.0,0.0,0.0,0.0,0.0
265.48017477989197,0.26207423994816686,-5.616218602507388,0.038542950091512394,9.485852358199008e-05,-0.012652618559555483,-0.6447666902354903,0.7642747002277163,0.0,0.0,0.0,0.0,0.0,0.0
265.57187843322754,0.2557886845744914,-5.613243587779161,0.03705774278072797,3.33411018694833e-05,-0.0120736871675749,-0.6457832395946217,0.7634253286505324,0.0,0.0,0.0,0.0,0.0,0.0
265.67473125457764,0.25538350284983186,-5.605678965667195,0.03856604106991541,0.00037290312611092124,-0.011370676920856557,-0.645848371118201,0.7633809338551324,0.0,0.0,0.0,0.0,0.0,0.0
265.7855587005615,0.25403149082063387,-5.610441193901196,0.03847793325311878,0.0005958387105143468,-0.011990989136415013,-0.6468320842309093,0.7625379439511237,0.0,0.0,0.0,0.0,0.0,0.0
265.90617752075195,0.2486380727459881,-5.612742846562219,0.03705107991293647,-0.0001390797079252187,-0.011103854571121955,-0.645961392154042,0.763289306172213,0.0,0.0,0.0,0.0,0.0,0.0
265.985467672348,0.24432894205485697,-5.618097254678571,0.03457558993993148,-0.0010692889429436247,-0.011775963965514903,-0.6469498690562642,0.762440850310285,0.0,0.0,0.0,0.0,0.0,0.0
266.080589056015,0.23991075179569377,-5.6213098650956015,0.03275993979418001,-0.0002990077787056222,-0.012045171550924478,-0.6479767406507855,0.7615648153717385,0.0,0.0,0.0,0.0,0.0,0.0
266.183429479599,0.2325681913165431,-5.627989021383833,0.035292616953784314,-0.0018918158598030485,-0.011585929562527292,-0.6466316761157862,0.762712044426048,0.0,0.0,0.0,0.0,0.0,0.0
266.2781608104706,0.2278701153943426,-5.626768959960086,0.03551111591944244,-0.0018811388081783384,-0.012794097681909013,-0.6462293038382485,0.7630337209075174,0.0,0.0,0.0,0.0,0.0,0.0
266.39219665527344,0.21907945747103652,-5.623129100787272,0.03080415540661281,-0.0014255353465930183,-0.011521845412527428,-0.6462610404546841,0.7630281007391814,0.0,0.0,0.0,0.0,0.0,0.0
266.4749529361725,0.21398343474304746,-5.606010180583462,0.036149566167715724,-0.0031726477423224472,-0.011718063264869823,-0.6475922740753393,0.7618903253470949,0.0,0.0,0.0,0.0,0.0,0.0
266.5745985507965,0.2060556827914946,-5.59926059818163,0.04501883139395685,-0.004144257129259326,-0.014410337276205455,-0.6475546257948832,0.7618714943637336,0.0,0.0,0.0,0.0,0.0,0.0
266.6982729434967,0.20120471240204738,-5.588810836051469,0.04791748232526655,-0.0005126121136851167,-0.010231531230820228,-0.6492018758849598,0.7605471565556533,0.0,0.0,0.0,0.0,0.0,0.0
266.7870726585388,0.1876057126716653,-5.608369771886004,0.047995471826702336,7.735559534415246e-05,-0.011536726738243417,-0.6505181775923755,0.7594030540984943,0.0,0.0,0.0,0.0,0.0,0.0
266.8837823867798,0.18587619063434555,-5.670591781338131,0.05186279887056382,0.00016641639944116373,-0.007281655126410229,-0.6530595348790502,0.7572715455552965,0.0,0.0,0.0,0.0,0.0,0.0
266.98440074920654,0.19605427564197173,-5.734766283570656,0.06678990614873065,-0.008065882032510324,-0.017178894126747998,-0.6567389270495732,0.7538791739007926,0.0,0.0,0.0,0.0,0.0,0.0
267.0829379558563,0.1993468001575703,-5.817466871739451,0.09399651306325467,-0.014248526760154106,-0.02590151076794941,-0.6594921127854365,0.7511299783651635,0.0,0.0,0.0,0.0,0.0,0.0
267.1755745410919,0.17067180318962558,-5.924975777508737,0.11469975503138151,-0.02313546206277492,-0.03650779643919416,-0.660677960870012,0.7494241544111628,0.0,0.0,0.0,0.0,0.0,0.0
267.28326988220215,0.12522965848199685,-6.006234692385616,0.13960304018505398,-0.04787213138077644,-0.02789952220006272,-0.6591776476741478,0.749943134180715,0.0,0.0,0.0,0.0,0.0,0.0
267.39587450027466,0.08847169098282219,-6.072152039430461,0.14170029069975504,-0.06506596889414427,-0.03685284382204462,-0.6507682747854134,0.7555851640462892,0.0,0.0,0.0,0.0,0.0,0.0
267.4977011680603,0.051175638783265365,-5.979174982568465,0.10780586157584544,-0.0662771565495389,-0.023330061388330013,-0.640770635191664,0.7645103268310655,0.0,0.0,0.0,0.0,0.0,0.0
267.57260489463806,-0.1604021202644983,-5.684636976989125,0.04879189143607048,-0.04973913913970886,-0.013571240572645428,-0.6330539202750134,0.7723888745258722,0.0,0.0,0.0,0.0,0.0,0.0
267.6758553981781,-0.38001599395754176,-5.119641804531006,-0.03626406501632216,-0.04197762178931178,-0.015095581729585928,-0.6266365178894007,0.7780338534591877,0.0,0.0,0.0,0.0,0.0,0.0
267.7781581878662,-0.7535822416210584,-4.406783468540306,-0.11807145187263764,-0.04181460584716989,0.0067216608006968135,-0.6219479705127569,0.7819124503350336,0.0,0.0,0.0,0.0,0.0,0.0
267.8909602165222,-1.0747264317137948,-3.692081164693338,-0.12818784250963938,-0.040785711057912497,0.011380117125607037,-0.6201610500321265,0.7833308947888529,0.0,0.0,0.0,0.0,0.0,0.0
267.9970772266388,-1.3988046510777874,-2.9328812225682745,-0.14689172600864686,-0.0358757937722049,0.022978148156144285,-0.6122654248231232,0.7895036299439261,0.0,0.0,0.0,0.0,0.0,0.0
268.0801191329956,-1.6820279325225929,-2.222798893698652,-0.15343622789850342,-0.0192476754914813,0.01668937941315384,-0.607940929241448,0.7935734484948255,0.0,0.0,0.0,0.0,0.0,0.0
268.1910083293915,-1.8895684151567413,-1.6090756754450901,-0.1543708868631686,0.006725830170046647,0.02090915885002229,-0.6054262777088462,0.7955982607725247,0.0,0.0,0.0,0.0,0.0,0.0
268.2727129459381,-2.1261856129177406,-1.0615792256935854,-0.12853769603545606,0.013800401979450516,0.02248572110023289,-0.6022771789194219,0.7978509516223052,0.0,0.0,0.0,0.0,0.0,0.0
268.3878276348114,-2.3613539685601697,-0.49845021252817606,-0.11720348543130439,0.04037605270611429,0.02850509317042332,-0.6030722533362977,0.796153936928686,0.0,0.0,0.0,0.0,0.0,0.0
268.4749381542206,-2.538512280685235,-0.08785534026165984,-0.11089796863598009,0.0423400048863433,0.036675682451539356,-0.6018258542768957,0.7966604417358564,0.0,0.0,0.0,0.0,0.0,0.0
268.5916142463684,-2.7747861361928927,0.2886417708614937,-0.07765500609373549,0.05039996629787019,0.038408861284994975,-0.5989656696878245,0.7982635713267427,0.0,0.0,0.0,0.0,0.0,0.0
268.6721086502075,-3.0310571173804517,0.6491335357924886,-0.054857311929454824,0.04852846943893723,0.04128422910459626,-0.5972843812108903,0.7994948205226994,0.0,0.0,0.0,0.0,0.0,0.0
268.77631163597107,-3.2420157429795857,0.8567441094714822,-0.017651178338908835,0.04428064966290012,0.03834030569115947,-0.5886882931014193,0.8062352873635731,0.0,0.0,0.0,0.0,0.0,0.0
268.874573469162,-3.3996678450841187,1.091632375378733,0.023938888169574988,0.04437660663308872,0.03918830881817236,-0.5835903019212408,0.8098872469295496,0.0,0.0,0.0,0.0,0.0,0.0
268.97879219055176,-3.5242988254145,1.3615447235931988,0.11044745149258157,0.04085045654596455,0.040970320253890774,-0.5780782532738986,0.8139276418392636,0.0,0.0,0.0,0.0,0.0,0.0
269.0776138305664,-3.623967704660999,1.5251380971191608,0.1758053674565833,0.036576524787998825,0.028115825683984807,-0.573466906172241,0.8179287045370921,0.0,0.0,0.0,0.0,0.0,0.0
269.20376443862915,-3.7145118702269535,1.6358747147044477,0.2444776424246064,0.010619383840740211,0.017730632320927676,-0.5710264586440131,0.8206714549030983,0.0,0.0,0.0,0.0,0.0,0.0
269.2766013145447,-3.8065544072959576,1.6228298496674953,0.2728178499930767,-0.017560854498716468,0.008274552594255552,-0.5687550355415177,0.8222778470290651,0.0,0.0,0.0,0.0,0.0,0.0
269.37600350379944,-3.854277138036634,1.487378962539474,0.29275338234927994,-0.026638735738209636,0.007647111119031382,-0.5706710820866125,0.8207109207996719,0.0,0.0,0.0,0.0,0.0,0.0
269.4976136684418,-3.8209350224838605,1.375837367381843,0.2637326151983446,-0.02777163685606641,-0.002127907612369827,-0.573486013207338,0.8187417180350767,0.0,0.0,0.0,0.0,0.0,0.0
269.5846834182739,-3.772873707275885,1.3450871511568108,0.23988505432260623,-0.02441235534548034,-8.156299489711321e-05,-0.576046355481544,0.8170524013735859,0.0,0.0,0.0,0.0,0.0,0.0
269.67996072769165,-3.7054487908289966,1.2721122134173364,0.17749504657983364,-0.013866538448542486,-0.003985816988958071,-0.5798676183239926,0.8145829470309307,0.0,0.0,0.0,0.0,0.0,0.0
269.7759780883789,-3.6699597746212964,1.285794499445657,0.11348952021219405,-0.01505499454523267,0.006982852516720097,-0.5803725100581808,0.8141820045166128,0.0,0.0,0.0,0.0,0.0,0.0
269.8963899612427,-3.609878611831566,1.2526395245740622,0.02915220703747879,-0.014650059555407154,0.0004184340245283459,-0.582192779943733,0.8129186722233218,0.0,0.0,0.0,0.0,0.0,0.0
269.97466373443604,-3.567789868477901,1.2033235764763657,-0.05177391190287556,-0.011581454557898963,0.0018406072868478688,-0.5831752483266147,0.8122617261783796,0.0,0.0,0.0,0.0,0.0,0.0
270.0807900428772,-3.4968133539635615,1.1572498233688218,-0.09996376839217519,-0.009295396837889651,-0.0038313393332114003,-0.5859111587148953,0.8103129213642466,0.0,0.0,0.0,0.0,0.0,0.0
270.1749014854431,-3.4202465691395774,1.1520537111794336,-0.09130540352556647,-0.008451770418840716,-0.015017800682791627,-0.5852726162458346,0.8106534388455688,0.0,0.0,0.0,0.0,0.0,0.0
270.2863531112671,-3.404957617148044,1.1676472285577653,-0.07158532940036809,-0.012904628727948035,0.014988422541749443,-0.5844902063701237,0.8111596738031701,0.0,0.0,0.0,0.0,0.0,0.0
270.37992763519287,-3.3711835509739907,1.1635004360576846,-0.03697495583820106,-0.006881289535685432,0.013572348764078887,-0.5868590042496742,0.809546137248758,0.0,0.0,0.0,0.0,0.0,0.0
270.48744893074036,-3.313266624241014,1.0779876345527961,-0.029673224947243153,0.002627106265566324,0.016478945752336587,-0.5907703248786503,0.8066671964957342,0.0,0.0,0.0,0.0,0.0,0.0
270.5857560634613,-3.2434748229260117,1.0125691272513275,0.009181237677653971,0.0072650724928456124,0.023003718247291572,-0.5905065131138532,0.8066722417677108,0.0,0.0,0.0,0.0,0.0,0.0
270.68653178215027,-3.2132922902939893,0.9434576061975423,0.04942146928585499,0.005588438801256861,0.022090656143358055,-0.5898909265164527,0.8071613637163473,0.0,0.0,0.0,0.0,0.0,0.0
270.7870910167694,-3.116443630948011,0.8501612209445609,0.04953893168406194,-0.0029699851871152695,0.02189613686159532,-0.5884747570159249,0.8082135848484152,0.0,0.0,0.0,0.0,0.0,0.0
270.8789505958557,-2.936880521060537,0.6919969483722114,0.06687681264573514,-0.012636363590270499,0.022552971974197904,-0.5892959972087393,0.8075035067688899,0.0,0.0,0.0,0.0,0.0,0.0
270.9779284000397,-2.8055760340570113,0.5334075203653795,0.09604039239304567,-0.024823165996014786,0.017799840082180562,-0.5893877188964534,0.8072726261536248,0.0,0.0,0.0,0.0,0.0,0.0
271.07638812065125,-2.6504235307336264,0.39441282613399825,0.1228726085192289,-0.024479425725450556,0.016259437696363933,-0.5892731832484932,0.8073992221361688,0.0,0.0,0.0,0.0,0.0,0.0
271.1981897354126,-2.456043733604914,0.19188269965225405,0.1431724007768915,-0.026395076907527425,0.00855777395325581,-0.5904472963381634,0.8065990668646456,0.0,0.0,0.0,0.0,0.0,0.0
271.296884059906,-2.208328354851257,-0.019220877838005135,0.1474749019215457,-0.021748988224486385,0.00479038557294767,-0.5871137313028294,0.8091980599537396,0.0,0.0,0.0,0.0,0.0,0.0
271.3871648311615,-2.002847862816575,-0.22502416177660062,0.2173914294832201,-0.02563068369290954,0.0012810885388086723,-0.5856581586525187,0.8101518055705881,0.0,0.0,0.0,0.0,0.0,0.0
271.47584676742554,-1.8459713043885024,-0.42534519024520717,0.27477890320861137,-0.021316616023887663,-0.0013385566251081138,-0.5823248752022382,0.8126755501847597,0.0,0.0,0.0,0.0,0.0,0.0
271.60997581481934,-1.7197620928150095,-0.713794573417485,0.33173224013224323,-0.020537013856310325,-0.0005914773063728923,-0.5837240337746111,0.8116921421390694,0.0,0.0,0.0,0.0,0.0,0.0
271.680965423584,-1.5522356886215356,-1.0936235589258956,0.3500704456901325,-0.0139793981368816,-0.006442210266338848,-0.5825916212435034,0.8126192695299771,0.0,0.0,0.0,0.0,0.0,0.0
271.789834022522,-1.3490053159635484,-1.4438625176932256,0.3638117950010807,-0.007319192468424472,-0.008843726792261159,-0.5849843341171406,0.8109633448902065,0.0,0.0,0.0,0.0,0.0,0.0
271.8768343925476,-1.1667533712565017,-1.8099544590085699,0.34228772091085896,-0.005415703116140065,-0.0021549405641919546,-0.5903610669716333,0.8071182298740315,0.0,0.0,0.0,0.0,0.0,0.0
271.9916124343872,-1.013129312861627,-2.324530876569086,0.2830458148280673,-0.0032170674057003766,-0.014863737717059887,-0.5936401583533141,0.8045869015641443,0.0,0.0,0.0,0.0,0.0,0.0
272.07781505584717,-0.8170110081230691,-2.8171452757073836,0.19108817221411203,-0.003792644868065568,-0.016027740250074498,-0.5961846059105836,0.8026784182115372,0.0,0.0,0.0,0.0,0.0,0.0
272.1759865283966,-0.6224652968441657,-3.323515140417516,0.1293467261703369,-0.011829766984008507,-0.012420160489201443,-0.5974050696082885,0.8017561842809791,0.0,0.0,0.0,0.0,0.0,0.0
272.2898066043854,-0.4941724894035757,-3.8333108040462642,0.08712041112606557,-0.005983114361496875,-0.002630588433137954,-0.5992254077822903,0.800553679034163,0.0,0.0,0.0,0.0,0.0,0.0
272.385666847229,-0.3579330841882311,-4.309772270603902,0.08420846182428772,-0.0017325470654501825,-0.006639589666107066,-0.6038174146345832,0.7970931212309471,0.0,0.0,0.0,0.0,0.0,0.0
272.47775864601135,-0.2149818897323369,-4.7610139526186765,0.09322181568758191,-0.0005434638119855396,-0.006201134453980661,-0.6070560093579269,0.7946346657936277,0.0,0.0,0.0,0.0,0.0,0.0
272.5771174430847,-0.05491478528372986,-5.197101532672631,0.12509869866357703,0.002129860196348737,-0.004555490261021761,-0.6131047646240665,0.7899856067038483,0.0,0.0,0.0,0.0,0.0,0.0
272.6795291900635,0.1316050335755586,-5.577312240212487,0.19979348010176062,0.0015467954754735127,-0.007420289349487904,-0.6155111663635766,0.7880917147207113,0.0,0.0,0.0,0.0,0.0,0.0
272.78608679771423,0.3371364264314439,-5.888941334846117,0.257316039599933,0.010591768546542656,-0.010830825700002007,-0.6213353715573257,0.7833982791054542,0.0,0.0,0.0,0.0,0.0,0.0
272.8768162727356,0.5159928193060348,-6.212777319634663,0.33945863145232913,0.005867168625987402,-0.020472386782830664,-0.6256925188586566,0.7797790261067513,0.0,0.0,0.0,0.0,0.0,0.0
273.0000138282776,0.673766173702867,-6.531610947792659,0.39129944707933395,0.01147692263387839,-0.017257230534191495,-0.6275414722787518,0.7783072457656538,0.0,0.0,0.0,0.0,0.0,0.0
273.0780529975891,0.8638232023847122,-6.869889530133418,0.3894136522501228,0.017978752406340552,-0.022906678524523827,-0.6292637884086245,0.7766460797161514,0.0,0.0,0.0,0.0,0.0,0.0
273.1816759109497,1.0654830206467045,-7.232116562802824,0.38419489249858935,0.020949820605407038,-0.02662129092330696,-0.6337794592277646,0.7727716408791763,0.0,0.0,0.0,0.0,0.0,0.0
273.2803363800049,1.2943746794571667,-7.597228927318719,0.37473009120112377,0.018685781721063048,-0.017006011040365025,-0.6378642955896108,0.769734225276421,0.0,0.0,0.0,0.0,0.0,0.0
273.3958351612091,1.4667828557146045,-7.994411529519864,0.3570311037412827,0.0023830834131188636,0.0030042125605064195,-0.6418315577258317,0.766836062745828,0.0,0.0,0.0,0.0,0.0,0.0
273.4880647659302,1.6775015938604316,-8.415225252464671,0.35226943161843277,-0.008178622060953987,-0.0022436327921493025,-0.6427566127640865,0.7660235068201692,0.0,0.0,0.0,0.0,0.0,0.0
273.579491853714,1.9128038172233315,-8.889804882088235,0.33501842386657477,-0.005801619619826629,-0.004911146447753672,-0.648282219364572,0.7613621910142734,0.0,0.0,0.0,0.0,0.0,0.0
273.67808532714844,2.088944598832524,-9.30532653142256,0.36966430390517746,-0.009175083393892136,-0.002227539900443754,-0.6479821330731327,0.7615970136027675,0.0,0.0,0.0,0.0,0.0,0.0
273.7795205116272,2.242892531474829,-9.631183201956022,0.4070118886683936,-0.0030583883124484447,0.0004494756969036823,-0.6512009991521447,0.7588990070725687,0.0,0.0,0.0,0.0,0.0,0.0
273.87754011154175,2.3213055343490816,-9.840187326752945,0.3872680087954588,0.004842251333245252,0.005282566222858221,-0.6563506540886536,0.7544219416039517,0.0,0.0,0.0,0.0,0.0,0.0
273.983615398407,2.3245410343955575,-9.99228401615203,0.36759669675397044,0.010534727292878939,0.001962591665369634,-0.6583612927505291,0.7526257874685299,0.0,0.0,0.0,0.0,0.0,0.0
274.0950725078583,2.265152085814257,-10.108525760658894,0.33124082284777395,0.0027672706213188974,0.005441681140092003,-0.6575386711067234,0.7533960620542388,0.0,0.0,0.0,0.0,0.0,0.0
274.177011013031,2.1635208198013087,-10.188458036369902,0.2859131308824494,-0.012885151989829952,-0.01130796605320195,-0.658795042028816,0.7521271138312607,0.0,0.0,0.0,0.0,0.0,0.0
274.282105922699,2.0840188586596704,-10.24936078996767,0.255918997123099,-0.02302888972902111,-0.009688015843025907,-0.6555400435864402,0.754747019763255,0.0,0.0,0.0,0.0,0.0,0.0
274.37907910346985,1.9795908727614624,-10.299117636645114,0.24993696230531157,-0.027510311428260444,-0.00906843808254529,-0.6571362120681346,0.7532150721968862,0.0,0.0,0.0,0.0,0.0,0.0
274.50041460990906,1.931929967076449,-10.330917652756685,0.2348348342020853,-0.023144467880140098,-0.01890172392110564,-0.6572018797927329,0.7531220004993925,0.0,0.0,0.0,0.0,0.0,0.0
274.57603192329407,1.9036665797635692,-10.32641784882396,0.27257797149857615,-0.025469200638064935,-0.01293113169951325,-0.6571994551637393,0.753175266312075,0.0,0.0,0.0,0.0,0.0,0.0
274.68768668174744,1.8686349841525451,-10.228823852466768,0.3411157316680782,-0.03357955312607654,-0.001330636909033225,-0.6525143871057612,0.7570307904155656,0.0,0.0,0.0,0.0,0.0,0.0
274.7808074951172,1.791948028366685,-10.193529386223899,0.37304593197734,-0.037947330780558224,-0.0067713871595601926,-0.6527664591739644,0.7565778863937308,0.0,0.0,0.0,0.0,0.0,0.0
274.8974652290344,1.7579825027886322,-10.131497573474306,0.38323126061664475,-0.02292646083950226,-0.0050195155187711974,-0.6566166527280772,0.7538592396578162,0.0,0.0,0.0,0.0,0.0,0.0
274.97909140586853,1.621858409303035,-9.994202136887216,0.35833296946793,-0.02455134959213845,-0.02427400883826516,-0.659094786717392,0.7512669737516978,0.0,0.0,0.0,0.0,0.0,0.0
275.09093713760376,1.5422449905401716,-9.682748589585364,0.34712422568254325,-0.034675442762354396,-0.02496523512146145,-0.6497560305217507,0.7589410066040285,0.0,0.0,0.0,0.0,0.0,0.0
275.1892535686493,1.4353375787892249,-9.249078330378055,0.28533475998527524,-0.023685847082370835,0.0048433820259821255,-0.6356677414269266,0.7715841138901733,0.0,0.0,0.0,0.0,0.0,0.0
275.27651262283325,1.312895730946298,-8.811867243318302,0.16897489974138014,-0.016380426796038128,-0.0011049932531732452,-0.6300268158985828,0.776399814436181,0.0,0.0,0.0,0.0,0.0,0.0
275.3876316547394,1.1661422926615612,-8.351592363633063,0.07112939546336104,-0.02151245312731702,0.01740524077928794,-0.6239219667365622,0.780996575778276,0.0,0.0,0.0,0.0,0.0,0.0
275.4760766029358,0.9725305486145979,-7.890472972012757,-0.04672027472536628,-0.016531905879635708,0.020576597300688344,-0.6214501443433961,0.7830089513070949,0.0,0.0,0.0,0.0,0.0,0.0
275.57824444770813,0.7970469262584241,-7.406136315942322,-0.09514923728274932,-0.013881028232044571,0.027198468207973624,-0.6171861537081441,0.7862244031148237,0.0,0.0,0.0,0.0,0.0,0.0
275.6966381072998,0.618323600520627,-6.95059832592641,-0.10448670966847319,-0.004532922274602669,0.019385145753939792,-0.6185005953859212,0.785532101347211,0.0,0.0,0.0,0.0,0.0,0.0
275.7857539653778,0.4523260469158158,-6.507384457787596,-0.07692700010348585,-0.008457249226686421,0.041647214878305264,-0.6140673729801397,0.7881086510561989,0.0,0.0,0.0,0.0,0.0,0.0
275.88176250457764,0.22444748732176745,-6.117875291742965,-0.04324283979831669,0.0005721339852089041,0.05585346145775257,-0.6113642186869931,0.7893756112365561,0.0,0.0,0.0,0.0,0.0,0.0
275.98571038246155,-0.07087737299413752,-5.712116035091663,0.046795499058152605,0.00676931349796369,0.0718280811630693,-0.6101663825987116,0.7889815515571669,0.0,0.0,0.0,0.0,0.0,0.0
276.0777487754822,-0.36624204533020815,-5.393722754776971,0.08948165796563717,0.02044992544290418,0.07685874582618081,-0.6116400590011271,0.7871283071802577,0.0,0.0,0.0,0.0,0.0,0.0
276.1911931037903,-0.6591862005409204,-5.161847991655891,0.11335085195646084,0.02014827258084646,0.06337850790165268,-0.6157355571845837,0.7851413474443396,0.0,0.0,0.0,0.0,0.0,0.0
276.27855920791626,-0.9767619293093686,-4.858361135551613,0.19942889405779915,0.011329467998386359,0.02882182492375873,-0.6190640243565869,0.784729685503435,0.0,0.0,0.0,0.0,0.0,0.0
276.37934708595276,-1.250716522878966,-4.375864277371968,0.32283165769466504,0.013958281486611584,0.00685659125821758,-0.6232705817275218,0.7818516070759529,0.0,0.0,0.0,0.0,0.0,0.0
276.47921562194824,-1.4330189842422179,-3.863397864441535,0.41511964573798077,0.010601900260610133,0.013978078028031454,-0.6173505725046375,0.7864925197823931,0.0,0.0,0.0,0.0,0.0,0.0
276.58057165145874,-1.6269285074776334,-3.4079460378992037,0.49662816411653893,0.008840495775008552,0.00894168770503386,-0.6145225380401003,0.788799050516763,0.0,0.0,0.0,0.0,0.0,0.0
276.68325901031494,-1.771979891942429,-2.968388861309485,0.5731798910736412,0.004528984671206715,0.0037414606105035325,-0.6082705254802973,0.7937080430499788,0.0,0.0,0.0,0.0,0.0,0.0
276.7798914909363,-1.8315133639525807,-2.5999258255425506,0.5906870338497108,0.0006201207319962885,-0.010727567636481741,-0.6080588741399152,0.7938192113589446,0.0,0.0,0.0,0.0,0.0,0.0
276.88792610168457,-1.8460712797866679,-2.1973522495649505,0.5828725187106304,-0.0037957165819033477,-0.02754815709849976,-0.6091469901013694,0.792569641120895,0.0,0.0,0.0,0.0,0.0,0.0
276.98733282089233,-1.7556837588161673,-1.7509350591645552,0.5448884172602241,-0.014611293962900153,-0.026454428563351284,-0.6092899711369502,0.7923713803324847,0.0,0.0,0.0,0.0,0.0,0.0
277.0759313106537,-1.6407432744662513,-1.5065070037667614,0.5019210832634337,-0.014540364351584425,-0.02012887752270035,-0.6091271363981003,0.7926837564865351,0.0,0.0,0.0,0.0,0.0,0.0
277.1846146583557,-1.5431240507909691,-1.5192682075214572,0.426481584107925,-0.015159281962968507,-0.018728006530038425,-0.6107377260254451,0.7914662898386772,0.0,0.0,0.0,0.0,0.0,0.0
277.2752585411072,-1.5746663180168528,-1.6279901010612257,0.34807295039237346,-0.006909769544248427,-0.02848447416495669,-0.6110911823555778,0.7910173554755974,0.0,0.0,0.0,0.0,0.0,0.0
277.3940327167511,-1.5240695142146479,-1.628901779696722,0.23292843985109593,-0.008581379077851913,-0.022909103500987082,-0.6100423215632398,0.7919910976845574,0.0,0.0,0.0,0.0,0.0,0.0
277.4793658256531,-1.388844749347037,-1.582421323297903,0.13891583681091105,-0.012810625111069115,-0.027228506276202345,-0.6078456563658979,0.7934848167213391,0.0,0.0,0.0,0.0,0.0,0.0
277.58282804489136,-1.1288798097726767,-1.4758795693253561,0.08502007371978335,-0.008831683947049833,-0.024586067734402278,-0.605706697292704,0.7952590291764937,0.0,0.0,0.0,0.0,0.0,0.0
277.6771614551544,-0.81504129299853,-1.3157384730516162,0.07548217508765549,-0.00461880033641623,-0.036029937530278396,-0.6055531797825981,0.7949753812163974,0.0,0.0,0.0,0.0,0.0,0.0
277.7772319316864,-0.5064355831156319,-1.1868912994571945,0.0458489655249696,-0.012108114234093893,-0.023994475544348113,-0.6035573873731094,0.796866449827289,0.0,0.0,0.0,0.0,0.0,0.0
277.87554001808167,-0.24054118563761587,-1.0609137030999631,0.052585938136611506,-0.00800442600979022,-0.02798411310924094,-0.612908872887711,0.7896173327082012,0.0,0.0,0.0,0.0,0.0,0.0
277.97408151626587,-0.0114337465721171,-0.8989690089303785,0.07339959461270133,-0.00188783353943867,-0.02726592203634099,-0.6094235450863381,0.7923736165940859,0.0,0.0,0.0,0.0,0.0,0.0
278.1042058467865,0.1464651818171257,-0.7275412756849906,0.12962290262663717,-0.01709852555638069,-0.004143065570000579,-0.6138544368462903,0.7892231660281899,0.0,0.0,0.0,0.0,0.0,0.0
278.18905568122864,0.23456567740417875,-0.48123968342261986,0.19791049080724932,-0.0025133500050278914,0.04116297952309602,-0.6159148800962526,0.7867325801468423,0.0,0.0,0.0,0.0,0.0,0.0
278.27585434913635,0.17639120819688908,-0.3653019592875664,0.26642870658281614,0.023273077201676692,0.07376431025813761,-0.6184017741187379,0.7820463133193962,0.0,0.0,0.0,0.0,0.0,0.0
278.38564372062683,0.13110050838607168,-0.32647195574100707,0.2811277851652555,0.0455016881846623,0.09699018973771707,-0.621712685763641,0.7758839061531714,0.0,0.0,0.0,0.0,0.0,0.0
278.47215843200684,0.11941030804579736,-0.3171386828491562,0.2921024003801947,0.057921765366502447,0.1073355242426947,-0.6209179961613639,0.774328739215642,0.0,0.0,0.0,0.0,0.0,0.0
278.578111410141,0.09917251421593531,-0.3214058750451296,0.3236664613088094,0.06375621738529791,0.10503448536330884,-0.6194547780643471,0.7753571303356861,0.0,0.0,0.0,0.0,0.0,0.0
278.67099595069885,0.10481748832604214,-0.3502928387768576,0.3169875542323735,0.047351561191089984,0.09056241495006458,-0.6157009992971206,0.7813248736061471,0.0,0.0,0.0,0.0,0.0,0.0
278.77473306655884,0.09966265577913799,-0.4264396210459583,0.3351663344598594,0.019026694743223226,0.054275540058788055,-0.6167020242531296,0.7850928377717655,0.0,0.0,0.0,0.0,0.0,0.0
278.8967137336731,0.10321167863843701,-0.5075838474281492,0.38554075578432423,0.009166130439107734,0.031195331743052945,-0.6189515138966201,0.7847559217841263,0.0,0.0,0.0,0.0,0.0,0.0
278.9927945137024,0.11679078209522051,-0.6002465579576713,0.44856239142737414,-0.0010645577274146503,0.030575495315360766,-0.6165647148684354,0.7867095767703776,0.0,0.0,0.0,0.0,0.0,0.0
279.08109188079834,0.06699566359968545,-0.6789219964277944,0.5169697763081534,0.0009534700071763002,0.020373982692933203,-0.6157460817046918,0.7876806171218436,0.0,0.0,0.0,0.0,0.0,0.0
279.17542123794556,0.03403622261393143,-0.7718193294881681,0.5456510694804316,0.015240198424174905,0.015105600081421694,-0.6167487820827559,0.7868675218850791,0.0,0.0,0.0,0.0,0.0,0.0
279.2913336753845,-0.019560976091979602,-0.8553464369449397,0.5364220866251667,0.034722063939137224,0.003285298805728937,-0.6193864269787346,0.7843111877067905,0.0,0.0,0.0,0.0,0.0,0.0
279.3887665271759,-0.05423759751129171,-0.8738843067110341,0.5090354314310984,0.03858433657350684,-0.0028641438152518777,-0.6213881134186441,0.7825470325503525,0.0,0.0,0.0,0.0,0.0,0.0
279.47993636131287,-0.09439830336222971,-0.7951358503314224,0.5000649381682831,0.036950483794852364,-0.006995487400032604,-0.6234395536880649,0.780966611194451,0.0,0.0,0.0,0.0,0.0,0.0
279.5838739871979,-0.13021735508203786,-0.725850725007994,0.46850693100446256,0.0278698594761063,-0.007251548426137579,-0.6208848159355403,0.7833726643934239,0.0,0.0,0.0,0.0,0.0,0.0
279.68741154670715,-0.1810157227201346,-0.6659180481388717,0.4330493625965902,0.0002409414132034929,-0.013304174536918649,-0.6203695010189862,0.7841968012511511,0.0,0.0,0.0,0.0,0.0,0.0
279.78640723228455,-0.13691691177707843,-0.5923284232002253,0.35582732933844013,-0.018068324299921033,-0.0049828605323576055,-0.6138239028813984,0.7892204527312452,0.0,0.0,0.0,0.0,0.0,0.0
279.8828911781311,-0.02703150649577968,-0.5998376337999998,0.24926054495741734,-0.028585729236817098,-0.015519413341961911,-0.6101408275888088,0.7916250213344197,0.0,0.0,0.0,0.0,0.0,0.0
279.9844057559967,0.0810691897920943,-0.6349752980296021,0.17120266783218008,-0.03373226542371355,-0.019285514907986516,-0.6069675040761524,0.7937761977910657,0.0,0.0,0.0,0.0,0.0,0.0
280.0850729942322,0.15135243930041867,-0.7321590065741034,0.10546016091797607,-0.03613095312603944,-0.022092519709138937,-0.6069385780565517,0.7936195796890053,0.0,0.0,0.0,0.0,0.0,0.0
280.1758623123169,0.24691006330964038,-0.8627609970494423,0.07203793648476388,-0.0336014101424773,-0.0244382066856037,-0.6073942439166867,0.7933132746571574,0.0,0.0,0.0,0.0,0.0,0.0
280.2957549095154,0.32157765614294576,-0.9204754746160695,0.09984571087538996,-0.025102193092858226,-0.027552695294789525,-0.6058298293421772,0.7947206721629347,0.0,0.0,0.0,0.0,0.0,0.0
280.39350724220276,0.3547163261881268,-1.0006203897282435,0.1632119098559642,-0.023345583864177195,-0.015523877943703626,-0.6050546609135508,0.7956901722620273,0.0,0.0,0.0,0.0,0.0,0.0
280.4758584499359,0.368829425863927,-1.0868350534934024,0.21809137527212905,-0.018551476630963716,-0.011077743752396367,-0.6059616632641276,0.7952003451723954,0.0,0.0,0.0,0.0,0.0,0.0
280.5930106639862,0.3646428744739435,-1.183297040073899,0.2548586174316674,-0.015547371273272036,-0.008083974889518593,-0.6041397305485176,0.7966857062664041,0.0,0.0,0.0,0.0,0.0,0.0
280.68902564048767,0.35554303524933534,-1.2943437873207675,0.27146270113489446,-0.010297817405253321,-0.011753861302979196,-0.6105995468599003,0.7917853213312307,0.0,0.0,0.0,0.0,0.0,0.0
280.78643679618835,0.362796851991242,-1.3711034819594816,0.3043005570355681,-0.005256416897852172,-0.01162807403529117,-0.6146489369137267,0.7886975607458215,0.0,0.0,0.0,0.0,0.0,0.0
280.88293647766113,0.33840533307352944,-1.491552318749779,0.32936936758806634,-0.00821148354959315,-0.006756751784730785,-0.6153626953067493,0.7881723612687799,0.0,0.0,0.0,0.0,0.0,0.0
280.9750061035156,0.2753636708399644,-1.649883824132458,0.3875688809948397,-0.009728687473172777,0.004040152686188775,-0.6127254480808761,0.7902256355499794,0.0,0.0,0.0,0.0,0.0,0.0
281.0839867591858,0.1930191400250266,-1.8177090022591937,0.4279410182463588,-0.014200320274392074,-0.004709183756840249,-0.6128137410560693,0.7900857505772844,0.0,0.0,0.0,0.0,0.0,0.0
281.1779124736786,0.11951001847929121,-2.0049840805413006,0.5016640977821983,-0.01803758824228024,-0.0064017942249541705,-0.6130639249385613,0.7898014221182349,0.0,0.0,0.0,0.0,0.0,0.0
281.29481172561646,0.07132837010149906,-2.179070757096015,0.5422780590229098,-0.013042236810568958,-0.005781539726650753,-0.6161444852273729,0.7875039347084041,0.0,0.0,0.0,0.0,0.0,0.0
281.3831000328064,0.01984825802010791,-2.2827887375979627,0.5927933062737022,-0.012528318107690565,4.6834529290782765e-05,-0.6184766337816263,0.7857033107465077,0.0,0.0,0.0,0.0,0.0,0.0
281.4801206588745,-0.04136845160448437,-2.3723967052344728,0.6301001025626564,-0.008378308440251355,-0.006902809928023377,-0.6223596675786793,0.7826561181860711,0.0,0.0,0.0,0.0,0.0,0.0
281.57550406455994,-0.08923853807375876,-2.4437212144964517,0.6435681213521257,-0.009807212584065084,0.0012500758250267828,-0.6256115117193828,0.7800721071131222,0.0,0.0,0.0,0.0,0.0,0.0
281.6954131126404,-0.18962855330076242,-2.57156375353268,0.619970024846977,-0.0035720523809011184,0.007990984848898338,-0.6289479891071159,0.777398103677262,0.0,0.0,0.0,0.0,0.0,0.0
281.7789726257324,-0.31134089276640964,-2.76491630223465,0.5732759680106658,0.008747249603128884,0.010277089837370364,-0.6316665506823258,0.7751227230560997,0.0,0.0,0.0,0.0,0.0,0.0
281.8742949962616,-0.400535498816834,-2.9400458516706456,0.5337794263544826,0.01905990606398073,0.017175192473508252,-0.6334060021865136,0.7733941874221604,0.0,0.0,0.0,0.0,0.0,0.0
281.97718596458435,-0.5254925007365315,-3.1404129516604944,0.4965755868654554,0.035559526782097416,0.01891189827279657,-0.6347414185017222,0.7716742783047323,0.0,0.0,0.0,0.0,0.0,0.0
282.0942289829254,-0.679102047580851,-3.285136538877471,0.5053405410463916,0.04536447624630599,0.015416772499560683,-0.6374299288138617,0.7690172125985909,0.0,0.0,0.0,0.0,0.0,0.0
282.19386768341064,-0.850620181364402,-3.4357160161523868,0.5374622417918511,0.046863426091410816,0.0065993911339067915,-0.6350174866432358,0.7710467294456934,0.0,0.0,0.0,0.0,0.0,0.0
282.2826638221741,-0.990615744369892,-3.5831468686244756,0.5503270372468783,0.047568028636418125,0.005869605530068554,-0.6320606478944985,0.7734353028959229,0.0,0.0,0.0,0.0,0.0,0.0
282.37758779525757,-1.1155095133356436,-3.7186360331610517,0.5900387856659829,0.04706861553679025,0.0009195884598757957,-0.6321366625528694,0.773425458363629,0.0,0.0,0.0,0.0,0.0,0.0
282.5025866031647,-1.2080851089182234,-3.8117201659426176,0.6282984534064688,0.04310613944077988,-0.001994419081087724,-0.6267816648312903,0.7779991180369761,0.0,0.0,0.0,0.0,0.0,0.0
282.5754520893097,-1.2892039001202993,-3.90081036577048,0.6650035733219564,0.014735348261835791,-0.00010663921374207338,-0.6250187426389361,0.7804706461422359,0.0,0.0,0.0,0.0,0.0,0.0
282.674831867218,-1.3688858064289036,-3.9906439239784968,0.6613870081633776,0.0036355577946034627,-0.0034845160652509847,-0.6217496415017261,0.7831998622061573,0.0,0.0,0.0,0.0,0.0,0.0
282.8062069416046,-1.418100465963002,-3.9767333789586967,0.6389864459677179,-0.0015365260346036044,-0.0009697588511957101,-0.6235076040355679,0.7818151740439025,0.0,0.0,0.0,0.0,0.0,0.0
282.87444138526917,-1.4610811245455475,-3.8448620686659325,0.5916352203279105,-0.00987037802708316,-0.003798905803889042,-0.6273575210110452,0.7786595435638918,0.0,0.0,0.0,0.0,0.0,0.0
282.99585795402527,-1.5222086697044024,-3.7004860123871346,0.508992001034102,-0.011998119279357193,-0.005217073921196908,-0.6262847498049449,0.7794845985875362,0.0,0.0,0.0,0.0,0.0,0.0
283.0760078430176,-1.5228107930380057,-3.578023546431511,0.41863668698356,-0.015758868147966718,-0.004382153694590902,-0.6259331267204323,0.7797051851037228,0.0,0.0,0.0,0.0,0.0,0.0
283.1793246269226,-1.4878166636159902,-3.5629393530193347,0.29591506518577765,-0.016542526464382555,-0.008859555753233403,-0.6297211152304325,0.7765945983091349,0.0,0.0,0.0,0.0,0.0,0.0
283.27926111221313,-1.4581466288514906,-3.611243462351003,0.15884296339474202,-0.018126161383668425,-0.009612780577033294,-0.6302544816133937,0.7761174686407071,0.0,0.0,0.0,0.0,0.0,0.0
283.39379954338074,-1.4139187044732815,-3.6681619563955103,0.05577511599416703,-0.024562198688074514,-0.008215640901019039,-0.6286190323314769,0.7772820040569489,0.0,0.0,0.0,0.0,0.0,0.0
283.47460532188416,-1.4110382778636477,-3.73374460230042,-0.05815907400163784,-0.0249312983089735,-0.006526193953512495,-0.6287256213793896,0.777200059301443,0.0,0.0,0.0,0.0,0.0,0.0
283.5940902233124,-1.4607376668997336,-3.8291433140082325,-0.12565023339003048,0.006990908807608139,-0.025846723897121813,-0.6246544790713923,0.7804420899937633,0.0,0.0,0.0,0.0,0.0,0.0
283.6774106025696,-1.669867457624731,-3.9818902174465545,-0.1524085143637067,-0.03225212351120751,0.01389687228242685,-0.6198373220213222,0.7839441126121015,0.0,0.0,0.0,0.0,0.0,0.0
283.77784180641174,-1.852152640823036,-4.041879029407827,-0.1252391832001359,-0.03139874817727186,0.007667320860636994,-0.6224231431713423,0.7820132745985726,0.0,0.0,0.0,0.0,0.0,0.0
283.88146138191223,-2.007247720136803,-4.062356009238613,-0.052366079149842135,-0.03482445360526924,0.009834680368258549,-0.617596109253592,0.7856625117236594,0.0,0.0,0.0,0.0,0.0,0.0
283.9914743900299,-2.105709967499527,-4.041703237987695,0.026688052652587186,-0.025797503018030837,0.010418553173494932,-0.6135340394540627,0.7891780059143451,0.0,0.0,0.0,0.0,0.0,0.0
284.09300923347473,-2.188594656462353,-4.048259977773744,0.13682068600800656,-0.0332024407966793,0.005953872236106023,-0.6086089557151106,0.792752980665388,0.0,0.0,0.0,0.0,0.0,0.0
284.1879150867462,-2.204927275307097,-4.044803432791562,0.2553923251483321,-0.029657581440240638,0.007225447460808402,-0.6063049505866133,0.7946461650736295,0.0,0.0,0.0,0.0,0.0,0.0
284.30393719673157,-2.1826604503313685,-3.9545096170924454,0.38031209611651834,-0.03589438607043456,0.016211876566060192,-0.6058169119070622,0.7946286159925148,0.0,0.0,0.0,0.0,0.0,0.0
284.37534499168396,-2.1170814946813583,-3.9668976834232237,0.49570300772834675,-0.0326065310556944,0.009061908643224292,-0.6071023522574289,0.7939026576525032,0.0,0.0,0.0,0.0,0.0,0.0
284.47687911987305,-2.049945146581367,-3.979309550023105,0.5827510228656582,-0.030737620758671598,0.013495575497452299,-0.6075877189425667,0.7935428355811752,0.0,0.0,0.0,0.0,0.0,0.0
284.58120918273926,-1.9948247442089753,-3.98801132180912,0.659733983386327,-0.02079050276965796,0.00458357317532477,-0.6085146339783566,0.7932570113687447,0.0,0.0,0.0,0.0,0.0,0.0
284.6854372024536,-1.9826184339611017,-3.8909147326345708,0.7511003708408205,-0.013290079266459072,0.0009539530212660411,-0.6057266732635426,0.795561223956875,0.0,0.0,0.0,0.0,0.0,0.0
284.7931044101715,-1.9815506567787335,-3.7793165954623675,0.8462372158700497,-0.024710106413735604,-0.0016832933497155586,-0.6064009518564469,0.7947732146669705,0.0,0.0,0.0,0.0,0.0,0.0
284.9051058292389,-1.9664263524026284,-3.674398628132452,0.9366266011197381,-0.01693447754156905,-0.006043767729559598,-0.6045698609602597,0.7963491568153209,0.0,0.0,0.0,0.0,0.0,0.0
284.98319125175476,-1.9276653130941654,-3.573199160069632,0.997993513754714,-0.020354240985656455,-0.00890918470694973,-0.6028977244980003,0.797509037627063,0.0,0.0,0.0,0.0,0.0,0.0
285.0800564289093,-1.8700249225769454,-3.4619334841627722,1.0342592827724881,-0.016579411749784344,-0.006816623541706321,-0.6013352706717001,0.7987956866406274,0.0,0.0,0.0,0.0,0.0,0.0
285.1965253353119,-1.794366206326676,-3.339418242582516,1.0843040427716493,-0.012022177036749893,-0.011518832189745348,-0.600663566217564,0.7993285081761041,0.0,0.0,0.0,0.0,0.0,0.0
285.2758619785309,-1.7111527830761464,-3.20407623475518,1.105279065615429,-0.00926779965364494,-0.01125410458800228,-0.5990617415252061,0.8005700986548561,0.0,0.0,0.0,0.0,0.0,0.0
285.3964717388153,-1.6602142164525397,-3.1015939039355116,1.1392798855008197,-0.008046147493164058,-0.007494174622597715,-0.5980372712496548,0.8013928618683024,0.0,0.0,0.0,0.0,0.0,0.0
285.4805574417114,-1.6403101556264612,-2.9761286849599298,1.1670140018335,-0.009653195686391227,-0.008356231860861468,-0.5970201935057691,0.8021246023832065,0.0,0.0,0.0,0.0,0.0,0.0
285.5771038532257,-1.6026119706159063,-2.8567263521839314,1.1829017138787024,-0.009810619629898333,-0.01042305763028739,-0.595589454519318,0.8031614490732545,0.0,0.0,0.0,0.0,0.0,0.0
285.6844279766083,-1.5719647795938887,-2.733498390589875,1.208899424994829,-0.005265586602498401,-0.00780439095359215,-0.5933540239007363,0.8048865556091334,0.0,0.0,0.0,0.0,0.0,0.0
285.77831649780273,-1.527441390742571,-2.7121732283872113,1.2210197805838836,-0.0017656865717736094,-0.00699135686636156,-0.5953626210170445,0.8034247648509264,0.0,0.0,0.0,0.0,0.0,0.0
285.8791618347168,-1.4896482051072644,-2.6926741134470173,1.219034975273635,0.011353177066151856,-0.011963690467220197,-0.5966269647075734,0.8023492010743767,0.0,0.0,0.0,0.0,0.0,0.0
286.00098514556885,-1.4901002808835524,-2.664643068264191,1.1925276381257803,0.0268531448192142,-0.019562078528286286,-0.5964323576127247,0.8019754837209497,0.0,0.0,0.0,0.0,0.0,0.0
286.1007168292999,-1.4089580624930838,-2.582569501335115,1.173037955683738,0.0317493233746733,-0.012985701838663356,-0.5961092678309717,0.8021702393002271,0.0,0.0,0.0,0.0,0.0,0.0
286.2035267353058,-1.3913863723660904,-2.433490251117431,1.1222189144058925,0.035444848758658457,0.0030532697525048427,-0.5957795812546683,0.8023596642405825,0.0,0.0,0.0,0.0,0.0,0.0
286.2863664627075,-1.374292795485308,-2.32389614599077,1.0352044073949902,0.02670563042507348,0.014855603571798723,-0.5962021674313162,0.8022525137986615,0.0,0.0,0.0,0.0,0.0,0.0
286.3802864551544,-1.3659629282524592,-2.221088347734726,0.9530387507461873,0.014722041662021092,0.023356078493976338,-0.595622024524675,0.8027902334905218,0.0,0.0,0.0,0.0,0.0,0.0
286.47750067710876,-1.294294570287984,-2.1605794955427235,0.8111255947505099,0.009102852894867194,0.02546743588600224,-0.5979138513769001,0.8011039720973574,0.0,0.0,0.0,0.0,0.0,0.0
286.5762403011322,-1.1946937399756035,-2.16956001130083,0.658781803916153,0.014847448975606775,0.035504759451855376,-0.5968218084409092,0.8014503691960349,0.0,0.0,0.0,0.0,0.0,0.0
286.704217672348,-1.0988228640340756,-2.204352187964865,0.5342358045239995,0.011857100270048878,0.04464577145350332,-0.5950563411833764,0.8023553546165916,0.0,0.0,0.0,0.0,0.0,0.0
286.8010084629059,-1.010608970513021,-2.263159705264016,0.41541220468780327,0.0005284417012046375,0.037675102808266664,-0.589187399155407,0.8071174115667423,0.0,0.0,0.0,0.0,0.0,0.0
286.88045144081116,-0.9823306284921007,-2.366667060880838,0.32346350477617053,0.008776986239170184,0.034067760557924896,-0.5896393119006429,0.8069001388427305,0.0,0.0,0.0,0.0,0.0,0.0
286.9754068851471,-0.9063717785516119,-2.564408077079211,0.23782049822123913,-0.0012764269963426032,0.029251200241707454,-0.5859187251386737,0.8098407161598942,0.0,0.0,0.0,0.0,0.0,0.0
287.0987477302551,-0.8353879711558438,-2.762852176654654,0.1840417642083658,-0.004723120143126303,0.02653612309579316,-0.5831022454045431,0.8119515365533188,0.0,0.0,0.0,0.0,0.0,0.0
287.17755341529846,-0.7575788020308911,-2.9401991716196947,0.1371950842107784,0.0035461052482113837,0.017895603203320794,-0.5812209280667506,0.8135412744911837,0.0,0.0,0.0,0.0,0.0,0.0
287.28849697113037,-0.7045536826712644,-3.075623490913116,0.1292720953466614,-0.001593983499218965,0.019740868698626707,-0.584613541716701,0.811070135167754,0.0,0.0,0.0,0.0,0.0,0.0
287.37426948547363,-0.6315602405908463,-3.214359979744061,0.13722649313297897,-0.010481189272638733,0.01663553240824151,-0.5863719220137069,0.8098032926623803,0.0,0.0,0.0,0.0,0.0,0.0
287.47894525527954,-0.5823477677739809,-3.363207875130875,0.1473598855285155,-0.027540251128550037,-0.003253862424029088,-0.5879334149607786,0.8084338232159852,0.0,0.0,0.0,0.0,0.0,0.0
287.5801091194153,-0.5139306890831891,-3.5095333894044414,0.17307276883911088,-0.02598569359000647,-0.010681757210660288,-0.5904069787752411,0.8066165403740412,0.0,0.0,0.0,0.0,0.0,0.0
287.69000816345215,-0.4236339348063419,-3.6802164556120034,0.23552758372270446,-0.026810179417316195,-0.022521822061880848,-0.5931355124794144,0.8043408765233574,0.0,0.0,0.0,0.0,0.0,0.0
287.7776017189026,-0.3291058915081098,-3.884059506568108,0.29358608158005606,-0.027450577164461643,-0.032027956955474314,-0.5923779007941322,0.8045552177677362,0.0,0.0,0.0,0.0,0.0,0.0
287.90233755111694,-0.2308604415268176,-4.0785507367659575,0.35962068986781665,-0.034530622857962094,-0.037547634026927575,-0.5973745488689641,0.8003383407207102,0.0,0.0,0.0,0.0,0.0,0.0
287.98308420181274,-0.14990958310702618,-4.286143540642292,0.3871562225295913,-0.05290684768339339,-0.03577893427042258,-0.6009305337577482,0.7967453965529169,0.0,0.0,0.0,0.0,0.0,0.0
288.08150029182434,-0.06516167051197354,-4.542224996283034,0.3882752735710217,-0.0697723897523427,-0.01907163983031998,-0.6005259966720246,0.7963269513858358,0.0,0.0,0.0,0.0,0.0,0.0
288.1755475997925,0.020188828723582387,-4.817832041735279,0.3795785723917027,-0.07954168627340216,-0.009032356710234392,-0.6035376225651705,0.7933056629227998,0.0,0.0,0.0,0.0,0.0,0.0
288.2772297859192,0.11667244468229815,-5.106432711903538,0.3484813921560107,-0.07690518426198517,-0.005200539537583595,-0.6081560453763519,0.7900663082895657,0.0,0.0,0.0,0.0,0.0,0.0
288.4045994281769,0.18924626379333964,-5.51316843830674,0.32125152638378784,-0.0859442661145463,0.0004011949134330054,-0.608352037010342,0.7890001401964383,0.0,0.0,0.0,0.0,0.0,0.0
288.4852180480957,0.2416902273932634,-5.98283900057664,0.30301957127107954,-0.08135490602933033,-0.006220621281584654,-0.6094568732701229,0.7886095375783844,0.0,0.0,0.0,0.0,0.0,0.0
288.57617473602295,0.2738431745507854,-6.435130213988142,0.2873366708175163,-0.05957918528314816,-0.015809988200118967,-0.6114123520933947,0.78890766295029,0.0,0.0,0.0,0.0,0.0,0.0
288.6737930774689,0.31965237817405984,-6.847634104638119,0.28508873890820874,-0.030880762136721123,-0.027516349902181544,-0.6122285357228309,0.7895982833470141,0.0,0.0,0.0,0.0,0.0,0.0
288.77600932121277,0.4187999648819303,-7.196687218506574,0.2706721726894811,-0.017381602626755532,-0.009769938944766686,-0.6118905307616256,0.790691094263338,0.0,0.0,0.0,0.0,0.0,0.0
288.8782413005829,0.5103540041898135,-7.612881016464816,0.2810207084453035,-0.013650423970894582,-0.011403587987226736,-0.6132777592136107,0.7896670273984613,0.0,0.0,0.0,0.0,0.0,0.0
288.9749391078949,0.5711852766883231,-8.015346740719469,0.3141234650841538,-0.008274352038389485,-0.008376589149129407,-0.6124359909061406,0.7904324923074345,0.0,0.0,0.0,0.0,0.0,0.0
289.085232257843,0.6674723054706796,-8.41937553841109,0.2990887201916077,-0.004668489425605187,0.0002055377281458702,-0.6079600973901426,0.7939538292256367,0.0,0.0,0.0,0.0,0.0,0.0
289.1784198284149,0.7705271472303261,-8.885293112595296,0.26720635995212916,0.007721900778520174,0.00650879002276984,-0.6041895428817388,0.7967766338021711,0.0,0.0,0.0,0.0,0.0,0.0
289.2854206562042,0.8977720926188919,-9.397963480405975,0.20069945146509838,0.02301235024677696,0.005362900685792097,-0.5985473099050117,0.8007389017887073,0.0,0.0,0.0,0.0,0.0,0.0
289.4076473712921,1.0161171825413324,-9.88850472862406,0.1722708943950001,0.03297055080108339,0.0016933682894735003,-0.5992339931562812,0.7998929282908083,0.0,0.0,0.0,0.0,0.0,0.0
289.476824760437,1.1534162285352625,-10.357630731605276,0.14190430087508946,0.008171671827447753,0.011347337347962116,-0.5966921296466176,0.8023484057019102,0.0,0.0,0.0,0.0,0.0,0.0
289.5775649547577,1.2496364430984837,-10.886712771540568,0.08667236929450174,-0.0064412529690916175,0.027649740175288377,-0.5894230394042117,0.8073255122612474,0.0,0.0,0.0,0.0,0.0,0.0
289.69343519210815,1.347590737139007,-11.401291034693212,0.042518680535215826,-0.008268452172700568,0.0242558930181885,-0.5915067155151283,0.8058927285023855,0.0,0.0,0.0,0.0,0.0,0.0
289.7928202152252,1.4754752956301227,-11.89971931394891,0.004704104500627138,-0.018683547309650685,0.031276740646842445,-0.5879880524929146,0.8080487241992186,0.0,0.0,0.0,0.0,0.0,0.0
289.87900495529175,1.5694960257910693,-12.241644476125774,-0.02510765127368718,-0.022893538489165387,0.016554990531714865,-0.5877495728046256,0.808549477677079,0.0,0.0,0.0,0.0,0.0,0.0
289.9818682670593,1.6748051256714063,-12.426975115172796,-0.00026882909934835864,-0.022267054801104542,0.023064333691879112,-0.588614172812505,0.8077781690204568,0.0,0.0,0.0,0.0,0.0,0.0
290.0823996067047,1.7582224440157368,-12.62662409439797,-0.03359511102922669,-0.015624780939876794,0.030133282006590455,-0.5885556405459502,0.8077438390465108,0.0,0.0,0.0,0.0,0.0,0.0
290.2027359008789,1.838903546241593,-12.783735594558268,-0.05650820066332975,-0.01824958698570741,0.04168427637064074,-0.5848029948223684,0.8098980373633787,0.0,0.0,0.0,0.0,0.0,0.0
290.2891218662262,1.8725088905910108,-12.908858383297744,-0.07335154822287926,-0.019839781138778132,0.04800329925386754,-0.5853021127993508,0.809149864424188,0.0,0.0,0.0,0.0,0.0,0.0
290.37411522865295,1.9131503176210851,-13.051026648477988,-0.0988420837423426,-0.020363193783685517,0.049751189256733615,-0.5844523078740852,0.8096453910985237,0.0,0.0,0.0,0.0,0.0,0.0
290.4901716709137,1.951791785189976,-13.138290991728164,-0.1366348021634709,-0.022603602372202714,0.05555286950525716,-0.5844662363457387,0.8091984765317688,0.0,0.0,0.0,0.0,0.0,0.0
290.59591817855835,2.0376014343851794,-13.190768358267027,-0.1479815782474091,-0.03393151662835168,0.057233797814901115,-0.5888569761479188,0.8054938896160975,0.0,0.0,0.0,0.0,0.0,0.0
290.68251371383667,2.12102683168745,-13.132872646844596,-0.17765919828966184,-0.04511993202287312,0.060383354843532154,-0.5901616930510115,0.8037581839379381,0.0,0.0,0.0,0.0,0.0,0.0
290.7752408981323,2.20387263194946,-13.080002776472115,-0.2012166876037974,-0.05034283739883661,0.06516493465401839,-0.591562201113842,0.8020431984796548,0.0,0.0,0.0,0.0,0.0,0.0
290.87782740592957,2.2750887141922918,-13.025926966147901,-0.2044039607782384,-0.04873548783024123,0.06370976196222836,-0.5938764692125768,0.8005477236069218,0.0,0.0,0.0,0.0,0.0,0.0
290.9750943183899,2.3966703297486527,-12.96483473406558,-0.21342679514503055,-0.029211591774588687,0.04750461627948853,-0.5969206889840509,0.8003597225003861,0.0,0.0,0.0,0.0,0.0,0.0
291.07462525367737,2.480293836593136,-12.975827661265564,-0.21935520696557717,-0.016453598540283696,0.03183637385836016,-0.5996906906764471,0.799429046201467,0.0,0.0,0.0,0.0,0.0,0.0
291.1962037086487,2.5576483947657622,-13.025091070262576,-0.23442553195980653,-0.008531436115851273,0.029713520699981375,-0.6025260337674775,0.7975002820800766,0.0,0.0,0.0,0.0,0.0,0.0
291.2796723842621,2.5996404254147363,-13.053526907113062,-0.24372953950632084,-0.00943038424077276,0.03136484959176748,-0.6044352379674146,0.7959807517562143,0.0,0.0,0.0,0.0,0.0,0.0
291.3825373649597,2.592608167904083,-13.160064014221339,-0.26742043116125436,-0.018957150675316753,0.026575589786416103,-0.6062859191331414,0.7945764587040163,0.0,0.0,0.0,0.0,0.0,0.0
291.4938645362854,2.518313567937027,-13.257636718749803,-0.27825445858495584,-0.015371226560066462,0.011539914700963638,-0.6101532866715403,0.7920502020242195,0.0,0.0,0.0,0.0,0.0,0.0
291.6053478717804,2.436617094449754,-13.30065544173756,-0.23734068705316144,-0.012796253643942542,0.003805969983313608,-0.6034319764544896,0.7973027155838304,0.0,0.0,0.0,0.0,0.0,0.0
291.70251631736755,2.3605854733093437,-13.226082422359859,-0.2118132842829979,-0.013197545700299906,0.0065627216229077285,-0.6031072342353239,0.7975239303527902,0.0,0.0,0.0,0.0,0.0,0.0
291.788938999176,2.2408660437274825,-13.107171196100566,-0.19686292272255088,-0.016078615303815214,0.005412493083752032,-0.602448347897575,0.797977550538841,0.0,0.0,0.0,0.0,0.0,0.0
291.8894340991974,2.0717527084761014,-12.899587434186508,-0.18037375284575596,-0.015849548069189853,-0.014207602553217622,-0.5848943053918352,0.8108301840557309,0.0,0.0,0.0,0.0,0.0,0.0
291.983966588974,1.9083149520161358,-12.648778097704191,-0.14825085191034806,-0.023404923445366804,-0.014753290097720629,-0.5745396222373701,0.8180090295767543,0.0,0.0,0.0,0.0,0.0,0.0
292.0793755054474,1.8088975040391195,-12.371409282031221,-0.07898663813854388,-0.011940341835144565,-0.009200239307081557,-0.5761760573028054,0.8171865973108596,0.0,0.0,0.0,0.0,0.0,0.0
292.17815709114075,1.7020906496680832,-12.091208026733224,-0.007476556986592694,-0.008159987789726882,-0.005606823576436223,-0.5796500932488949,0.8148053433337048,0.0,0.0,0.0,0.0,0.0,0.0
292.29618883132935,1.6058468136051984,-11.783711124582174,0.048293499606762685,-0.0028867651593432594,-0.006236444370344165,-0.575768283831659,0.8175840364647732,0.0,0.0,0.0,0.0,0.0,0.0
292.38987588882446,1.520497964073479,-11.500725010173522,0.09916833652504925,0.002795452488229562,-0.008033040103166288,-0.5759240938160537,0.8174589248850361,0.0,0.0,0.0,0.0,0.0,0.0
292.4806618690491,1.4407914908259267,-11.195550452332473,0.12679961134030612,0.0021748214836458776,-0.00974510010468755,-0.5735387005161948,0.8191176119371463,0.0,0.0,0.0,0.0,0.0,0.0
292.5765085220337,1.3600536640384777,-10.902537652494951,0.1335499075985569,0.004118760852904307,-0.010540125522003906,-0.5716632062280854,0.8204103364829075,0.0,0.0,0.0,0.0,0.0,0.0
292.68023657798767,1.2795821661310867,-10.620041613188768,0.13564449779088222,0.002890027391090834,-0.009358412092767754,-0.5723586883292583,0.8199448760488393,0.0,0.0,0.0,0.0,0.0,0.0
292.78273725509644,1.1925211498234187,-10.324657631050643,0.124498833926863,0.0027952647885828687,-0.012423839865002808,-0.5741403571373206,0.8186578558860571,0.0,0.0,0.0,0.0,0.0,0.0
292.9038121700287,1.1127497205790975,-10.019675118626825,0.11769422148017859,0.0014332048792587752,-0.009983508071660417,-0.5731824527404922,0.8193657006250055,0.0,0.0,0.0,0.0,0.0,0.0
292.9766471385956,1.0320423198277144,-9.700284253195262,0.10946456248590017,0.00012955880980646984,-0.01147842791918993,-0.5742217734309848,0.8186193155702771,0.0,0.0,0.0,0.0,0.0,0.0
293.07430601119995,0.9464382749290297,-9.373462544306246,0.09454396520862908,0.0005280119798869677,-0.012423448212596642,-0.5752687458745169,0.8178699463593055,0.0,0.0,0.0,0.0,0.0,0.0
293.1882884502411,0.8791719692833752,-9.076226496082167,0.09472351570451983,0.0002000638765746376,-0.010909981669207744,-0.5774981627250175,0.8163190579201288,0.0,0.0,0.0,0.0,0.0,0.0
293.29466557502747,0.7808250884286781,-8.763244429503496,0.0918246924607631,2.0879393843715285e-05,-0.010116289827368601,-0.576707577321861,0.8168880158893775,0.0,0.0,0.0,0.0,0.0,0.0
293.40036487579346,0.7015625427901787,-8.458321616231006,0.09131469248529539,0.0005246703724105994,-0.010063954343963509,-0.5752255737257723,0.8179327483820253,0.0,0.0,0.0,0.0,0.0,0.0
293.49284768104553,0.6213866991871604,-8.168667059783242,0.08636063131800932,3.9014221009682326e-05,-0.010324893011254886,-0.5762342517046464,0.8172193599178477,0.0,0.0,0.0,0.0,0.0,0.0
293.5782678127289,0.5546674108272887,-7.838440131069559,0.07291246208178788,-0.0014707585326335637,-0.011988934888094775,-0.574676663413632,0.8182914119293422,0.0,0.0,0.0,0.0,0.0,0.0
293.6760907173157,0.480814486313795,-7.530759051788012,0.07161677678766251,-0.0012508536267171245,-0.009064243142934074,-0.575190131928622,0.8179685733531196,0.0,0.0,0.0,0.0,0.0,0.0
293.7764575481415,0.41802811445974963,-7.2224999130108465,0.07545938827916171,-0.001286184487428242,-0.010019623143449324,-0.5770509156200723,0.8166456965315602,0.0,0.0,0.0,0.0,0.0,0.0
293.878933429718,0.3622435497172297,-6.913271242416489,0.08039612633100689,-0.0009692905522508652,-0.008197721852602823,-0.5773635619318741,0.8164454514451931,0.0,0.0,0.0,0.0,0.0,0.0
293.98200368881226,0.3210292759423321,-6.588933307956249,0.08058137792409711,-0.0003764825321454464,-0.010191337127953408,-0.5787312859061658,0.8154545319156651,0.0,0.0,0.0,0.0,0.0,0.0
294.09984970092773,0.2549683234502462,-6.265822541037096,0.07491182147061254,0.003449671812420436,-0.012542952703613343,-0.5784771933092819,0.8155948203138799,0.0,0.0,0.0,0.0,0.0,0.0
294.1926004886627,0.2028595104145428,-5.939919861543734,0.06919945513662293,0.004716853200433018,-0.013084579750891969,-0.5799859677830624,0.8145077177309774,0.0,0.0,0.0,0.0,0.0,0.0
294.29720759391785,0.1610291353450659,-5.637906779554362,0.06673158397350788,-0.0003783523751599049,-0.010380911365627934,-0.5795414536157919,0.8148765532702158,0.0,0.0,0.0,0.0,0.0,0.0
294.3836841583252,0.10369348030837924,-5.307024524882842,0.07206047213711061,-0.0009734571197746506,-0.009654678153204407,-0.5772786869397211,0.8164895328025326,0.0,0.0,0.0,0.0,0.0,0.0
294.4739215373993,0.058863989086910186,-5.005613862291886,0.07591732197382374,-0.0005717348643587818,-0.01022846696697839,-0.5780658750744089,0.8159257905331586,0.0,0.0,0.0,0.0,0.0,0.0
294.57377552986145,0.0003824718536842038,-4.6861733405457136,0.07160153864869931,-0.00048286226268123497,-0.010252237244056583,-0.5754472953563039,0.8177744608035847,0.0,0.0,0.0,0.0,0.0,0.0
294.6734416484833,-0.04843548797050069,-4.361098042978538,0.07176085754413508,-0.0015449383579578635,-0.009688264909647071,-0.576455817551813,0.817069422447771,0.0,0.0,0.0,0.0,0.0,0.0
294.7885732650757,-0.0848569361392402,-4.027161930285033,0.0706786234265132,-0.0012700153947780215,-0.010760694627162401,-0.5774463247129485,0.816356745906775,0.0,0.0,0.0,0.0,0.0,0.0
294.8903634548187,-0.14168733394514443,-3.7307024812812655,0.051776626209495816,-0.002839120802772009,-0.011500411985312837,-0.5783817628172084,0.8156802169708703,0.0,0.0,0.0,0.0,0.0,0.0
294.99362778663635,-0.1948958349532319,-3.406783297260124,0.05307263031172446,-0.0014772795483873817,-0.012063710329890428,-0.5788718696828171,0.8153279358810687,0.0,0.0,0.0,0.0,0.0,0.0
295.0864689350128,-0.23546875289628838,-3.074711682402837,0.06647689163363722,-0.0007525588001422906,-0.01305572975855007,-0.5804384074067778,0.8141991382842158,0.0,0.0,0.0,0.0,0.0,0.0
295.18229818344116,-0.28168816429994653,-2.7531121572881614,0.07142321630895956,-0.00019050754143078042,-0.012078089858444352,-0.579684101325188,0.8147517573611052,0.0,0.0,0.0,0.0,0.0,0.0
295.27930188179016,-0.323156444522231,-2.4249930518665748,0.08580151314609796,0.0002192602052271577,-0.010448013500809766,-0.5809746846196232,0.8138545366156842,0.0,0.0,0.0,0.0,0.0,0.0
295.39085245132446,-0.36979075482988166,-2.1196247159456183,0.09292489490486773,0.0011998919767940788,-0.010745590005223116,-0.5812443022280128,0.8136572704045022,0.0,0.0,0.0,0.0,0.0,0.0
295.4745292663574,-0.4196487797974647,-1.791781697943167,0.0886695557646817,-0.0007700344979357233,-0.010906563692575673,-0.5838223128243893,0.8118078349976823,0.0,0.0,0.0,0.0,0.0,0.0
295.57820200920105,-0.45123856047378835,-1.484627136483388,0.08335246244230515,-0.0005092895675435114,-0.010074538031977305,-0.5818519441551869,0.8132321681969789,0.0,0.0,0.0,0.0,0.0,0.0
295.6744792461395,-0.4968698310856222,-1.177524010628564,0.0751748189610934,0.0008262541225241113,-0.010337135240359268,-0.5850460344778081,0.8109337818101365,0.0,0.0,0.0,0.0,0.0,0.0
295.77793169021606,-0.5556868861301052,-0.8809075619939141,0.054001125530861414,-0.001278250634924412,-0.012122245215401332,-0.5845151932696561,0.8112911968480492,0.0,0.0,0.0,0.0,0.0,0.0
295.8791811466217,-0.6164420885112375,-0.5663318692691995,0.027101634409363657,-0.001674427467147089,-0.014440056284287368,-0.5815793402969678,0.8133597924700108,0.0,0.0,0.0,0.0,0.0,0.0
295.98515605926514,-0.6964120568282096,-0.2845710727870494,-0.0006021146986035792,-0.003049666992160351,-0.01257303484839054,-0.580279724548858,0.8143144721809817,0.0,0.0,0.0,0.0,0.0,0.0
296.08324217796326,-0.7851670822248326,-0.002544393611726554,-0.03787356160950139,0.0014116359148716414,-0.018481105249336865,-0.5797996822385447,0.8145482088304172,0.0,0.0,0.0,0.0,0.0,0.0
296.18521785736084,-0.8465702592055399,0.2690527377734089,-0.05226064937913445,0.00011777649860593957,-0.016228986966502983,-0.5791182180277656,0.8150820177497686,0.0,0.0,0.0,0.0,0.0,0.0
296.2830979824066,-0.9373377792112308,0.5559650924150933,-0.05071832381083999,-0.0028453816861917043,-0.011628019069777243,-0.5786856888611749,0.8154627928255167,0.0,0.0,0.0,0.0,0.0,0.0
296.38524889945984,-1.0253888864641738,0.8077590241758404,-0.04498426209940396,-0.005242430602047102,-0.010455704382954097,-0.5779757153936356,0.8159701389036276,0.0,0.0,0.0,0.0,0.0,0.0
296.47778487205505,-1.0991781946644057,1.038076108724458,-0.041003989124122266,-0.002040224577871172,-0.014349220626006513,-0.5772513690222985,0.8164378692300667,0.0,0.0,0.0,0.0,0.0,0.0
296.57596921920776,-1.17061163561635,1.2457975923338298,-0.04360821781811316,-0.003581925294210002,-0.01230177198993547,-0.5760718018762894,0.8172986695817209,0.0,0.0,0.0,0.0,0.0,0.0
296.71098279953003,-1.2385797545311288,1.4376417126160719,-0.05202086906185657,-0.00604866506331351,-0.013218692268629791,-0.5738804152436486,0.8188100810477286,0.0,0.0,0.0,0.0,0.0,0.0
296.78402757644653,-1.3156561428521667,1.6523066482588447,-0.06247439303075502,-0.00012392074800942043,-0.01751334210851637,-0.5738198304372548,0.8187942780019593,0.0,0.0,0.0,0.0,0.0,0.0
296.87880754470825,-1.387028461451796,1.8194210029965634,-0.056460866125974285,-0.0032905265452378932,-0.01446369132379855,-0.5767255780199431,0.8168032699039954,0.0,0.0,0.0,0.0,0.0,0.0
296.99365639686584,-1.4597795785478522,1.984326748104962,-0.05858872553899977,-0.00534440326444208,-0.014501483233250671,-0.5735919767843392,0.8189953531653088,0.0,0.0,0.0,0.0,0.0,0.0
297.09042286872864,-1.5182609164094676,2.066763249138216,-0.05827755861744792,-0.004527869843311593,-0.013002211605042674,-0.5742457708491722,0.8185671845058606,0.0,0.0,0.0,0.0,0.0,0.0
297.1813142299652,-1.5345779869482614,2.120078699557235,-0.07288366651456546,-0.005154221860416622,-0.013434036088214857,-0.5707571514142085,0.8209928347926585,0.0,0.0,0.0,0.0,0.0,0.0
297.29036355018616,-1.5634367485466636,2.1701162682318405,-0.06365542851012927,-0.0021624743175939535,-0.014190764486478531,-0.5667581618288048,0.8237591467829065,0.0,0.0,0.0,0.0,0.0,0.0
297.38371992111206,-1.6042683740887527,2.1783469747755904,-0.055387854641958514,-0.0027544238811424114,-0.012501742530629885,-0.5662244460493328,0.8241516828101847,0.0,0.0,0.0,0.0,0.0,0.0
297.49217104911804,-1.6269850991185146,2.1735569950517957,-0.05574152598745701,-0.008204224044496703,-0.012427398892237922,-0.5619073740345812,0.827066111910115,0.0,0.0,0.0,0.0,0.0,0.0
297.58551049232483,-1.6467725526706747,2.1719413223322532,-0.06186031253779144,-0.006045141516190007,-0.014350493094858084,-0.5612856035510392,0.8274756738770527,0.0,0.0,0.0,0.0,0.0,0.0
297.687784910202,-1.6623594417889125,2.1682855106034746,-0.06264469680201251,-0.0067127965755788875,-0.013795057281360712,-0.5597572343537817,0.828514618667225,0.0,0.0,0.0,0.0,0.0,0.0
297.78565192222595,-1.6773299331796863,2.1401283948183716,-0.06750106775860198,-0.0053868758882191035,-0.015111742946994189,-0.5610952375755415,0.8275957655542161,0.0,0.0,0.0,0.0,0.0,0.0
297.87936186790466,-1.6955674746322789,2.119533248925622,-0.0700778830501147,-0.005685002733489692,-0.014391927868406906,-0.561105029409244,0.8275999632236313,0.0,0.0,0.0,0.0,0.0,0.0
297.97436022758484,-1.7050242397997935,2.0962575860930945,-0.08209018957971795,-0.006870117928997542,-0.013491280426517122,-0.5625171606342878,0.8266469807747363,0.0,0.0,0.0,0.0,0.0,0.0
298.0895924568176,-1.7100733270081838,2.0858473253250787,-0.0935066775228204,-0.009293079868864903,-0.011898329343545821,-0.5618302413550624,0.8271147733683937,0.0,0.0,0.0,0.0,0.0,0.0
298.1849627494812,-1.7005061404794888,2.0732080921345033,-0.10071179599121935,-0.00658902878771077,-0.01646499989999077,-0.5629136679240011,0.8263254146776735,0.0,0.0,0.0,0.0,0.0,0.0
298.2928624153137,-1.6953352888940747,2.0713200950504076,-0.0981979516125335,-0.008384908572764749,-0.013347536716688294,-0.5631921739949532,0.8261755937587454,0.0,0.0,0.0,0.0,0.0,0.0
298.37355971336365,-1.686300352230088,2.0646229536572442,-0.10089226599176032,-0.008429274304537323,-0.014381215610076615,-0.5627347558675819,0.8264694322906818,0.0,0.0,0.0,0.0,0.0,0.0
298.4795792102814,-1.663262530463018,2.054903572795568,-0.11268405674438783,-0.008074098513494202,-0.01675956809719308,-0.564139769103751,0.825469712785339,0.0,0.0,0.0,0.0,0.0,0.0
298.58421659469604,-1.653634143142131,2.0424058011660082,-0.11750847824548943,-0.010099140067217295,-0.011172620495269356,-0.5643557532761746,0.8253943079917666,0.0,0.0,0.0,0.0,0.0,0.0
298.6841809749603,-1.6282381240699941,2.0197013028933766,-0.1275293637770724,-0.005492531095151536,-0.013905632152920625,-0.5675100279936133,0.8232307292753585,0.0,0.0,0.0,0.0,0.0,0.0
298.8042812347412,-1.6172105658496632,1.9930349964780667,-0.10295157759701692,-0.007412312334963448,-0.014155389206468222,-0.5664243130814641,0.8239588461400289,0.0,0.0,0.0,0.0,0.0,0.0
298.8867437839508,-1.5910455765371518,1.9775906912705754,-0.09976498863144943,-0.005875981843795071,-0.014764705102728076,-0.5671450205984386,0.8234646330784049,0.0,0.0,0.0,0.0,0.0,0.0
298.9775686264038,-1.5876671048812745,1.9597856331520571,-0.0831114375471441,-0.007012137545132195,-0.015138428009837045,-0.5677889337360533,0.8230050939400493,0.0,0.0,0.0,0.0,0.0,0.0
299.075749874115,-1.5626873753070964,1.957103331799342,-0.07810753287957901,-0.00544993629067941,-0.015350800152402845,-0.5662102968047915,0.824099842811108,0.0,0.0,0.0,0.0,0.0,0.0
299.1955816745758,-1.5496667136496907,1.9556366142660495,-0.08013116711148222,-0.005363178468602189,-0.01663364862795469,-0.5660810092784168,0.8241643337249669,0.0,0.0,0.0,0.0,0.0,0.0
299.2872984409332,-1.5451814908695607,1.969691915791126,-0.06291438931852679,-0.007887373180233885,-0.014560024647413858,-0.56485106012885,0.8250267116268725,0.0,0.0,0.0,0.0,0.0,0.0
299.37728476524353,-1.5551156294195148,1.9793694099269779,-0.0566747588359204,-0.0060561870615138316,-0.016886260582804426,-0.5655238222825221,0.824536829518686,0.0,0.0,0.0,0.0,0.0,0.0
299.48685574531555,-1.5572654426514132,1.9855973278740435,-0.06531477121735324,-0.007418998763199716,-0.015850784026147254,-0.5659993190585398,0.8242199232779638,0.0,0.0,0.0,0.0,0.0,0.0
299.607394695282,-1.5658132079424787,1.98361865241707,-0.06609919585230689,-0.006665832770438481,-0.014320937953822107,-0.5676984803990945,0.823084997288927,0.0,0.0,0.0,0.0,0.0,0.0
299.679411649704,-1.5723294941835941,1.988990061144989,-0.05084397527536956,-0.006655399552467523,-0.012601851054983543,-0.5673244886345392,0.8233710121216913,0.0,0.0,0.0,0.0,0.0,0.0
299.7764542102814,-1.5669759701048434,2.001931567363276,-0.051933953044521954,-0.0029808495080797135,-0.017431725353342,-0.5673686596877505,0.823273984461732,0.0,0.0,0.0,0.0,0.0,0.0
299.87556409835815,-1.5744647377466954,2.0013294394154038,-0.06761161477296931,-0.007441130558429278,-0.014842963911354343,-0.5673255919934501,0.8233261739235399,0.0,0.0,0.0,0.0,0.0,0.0
299.98379349708557,-1.5792424100248397,2.0014333460398372,-0.0659716688215562,-0.004873412817768,-0.01770128999810488,-0.5668287370775068,0.8236310442200342,0.0,0.0,0.0,0.0,0.0,0.0
300.1028094291687,-1.587712246302506,2.0083315538869164,-0.06921434964075322,-0.004479255938739034,-0.01669896305338701,-0.5683595793667314,0.8225986077311364,0.0,0.0,0.0,0.0,0.0,0.0
300.18709421157837,-1.6036160773539867,2.0120313397176286,-0.0845774955081752,-0.006040437905959332,-0.01680388585700193,-0.5666642801415889,0.8237552647125107,0.0,0.0,0.0,0.0,0.0,0.0
300.28085589408875,-1.611619224947056,2.0154709818688494,-0.09337627280266925,-0.005148417470780402,-0.016178895157365997,-0.5662518446079436,0.8240573921924912,0.0,0.0,0.0,0.0,0.0,0.0
300.38160514831543,-1.6090380425388258,2.019751005745812,-0.09290011106448366,-0.0068273711559395924,-0.015455032824435526,-0.5660452283827497,0.824201024258384,0.0,0.0,0.0,0.0,0.0,0.0
300.4927294254303,-1.6077597633539926,2.01187065921299,-0.09647428846629064,-0.007754045209873704,-0.015841776057499868,-0.5662665543455176,0.824033435209905,0.0,0.0,0.0,0.0,0.0,0.0
300.6019592285156,-1.6068766571735718,2.0119777742621876,-0.08979720722487183,-0.008698988181212121,-0.013475906604366294,-0.5662735867572739,0.8240612553001264,0.0,0.0,0.0,0.0,0.0,0.0
300.69304513931274,-1.5961927244714054,2.0106577560434173,-0.0932800496983224,-0.007849781654682711,-0.014767233259317364,-0.5664642644557061,0.8239165897373647,0.0,0.0,0.0,0.0,0.0,0.0
300.77550172805786,-1.6053215135419923,2.0044767088593614,-0.08403741589203018,-0.00525789003629075,-0.016253988844374182,-0.5669540953589665,0.8235722288874628,0.0,0.0,0.0,0.0,0.0,0.0
300.891637802124,-1.6198390275823287,2.00180590623706,-0.07611219995669918,-0.004546549394459144,-0.01710493378703868,-0.5671292465585314,0.8234386242013735,0.0,0.0,0.0,0.0,0.0,0.0
300.98195457458496,-1.634534545532868,1.9845831127547182,-0.07567805580799947,-0.005431006424028409,-0.01655673814140379,-0.5665079525687285,0.8238720278463636,0.0,0.0,0.0,0.0,0.0,0.0
301.0841906070709,-1.6460535899672162,1.986103593779827,-0.0625580216289757,-0.00454581186585598,-0.01783782784816049,-0.5671138801565505,0.8234336612173893,0.0,0.0,0.0,0.0,0.0,0.0
301.1744647026062,-1.6545079594690921,1.9842166350233892,-0.05141820918196822,-0.008333971547882488,-0.014542575888797477,-0.5664117649649232,0.823951922695755,0.0,0.0,0.0,0.0,0.0,0.0
301.293142080307,-1.6632282733514918,1.980247970243475,-0.054118650943262105,-0.006781836280599357,-0.015418851271429598,-0.5672230852813103,0.8233919098740503,0.0,0.0,0.0,0.0,0.0,0.0
301.3744957447052,-1.6737803403004452,1.9774811192300144,-0.05270824229030194,-0.00666763852057161,-0.015148861512425638,-0.5674345212273502,0.8232521598580087,0.0,0.0,0.0,0.0,0.0,0.0
301.4846749305725,-1.6724047184055442,1.9602191973986118,-0.0610075655810138,-0.008461397295160088,-0.013750880241465578,-0.5696031924055123,0.8217612312891128,0.0,0.0,0.0,0.0,0.0,0.0
301.5925052165985,-1.665621196082939,1.952570099449458,-0.06666594494574793,-0.00517057006777392,-0.016300067160590532,-0.5693926806422401,0.8218877954117153,0.0,0.0,0.0,0.0,0.0,0.0
301.6787006855011,-1.669811992130903,1.9500183364532244,-0.07086231908569077,-0.005349695674379669,-0.01639794620873543,-0.5684244922833057,0.8225546089401872,0.0,0.0,0.0,0.0,0.0,0.0
301.8000457286835,-1.6831518419115807,1.943879216805047,-0.06276073514802694,-0.006152156757925585,-0.014187603054351702,-0.5687227623611137,0.8223839021157295,0.0,0.0,0.0,0.0,0.0,0.0
301.87560391426086,-1.6794830226727966,1.9434457884766907,-0.0743447165657507,-0.006478303210360269,-0.016078614133050395,-0.5684518268776035,0.8225339082825348,0.0,0.0,0.0,0.0,0.0,0.0
301.9743776321411,-1.670963897998492,1.9520701817582196,-0.07414659456415677,-0.007109716346888712,-0.014469608199358172,-0.5679264280445998,0.8229214146566344,0.0,0.0,0.0,0.0,0.0,0.0
302.0742015838623,-1.663523600953702,1.956982340613158,-0.06582507223589222,-0.007123696385911666,-0.014630688690714053,-0.5690468948555109,0.8221440429471522,0.0,0.0,0.0,0.0,0.0,0.0
302.1761312484741,-1.6681052422035119,1.9571852883127292,-0.07761092094813771,-0.006369630889321478,-0.01451908088517606,-0.5709036127465178,0.8208639893706561,0.0,0.0,0.0,0.0,0.0,0.0
302.2939374446869,-1.6619827150950193,1.9580338607803462,-0.07717059717024329,-0.005949945096111201,-0.016843368218136295,-0.5714026915566477,0.82047538852923,0.0,0.0,0.0,0.0,0.0,0.0
302.3756275177002,-1.652123895877674,1.957113947149763,-0.07213007919895824,-0.006075706143437362,-0.016677471445346218,-0.5698321231793706,0.821569412243354,0.0,0.0,0.0,0.0,0.0,0.0
302.4795444011688,-1.6322226197120728,1.9648173630071504,-0.06776733635321221,-0.0028662458523741725,-0.016943327895672235,-0.569984053926344,0.8214760413695429,0.0,0.0,0.0,0.0,0.0,0.0
302.594012260437,-1.6175433750882664,1.964823128073392,-0.05452578932106644,-0.0019980741025677666,-0.017844635997849856,-0.5702357964254919,0.8212847941736905,0.0,0.0,0.0,0.0,0.0,0.0
302.68028450012207,-1.6328240291097333,1.967829396973963,-0.052639122594480066,-0.006216689128876924,-0.015709972365327094,-0.5702720107610967,0.8212821581448136,0.0,0.0,0.0,0.0,0.0,0.0
302.7750651836395,-1.639623860546067,1.9742572054834064,-0.04816518413378011,-0.005382905585470025,-0.014395570938817603,-0.5694136409241038,0.8219074749595058,0.0,0.0,0.0,0.0,0.0,0.0
302.8752861022949,-1.6308153735810902,1.9841376230421175,-0.05736593639100494,-0.00584441675925617,-0.01541975464365382,-0.5704160058432134,0.8211903885441548,0.0,0.0,0.0,0.0,0.0,0.0
302.9810709953308,-1.622734686289516,1.9806561519684671,-0.0669676991984364,-0.007228342827682347,-0.015778987454846686,-0.5693405346699002,0.8219185666455101,0.0,0.0,0.0,0.0,0.0,0.0
303.1095161437988,-1.6187276400343154,1.9640052556170913,-0.06658092037515767,-0.010884787264859511,-0.01264365949567931,-0.5678923644530289,0.8229337286055646,0.0,0.0,0.0,0.0,0.0,0.0
303.19596099853516,-1.6299213357311824,1.9669623221324612,-0.07100560897322829,-0.008720723312902513,-0.011674899282038104,-0.5705084452536574,0.8211624441033952,0.0,0.0,0.0,0.0,0.0,0.0
303.27416467666626,-1.6294746669780222,1.9668226126493382,-0.086128404723203,-0.006724912535440546,-0.015883813633804374,-0.5682300290409988,0.8226889534397895,0.0,0.0,0.0,0.0,0.0,0.0
303.3889374732971,-1.6395927648566382,1.9712164397819387,-0.09141117854166608,-0.008106977171325306,-0.014657097620235994,-0.5671915671656741,0.8234155527718638,0.0,0.0,0.0,0.0,0.0,0.0
303.4763014316559,-1.6470032653358262,1.9889512919654506,-0.08855593205112283,-0.008882918193137095,-0.01298786634267931,-0.5674955669068901,0.8232260871918593,0.0,0.0,0.0,0.0,0.0,0.0
303.57689595222473,-1.6453355531850005,2.012629169202083,-0.09649121148986466,-0.005978942807808908,-0.015703221188989102,-0.5670201792389602,0.8235324993119344,0.0,0.0,0.0,0.0,0.0,0.0
303.6762180328369,-1.6457666378299505,2.0174839636872757,-0.09131093943475416,-0.010653916552334032,-0.013010956243867335,-0.5657637971060452,0.8243958605935736,0.0,0.0,0.0,0.0,0.0,0.0
303.7782027721405,-1.6522642370990568,2.015510420946673,-0.08066581853485856,-0.007070515558442332,-0.01437945919926122,-0.565847411264875,0.8243542600894753,0.0,0.0,0.0,0.0,0.0,0.0
303.8897030353546,-1.655134830231375,2.0247880431108016,-0.0812968360463309,-0.008160518453009694,-0.012549175276122126,-0.5650508549245628,0.8249202722005569,0.0,0.0,0.0,0.0,0.0,0.0
303.97955322265625,-1.6560698061682289,2.032892440533763,-0.06288569942872319,-0.005971501084219906,-0.015346293040553748,-0.564765295610371,0.825087264075017,0.0,0.0,0.0,0.0,0.0,0.0
304.0789029598236,-1.6641803534871435,2.029543333512173,-0.08234327486703893,-0.00676740473612278,-0.01593995477028636,-0.5664992876846139,0.82388025654693,0.0,0.0,0.0,0.0,0.0,0.0
304.17511892318726,-1.6623376434299095,2.0388556345178044,-0.07710992196066929,-0.006696812484157143,-0.013850054462077308,-0.5655545803489093,0.8245673685880794,0.0,0.0,0.0,0.0,0.0,0.0
304.2792706489563,-1.6525213250039599,2.044344724423235,-0.08243319060195727,-0.005931462035860662,-0.016482721456157784,-0.5656129060360692,0.8244847956008041,0.0,0.0,0.0,0.0,0.0,0.0
304.3835735321045,-1.6462974490241638,2.0374001501685766,-0.08480976359738471,-0.009330837859604008,-0.014459647023782609,-0.5644449071766394,0.8252913430026336,0.0,0.0,0.0,0.0,0.0,0.0
304.4951066970825,-1.635774794263941,2.03557144449114,-0.0976779858237785,-0.008624029285172391,-0.014121691159267239,-0.5639231112260437,0.8256615096895221,0.0,0.0,0.0,0.0,0.0,0.0
304.57418727874756,-1.636904711837963,2.02161437451535,-0.10295212770977746,-0.00865836449886088,-0.012367467636311337,-0.5650933187254796,0.8248888528767039,0.0,0.0,0.0,0.0,0.0,0.0
304.6735563278198,-1.637179262783283,2.0099262758723113,-0.10192985103180277,-0.008806976602105188,-0.014069661094673482,-0.5638320842909954,0.8257226305024192,0.0,0.0,0.0,0.0,0.0,0.0
304.7752184867859,-1.6239453380447724,1.9999080736853316,-0.09385859453500389,-0.007431689979965363,-0.015436125783968404,-0.5668339126395889,0.8236539391555593,0.0,0.0,0.0,0.0,0.0,0.0
304.8954379558563,-1.6381474089160026,1.9893111184739818,-0.08650605456871611,-0.0066343892105033934,-0.013803434067126096,-0.5660249709698337,0.8242458263930178,0.0,0.0,0.0,0.0,0.0,0.0
304.9755666255951,-1.6309606489014672,1.9923948251621784,-0.09365633218760407,-0.004046858003077638,-0.01338833730864798,-0.5671371147893624,0.8235046256049583,0.0,0.0,0.0,0.0,0.0,0.0
305.0915710926056,-1.6334268762418576,1.9812416449813723,-0.07791912611661393,-0.006301302194525869,-0.016023929377439843,-0.568577481711479,0.8224494966674517,0.0,0.0,0.0,0.0,0.0,0.0
305.17944836616516,-1.637546706422056,1.9822509266047863,-0.07823977945932813,-0.00615487494454135,-0.015385161938116568,-0.5684056462420183,0.8225815677649849,0.0,0.0,0.0,0.0,0.0,0.0
305.2800238132477,-1.6245259456133156,1.9810209707046669,-0.06407097145888478,-0.006752434219071498,-0.015151492285800676,-0.5678170877206361,0.8229876012468463,0.0,0.0,0.0,0.0,0.0,0.0
305.3751063346863,-1.6187580921339684,1.9834447912391633,-0.05466889098055149,-0.005699545774667655,-0.01544113024554034,-0.5702684499545803,0.8212934808343817,0.0,0.0,0.0,0.0,0.0,0.0
305.5161850452423,-1.6262939254889295,1.9722405796918994,-0.05939246126464509,-0.006901942715947724,-0.014939324745036692,-0.569190364453809,0.8220410627066023,0.0,0.0,0.0,0.0,0.0,0.0
305.57511711120605,-1.6096898129910566,1.9720547520232743,-0.06307549724132763,-0.006718494472009716,-0.014622004570726451,-0.5692013292186668,0.8220406958478504,0.0,0.0,0.0,0.0,0.0,0.0
305.6756958961487,-1.5981176430486967,1.975838305827806,-0.06546346773801827,-0.006615423515260282,-0.014868299808150931,-0.5703578110466337,0.8212351290651009,0.0,0.0,0.0,0.0,0.0,0.0
305.77725625038147,-1.600447417652876,1.9640272125275917,-0.08054512363296303,-0.0062200386564081585,-0.01597602744731706,-0.5683811970635516,0.8225867081898852,0.0,0.0,0.0,0.0,0.0,0.0
305.88170194625854,-1.5953733822121414,1.959075843937969,-0.08545925114617156,-0.006447088782694374,-0.015751988731524353,-0.5681772064963395,0.8227301938759738,0.0,0.0,0.0,0.0,0.0,0.0
305.9939076900482,-1.5978276243964924,1.9589910275857554,-0.09327882306020499,-0.00638205703754333,-0.015509861289915917,-0.5696079142168798,0.8217454214123648,0.0,0.0,0.0,0.0,0.0,0.0
306.07509422302246,-1.6089290574610495,1.9559992927089869,-0.08523465293742041,-0.008166350647464609,-0.014630521025424378,-0.5689987537719211,0.8221676695039647,0.0,0.0,0.0,0.0,0.0,0.0
306.17449593544006,-1.6094045060329474,1.9404679894665382,-0.07947406804721828,-0.0074740363726499455,-0.015670009222764274,-0.5684262436958715,0.8225510288541453,0.0,0.0,0.0,0.0,0.0,0.0
306.29749965667725,-1.6122778651224452,1.9460490426797437,-0.07119789385791214,-0.006673625227657546,-0.01484517544740846,-0.5696558942986676,0.8217221218775814,0.0,0.0,0.0,0.0,0.0,0.0
306.40078616142273,-1.6259804344522815,1.9387193308581019,-0.06529268639354457,-0.006294730067434372,-0.015076952865957035,-0.5699470755999126,0.821518954669164,0.0,0.0,0.0,0.0,0.0,0.0
306.4764223098755,-1.6242838476684156,1.9397551131453334,-0.06477266325341276,-0.0054321453477939995,-0.016603838018035617,-0.5706726844128773,0.8209917731773837,0.0,0.0,0.0,0.0,0.0,0.0
306.59712290763855,-1.6311438241548535,1.9349086945287743,-0.07558644097664405,-0.006018259863814595,-0.016739514805079816,-0.5691337822230018,0.8220524965747601,0.0,0.0,0.0,0.0,0.0,0.0
306.67664313316345,-1.629090670612716,1.9360962488096845,-0.08139771315533284,-0.004189582548107606,-0.016692768791221047,-0.5691760693691852,0.8220355229097781,0.0,0.0,0.0,0.0,0.0,0.0
306.7868163585663,-1.6294077729120358,1.9337444590295416,-0.08477306616962073,-0.007220277174140985,-0.016521408944979377,-0.5705306273253089,0.8210783847646603,0.0,0.0,0.0,0.0,0.0,0.0
306.8757095336914,-1.6334762048351956,1.9253079263178856,-0.08670354936774967,-0.007469162131222774,-0.014946724889499939,-0.5697474252589495,0.8216499731898529,0.0,0.0,0.0,0.0,0.0,0.0
306.9877381324768,-1.6360467701742971,1.9186363931426287,-0.08231707541839312,-0.006226252518543754,-0.014480207532877,-0.5715148717366251,0.8204403139492856,0.0,0.0,0.0,0.0,0.0,0.0
307.0768792629242,-1.6241988588065506,1.9124972258722546,-0.07950742813915701,-0.006845339751972935,-0.016064074496650194,-0.570394492424001,0.8211852469732792,0.0,0.0,0.0,0.0,0.0,0.0
307.17400002479553,-1.618610930752513,1.9053538424751804,-0.0788389788447855,-0.00702020997352719,-0.01608811539147443,-0.5713652074355743,0.8205081894333135,0.0,0.0,0.0,0.0,0.0,0.0
307.3098256587982,-1.625168092805226,1.9097264916664025,-0.07628010640463093,-0.006725090526231096,-0.0161997280225725,-0.5693495307298021,0.8219084218008205,0.0,0.0,0.0,0.0,0.0,0.0
307.3772461414337,-1.6184784119098434,1.927685369017518,-0.06954117183920415,-0.005284921591333375,-0.016092603776813433,-0.5705272852624447,0.8211039608225462,0.0,0.0,0.0,0.0,0.0,0.0
307.4799602031708,-1.630325896171293,1.9435870601551257,-0.07812217158529512,-0.006929303795929784,-0.015542995493206415,-0.5707802000121287,0.8209265273543478,0.0,0.0,0.0,0.0,0.0,0.0
307.59121203422546,-1.631875244541187,1.9503302694701345,-0.07850126632285745,-0.006738381446575412,-0.014614427169232122,-0.5687202862516426,0.8223735457441451,0.0,0.0,0.0,0.0,0.0,0.0
307.6967477798462,-1.6305177646029945,1.9442762839932644,-0.07616355680565005,-0.007391420846980998,-0.013851320142870691,-0.5684965322345478,0.822535835490107,0.0,0.0,0.0,0.0,0.0,0.0
307.7890522480011,-1.616721521173377,1.9603220350350548,-0.07144892443162343,-0.007079214201190269,-0.014595255398395499,-0.5692648164218178,0.8219941800465108,0.0,0.0,0.0,0.0,0.0,0.0
307.88574147224426,-1.6244353543457146,1.9678942359926332,-0.07539895072343406,-0.007616254877181242,-0.014064009327235904,-0.5696733085374607,0.821715594255838,0.0,0.0,0.0,0.0,0.0,0.0
307.9802551269531,-1.6440871588558452,1.9758998852059797,-0.07194889902111544,-0.008286069070424349,-0.012909981466564618,-0.5697450711121003,0.8216782992031088,0.0,0.0,0.0,0.0,0.0,0.0
308.0730502605438,-1.6407441699407854,1.9796492041061844,-0.061053320323451635,-0.008278631674287424,-0.012514953349117718,-0.569502942431086,0.8218523217479884,0.0,0.0,0.0,0.0,0.0,0.0
308.1746063232422,-1.6245053562952287,1.9860316802517568,-0.06462077392167125,-0.007042582252370019,-0.014356519490771895,-0.5682538840015945,0.8226978884744905,0.0,0.0,0.0,0.0,0.0,0.0
308.28266882896423,-1.6177947037439726,1.9867788234690191,-0.0676218668441958,-0.004349085367818813,-0.016766290003828746,-0.5690869347262149,0.8220949079637002,0.0,0.0,0.0,0.0,0.0,0.0
308.37485551834106,-1.6210412702452421,1.9884725604816813,-0.06368421736342185,-0.006357764020177447,-0.014365401295506623,-0.5669789222390816,0.8235824887762273,0.0,0.0,0.0,0.0,0.0,0.0
308.4741952419281,-1.6267840548333594,1.9831590166306021,-0.06282430908268373,-0.005353577077077147,-0.015120717602545467,-0.5684289147704987,0.8225759976831619,0.0,0.0,0.0,0.0,0.0,0.0
308.57254099845886,-1.6178325011953683,1.978404420188567,-0.058212935158237576,-0.004169814228231151,-0.014845827371913492,-0.5692362811116046,0.822029360987263,0.0,0.0,0.0,0.0,0.0,0.0
308.68451404571533,-1.6235276948092763,1.9673993584535006,-0.06629808579036281,-0.002820575321092785,-0.018742520394284517,-0.5688966213291219,0.8221906083898002,0.0,0.0,0.0,0.0,0.0,0.0
308.79782795906067,-1.6283594117573323,1.9561623218557902,-0.07266449089935106,-0.006260057338651327,-0.0159375707811806,-0.5702028653236197,0.8213254518742238,0.0,0.0,0.0,0.0,0.0,0.0
308.8842206001282,-1.628803441913837,1.9607269052080394,-0.06665613891881138,-0.007234567714400605,-0.014063917846193761,-0.5701556099015956,0.8213844701128046,0.0,0.0,0.0,0.0,0.0,0.0
308.9744863510132,-1.63909920543244,1.948672601852052,-0.05707628087080605,-0.00621511924095206,-0.015412445255251634,-0.5709080357250896,0.8208458098623316,0.0,0.0,0.0,0.0,0.0,0.0
309.09454822540283,-1.647699917463087,1.9297048042132003,-0.05655802561989364,-0.007573643925914592,-0.014415307704872267,-0.5708394151204963,0.8209002381326856,0.0,0.0,0.0,0.0,0.0,0.0
309.188814163208,-1.6615809135401194,1.919046996741929,-0.07063287190186321,-0.008226035201369856,-0.014075621937567666,-0.5721675659616968,0.8199746859954625,0.0,0.0,0.0,0.0,0.0,0.0
309.2792007923126,-1.6527760403308096,1.9144111005064046,-0.06618971600660446,-0.006959815404435614,-0.01464622833169083,-0.5729001059470662,0.8194647750641795,0.0,0.0,0.0,0.0,0.0,0.0
309.38246870040894,-1.6473088526066468,1.9206031616589778,-0.060060461564664665,-0.005508195485925639,-0.015335517727935044,-0.5721796644950613,0.8199664098100473,0.0,0.0,0.0,0.0,0.0,0.0
309.5065953731537,-1.6448375754946005,1.9195020651446681,-0.06499326278272534,-0.005283333974680083,-0.016098524908968244,-0.5721581842422485,0.819968253094249,0.0,0.0,0.0,0.0,0.0,0.0
309.6008822917938,-1.637411490187209,1.9145073895543965,-0.07125395324138607,-0.0065833369152616976,-0.015077971020947394,-0.5723149071392304,0.8198688684973467,0.0,0.0,0.0,0.0,0.0,0.0
309.67963671684265,-1.6273367337724352,1.9284411019693717,-0.0680170632556149,-0.004458762524925195,-0.015461365243199628,-0.5721538068814299,0.8199884675363455,0.0,0.0,0.0,0.0,0.0,0.0
309.77342343330383,-1.6320862717562927,1.9182898156828991,-0.0713044546420698,-0.003937160534340859,-0.017436307174367942,-0.5719444122527438,0.8200975937361755,0.0,0.0,0.0,0.0,0.0,0.0
309.87387228012085,-1.6253760970424904,1.9096189862006432,-0.07278639640893196,-0.005473693634436314,-0.01605242904735203,-0.5731355498894715,0.8192850539662753,0.0,0.0,0.0,0.0,0.0,0.0
309.97435188293457,-1.6338739865783207,1.9087229653229172,-0.0710336980534705,-0.006096441530600606,-0.01632314956176694,-0.5731345181194829,0.8192760293875012,0.0,0.0,0.0,0.0,0.0,0.0
310.08889722824097,-1.632122935895311,1.916153431259542,-0.0651660756142156,-0.005127201746019198,-0.014163131313784764,-0.5741048990847635,0.8186431960020624,0.0,0.0,0.0,0.0,0.0,0.0
310.18502616882324,-1.6305424119124305,1.9213481586784977,-0.0672632041334613,-0.005977093877951695,-0.015080214754857074,-0.5732794352460174,0.8191993350801026,0.0,0.0,0.0,0.0,0.0,0.0
310.2819995880127,-1.6361743218397822,1.930001209389005,-0.06782444916025905,-0.007322728215633011,-0.01536781683355201,-0.5708576253656783,0.8208725719739103,0.0,0.0,0.0,0.0,0.0,0.0
310.3857023715973,-1.636432423574024,1.9556472136491045,-0.0628233466930613,-0.005720089727122105,-0.014433988232061833,-0.570551093932752,0.8211153328061308,0.0,0.0,0.0,0.0,0.0,0.0
310.4900472164154,-1.6298956025634168,1.9777269902972132,-0.07012331823196656,-0.007621834662359604,-0.014646183628255243,-0.5704053422600459,0.8211973833754341,0.0,0.0,0.0,0.0,0.0,0.0
310.59111881256104,-1.6331843578742478,1.99089707556819,-0.07471172185626117,-0.006858993778743059,-0.015375963782953896,-0.5694915378179433,0.8218247515716448,0.0,0.0,0.0,0.0,0.0,0.0
310.6760883331299,-1.6315771600850593,2.0172091309476206,-0.08673163379541513,-0.006241997706105894,-0.015813935783362928,-0.5685224342071032,0.8224920660424998,0.0,0.0,0.0,0.0,0.0,0.0
310.78173089027405,-1.6299592029345666,2.028131671687367,-0.08673498671080701,-0.008997802758649755,-0.010975071123781863,-0.5663890807845073,0.824015774440865,0.0,0.0,0.0,0.0,0.0,0.0
310.87538599967957,-1.6244001285537195,2.039285155588492,-0.09199685808734577,-0.008457634073267833,-0.014121762599986255,-0.5683246855020914,0.8226397122044712,0.0,0.0,0.0,0.0,0.0,0.0
310.97664523124695,-1.630251463155166,2.036160630859614,-0.09738396674073539,-0.012096923500577,-0.010366937331701237,-0.5661460615729963,0.8241509740439075,0.0,0.0,0.0,0.0,0.0,0.0
311.074511051178,-1.6193748609664644,2.0464818052758713,-0.1056839135548111,-0.009336198556176454,-0.01140688286064956,-0.5658698156799036,0.8243628267469786,0.0,0.0,0.0,0.0,0.0,0.0
311.1894929409027,-1.6152547652737133,2.041847945474242,-0.08910584115445545,-0.007434018875237156,-0.015435049758174087,-0.5669416053787121,0.8235798144034902,0.0,0.0,0.0,0.0,0.0,0.0
311.29533219337463,-1.6242234816150978,2.033146374584323,-0.09077498839683235,-0.009753532968394612,-0.01396872814743451,-0.564893148303829,0.8249881661138655,0.0,0.0,0.0,0.0,0.0,0.0
311.3794889450073,-1.6233509004313296,2.034811925242833,-0.08395268235672072,-0.007597960138226904,-0.014463172490259265,-0.5662392327612062,0.824079012549894,0.0,0.0,0.0,0.0,0.0,0.0
311.4760663509369,-1.6213584436888575,2.0386312594182794,-0.07915987836437698,-0.008246122236929743,-0.014745693710346282,-0.5669570016285727,0.8235741158446795,0.0,0.0,0.0,0.0,0.0,0.0
311.59509658813477,-1.6225844626616734,2.0267612162323343,-0.07269461412427702,-0.009274248417758136,-0.014059753478912246,-0.5680183241865471,0.8228435422585861,0.0,0.0,0.0,0.0,0.0,0.0
311.70441937446594,-1.6228354676930723,2.013820356131458,-0.07727568002860964,-0.009267404630008837,-0.012195877776371293,-0.567212094339121,0.8234293022549466,0.0,0.0,0.0,0.0,0.0,0.0
311.7732992172241,-1.6284298445598318,2.0099749416882453,-0.0851052003746995,-0.008857914667867922,-0.011881880392516362,-0.5662133598662645,0.8241254694371378,0.0,0.0,0.0,0.0,0.0,0.0
311.8800597190857,-1.6286581686122261,2.009739280306282,-0.09445992520566839,-0.009789328058906165,-0.013396239639771757,-0.5684865156676382,0.8225252526966507,0.0,0.0,0.0,0.0,0.0,0.0
311.9938933849335,-1.6219600703187003,2.0086570869123643,-0.08531381883003782,-0.008794495526334593,-0.013507425821861953,-0.5675593148865218,0.823174726520195,0.0,0.0,0.0,0.0,0.0,0.0
312.0785267353058,-1.610790373281069,1.990020435670532,-0.08045725858779873,-0.008311493373956378,-0.013822764581697525,-0.5676452549378562,0.8231152500128408,0.0,0.0,0.0,0.0,0.0,0.0
312.1751525402069,-1.6111389272767354,1.9889162795019701,-0.07324594897251718,-0.0071670782392079125,-0.014252159299834515,-0.5679400573503217,0.8229153056066401,0.0,0.0,0.0,0.0,0.0,0.0
312.28215742111206,-1.6257824680548532,1.9762233477283133,-0.07018916482914088,-0.0072793728820606165,-0.014638661231701464,-0.5689798173460404,0.8221889611157556,0.0,0.0,0.0,0.0,0.0,0.0
312.3730614185333,-1.631264210642692,1.9709195060569926,-0.07350141403517933,-0.008668271197924435,-0.013459794067801362,-0.5682774429040053,0.8226812523113246,0.0,0.0,0.0,0.0,0.0,0.0
312.4847388267517,-1.63734571454316,1.9747585443703195,-0.07789458016853389,-0.01150391517221375,-0.012329059656319537,-0.568955313116326,0.8221955399419031,0.0,0.0,0.0,0.0,0.0,0.0
312.58023715019226,-1.6142371049343551,1.9708963257868757,-0.08635897393906533,-0.006975071729420305,-0.013911704858085999,-0.5696530838057989,0.8217379003993959,0.0,0.0,0.0,0.0,0.0,0.0
312.69537591934204,-1.6063727043098832,1.9726462892891534,-0.0866180650326973,-0.007136430365752449,-0.015873008974001186,-0.570052254431179,0.8214240964116097,0.0,0.0,0.0,0.0,0.0,0.0
312.793137550354,-1.613023037131121,1.966462411680378,-0.09076231262880732,-0.010210004648002185,-0.012128879890121692,-0.5685414456485617,0.8225018362639048,0.0,0.0,0.0,0.0,0.0,0.0
312.87685084342957,-1.6010898175684296,1.9750415208279763,-0.08419684805280249,-0.00829487622414844,-0.012090046902335741,-0.5677028191484893,0.8231029916876357,0.0,0.0,0.0,0.0,0.0,0.0
312.98639726638794,-1.5995111343133375,1.9759551944228344,-0.08903113639773601,-0.006930738632023853,-0.015488756003264532,-0.5678415180585951,0.8229629843852939,0.0,0.0,0.0,0.0,0.0,0.0
313.0809588432312,-1.601168443155457,1.9704801843807422,-0.07837469457688341,-0.006366580277557471,-0.014966890123240293,-0.5697269433629064,0.8216730912363638,0.0,0.0,0.0,0.0,0.0,0.0
313.18337059020996,-1.5976998840192034,1.9817133208263946,-0.07944869804371216,-0.0086360504551965,-0.014628917232624088,-0.5687963906150157,0.8223029122144837,0.0,0.0,0.0,0.0,0.0,0.0
313.2997498512268,-1.5882261677556064,1.9852140413066428,-0.07840197337864929,-0.0079896633932274,-0.014845723982403393,-0.5681339570540173,0.8227633782567129,0.0,0.0,0.0,0.0,0.0,0.0
313.3770923614502,-1.5873448618279749,1.9810592472659687,-0.08030560016558123,-0.010061552021870555,-0.014322145112799256,-0.5681096747216619,0.8227666976840278,0.0,0.0,0.0,0.0,0.0,0.0
313.4756450653076,-1.591466936135221,1.9959170129978085,-0.0739375467082382,-0.006501812078471375,-0.013376220846894344,-0.5688540072787361,0.8223040323131273,0.0,0.0,0.0,0.0,0.0,0.0
313.58789467811584,-1.5828026159977586,2.0141871884495237,-0.08585467358057673,-0.007609260490666944,-0.014773254103774284,-0.5684306560551919,0.8225633345673682,0.0,0.0,0.0,0.0,0.0,0.0
313.68824076652527,-1.5900732396142678,2.002544834443606,-0.08648903776124983,-0.008746165837757301,-0.014915702642029259,-0.5693087356066983,0.8219419626468096,0.0,0.0,0.0,0.0,0.0,0.0
313.7750720977783,-1.594414771662301,1.9962549354065378,-0.09304077093058394,-0.010958568859300084,-0.014187397026647062,-0.5669623296358681,0.8235486289879834,0.0,0.0,0.0,0.0,0.0,0.0
313.88284730911255,-1.614936151714999,2.002399740683941,-0.09668459210620002,-0.009288570317203333,-0.010713628327160881,-0.5686704950026104,0.8224431948426402,0.0,0.0,0.0,0.0,0.0,0.0
313.9770233631134,-1.6245552801844767,1.9983232619276388,-0.08811707275113027,-0.009541572389373303,-0.011979348460603684,-0.5676487742050496,0.8231283756196567,0.0,0.0,0.0,0.0,0.0,0.0
314.0780689716339,-1.6203279634534755,1.9950330356066264,-0.08893205508217361,-0.00996343939457631,-0.012554255530088652,-0.5695429340472439,0.8218053095595846,0.0,0.0,0.0,0.0,0.0,0.0
314.1851906776428,-1.6185387740904225,1.991281523418462,-0.07876160095714221,-0.005266961192587539,-0.014641724717332869,-0.5679126299468774,0.8229417499215059,0.0,0.0,0.0,0.0,0.0,0.0
314.30212450027466,-1.6324654123224858,1.993475490185998,-0.08193441127661776,-0.008663658256333652,-0.013583412333827313,-0.5666463732680163,0.823803568575144,0.0,0.0,0.0,0.0,0.0,0.0
314.3744430541992,-1.6348907888821802,1.9967651014678365,-0.07942686171920083,-0.007835920461197467,-0.015378163684567736,-0.5666781642577057,0.823758440676443,0.0,0.0,0.0,0.0,0.0,0.0
314.48832726478577,-1.626818734838795,1.9961462435952235,-0.06986013880266422,-0.006009184426899857,-0.016650951670012556,-0.5669562677184365,0.8235576640440784,0.0,0.0,0.0,0.0,0.0,0.0
314.58618664741516,-1.6295842624154837,1.989099711653125,-0.06161747901749196,-0.008007391530027065,-0.013525008904590075,-0.5687641583390252,0.8223504654366459,0.0,0.0,0.0,0.0,0.0,0.0
314.68442153930664,-1.6310495786723938,1.990298070410986,-0.06311347059039736,-0.008813841928294317,-0.01393837747965703,-0.5680489387526646,0.8228295333819892,0.0,0.0,0.0,0.0,0.0,0.0
314.78694677352905,-1.62760455398863,1.9817726966884854,-0.06129596611982922,-0.0073753792795246765,-0.014431644560378347,-0.5695938900545375,0.821766470372367,0.0,0.0,0.0,0.0,0.0,0.0
314.8747978210449,-1.6211464405490315,1.9798169370919452,-0.05625493690750674,-0.006635228543038063,-0.014456913897436651,-0.5689498525914848,0.8222183630999885,0.0,0.0,0.0,0.0,0.0,0.0
314.99237155914307,-1.608793542257456,1.9795277014644723,-0.0634156863199522,-0.006169032102473489,-0.01683371564306373,-0.5687737309869219,0.8222986148594298,0.0,0.0,0.0,0.0,0.0,0.0
315.0895221233368,-1.6028006646993456,1.9741326874082636,-0.06728362819916194,-0.007278418978723041,-0.016850389219196193,-0.5706211981813908,0.8210082442864496,0.0,0.0,0.0,0.0,0.0,0.0
315.1775279045105,-1.5977934704403365,1.9732287242197606,-0.07959401746376621,-0.00844215184365982,-0.014993639816273607,-0.5699629546752621,0.8214902014845376,0.0,0.0,0.0,0.0,0.0,0.0
315.2766487598419,-1.5866345681947915,1.983004711453683,-0.07989656485728022,-0.005479816115932808,-0.01561751862389492,-0.5689874443059498,0.8221796354504924,0.0,0.0,0.0,0.0,0.0,0.0
315.37639474868774,-1.5781694117465295,1.9832142703324445,-0.09202733038903059,-0.007054468609169666,-0.015030919506881742,-0.5701848231667253,0.8213486308271915,0.0,0.0,0.0,0.0,0.0,0.0
315.4749665260315,-1.5815939660480023,1.969802142719886,-0.09636570389851724,-0.008582587353107973,-0.013972347982955302,-0.5716312044708396,0.8203468039563139,0.0,0.0,0.0,0.0,0.0,0.0
315.5846757888794,-1.5800647225073612,1.9657256151936722,-0.09099821551211663,-0.010907332811409664,-0.012166357311824057,-0.5702699826862,0.8212948049803647,0.0,0.0,0.0,0.0,0.0,0.0
315.69296884536743,-1.5744106127040873,1.9762944550258077,-0.09113203524532358,-0.0066499145895552725,-0.014849777046075145,-0.568837895804097,0.8222887029837836,0.0,0.0,0.0,0.0,0.0,0.0
315.7920756340027,-1.5822759259276014,1.991927485256561,-0.08301471743723304,-0.008569876110299782,-0.014445316057542824,-0.5680245420798296,0.8228402090700261,0.0,0.0,0.0,0.0,0.0,0.0
315.8812515735626,-1.5782770721948367,2.006775437618372,-0.07616163091120297,-0.008364612439552437,-0.013637108626620353,-0.5694383219480933,0.8218783730114417,0.0,0.0,0.0,0.0,0.0,0.0
315.99029660224915,-1.5804881227443428,2.013912037707221,-0.07819808441549575,-0.008361528980402128,-0.014065295441079904,-0.5672947729131094,0.823352228953491,0.0,0.0,0.0,0.0,0.0,0.0
316.08174872398376,-1.5889494532763593,2.0331697395300385,-0.0772030031091176,-0.00652812735358228,-0.014757923201841341,-0.5687924754318647,0.8223227512042146,0.0,0.0,0.0,0.0,0.0,0.0
316.1757855415344,-1.586835209072461,2.026731630180253,-0.07878921333620162,-0.007636275034392133,-0.01561033841174635,-0.5678680744792013,0.8229361181923581,0.0,0.0,0.0,0.0,0.0,0.0
316.2747218608856,-1.60566079003812,2.014266263462943,-0.0836214167883344,-0.00754828691509431,-0.01410825084894717,-0.567869534340591,0.8229630444864362,0.0,0.0,0.0,0.0,0.0,0.0
316.39053773880005,-1.6049864189009493,2.007609686913016,-0.08466803309282275,-0.0053656353378290726,-0.016679071822381403,-0.5670460541244887,0.8234997213250081,0.0,0.0,0.0,0.0,0.0,0.0
316.48004722595215,-1.6296417050860759,1.9974445485990304,-0.08682621649424806,-0.007144510589175693,-0.015634973577922356,-0.5676570294775383,0.8230856580298009,0.0,0.0,0.0,0.0,0.0,0.0
316.5757415294647,-1.637134686125868,1.9924536026731015,-0.07712329485387562,-0.006159482806897235,-0.014756087340878925,-0.568339132838553,0.8226390148432151,0.0,0.0,0.0,0.0,0.0,0.0
316.6913969516754,-1.634832318413855,1.9889133594284052,-0.07463195252022117,-0.00827251141909927,-0.013014379798110888,-0.5692832226845116,0.8219968393145941,0.0,0.0,0.0,0.0,0.0,0.0
316.78384613990784,-1.636772993511848,1.9822495214416653,-0.07456121329311471,-0.006056103099115945,-0.015903473982224598,-0.5700032266484901,0.821466204259685,0.0,0.0,0.0,0.0,0.0,0.0
316.87981629371643,-1.6271928904479083,1.980221727572322,-0.0781004127325871,-0.008601199723092461,-0.014505637843064334,-0.5697038951978823,0.8216769910557341,0.0,0.0,0.0,0.0,0.0,0.0
316.980126619339,-1.6299076997707214,1.9708482519188961,-0.0812100446160846,-0.00719050121129794,-0.014220708915122972,-0.5689320811271603,0.8222301108537412,0.0,0.0,0.0,0.0,0.0,0.0
317.0750913619995,-1.6254295365486915,1.9702131649387948,-0.07927539131908225,-0.005515704230090566,-0.016445382798734597,-0.5679913167931706,0.8228517426845281,0.0,0.0,0.0,0.0,0.0,0.0
317.21992540359497,-1.6235404602125751,1.9592187141088935,-0.0790354484832057,-0.005543993796945469,-0.017306092075433318,-0.5678756348161625,0.822913741951094,0.0,0.0,0.0,0.0,0.0,0.0
317.29224824905396,-1.626787899393742,1.9657365276761731,-0.07783714939851238,-0.009169515838009562,-0.012090386088851138,-0.5672682599460978,0.8233932619357541,0.0,0.0,0.0,0.0,0.0,0.0
317.38018131256104,-1.6239732215957687,1.984539617888214,-0.07253634740863207,-0.009389913663508779,-0.011916924120944392,-0.5684540202903074,0.8225751292475542,0.0,0.0,0.0,0.0,0.0,0.0
317.49018001556396,-1.6344733082440221,1.9947440686754028,-0.08136517657858054,-0.008793583789772793,-0.013089214351892198,-0.5686860642143478,0.8224034932562808,0.0,0.0,0.0,0.0,0.0,0.0
317.6082270145416,-1.6251020349773144,1.9970984059851615,-0.07371789494888051,-0.008499416414990383,-0.013584692825365117,-0.5692474619226516,0.822010062673214,0.0,0.0,0.0,0.0,0.0,0.0
317.67470932006836,-1.6168233291559113,2.003922145662489,-0.07845598925189855,-0.005644599896868159,-0.016555088250089132,-0.5683427858933413,0.8226059477465434,0.0,0.0,0.0,0.0,0.0,0.0
317.7942805290222,-1.5926751235978605,2.0123886021476136,-0.07703259205551484,-0.0061827341654328545,-0.015455278021831382,-0.5693589721360658,0.821920476097066,0.0,0.0,0.0,0.0,0.0,0.0
317.8844962120056,-1.59252948162714,2.0167913186235555,-0.08592038073422047,-0.008484140477234305,-0.014221779860798573,-0.5671508854383241,0.8234474078436557,0.0,0.0,0.0,0.0,0.0,0.0
317.97687292099,-1.591080939059582,2.0169939022540713,-0.08535127689308192,-0.010116915737438502,-0.013645908495387382,-0.567497216449486,0.823200064698333,0.0,0.0,0.0,0.0,0.0,0.0
318.0932581424713,-1.5823729552374972,2.019334912907341,-0.0796684620229233,-0.007642886326578598,-0.013537496198537984,-0.5688664735941417,0.8222829547703132,0.0,0.0,0.0,0.0,0.0,0.0
318.1769461631775,-1.5638674759479099,2.022290687872538,-0.08353446423836228,-0.00812988188669575,-0.015433702721168525,-0.5681031759434253,0.8227724395747431,0.0,0.0,0.0,0.0,0.0,0.0
318.2744438648224,-1.5695947923560607,2.0220930767853638,-0.07859107700239938,-0.009710245962273765,-0.014022246901489366,-0.5674628810095177,0.8232223067868853,0.0,0.0,0.0,0.0,0.0,0.0
318.3866732120514,-1.5620865587455006,2.0264992897605296,-0.06495861009490117,-0.006477883659250166,-0.01590224881894178,-0.5676553892526618,0.8230871852715023,0.0,0.0,0.0,0.0,0.0,0.0
318.4839518070221,-1.5489230845627113,2.0190326951519837,-0.0576889821944301,-0.004648856271624599,-0.01641419134241905,-0.5701747490934306,0.8213462838256108,0.0,0.0,0.0,0.0,0.0,0.0
318.5840837955475,-1.5691787288837271,2.00211910521158,-0.07104511777758225,-0.006796469428142153,-0.015973074482434502,-0.5686700291781432,0.8223825550249572,0.0,0.0,0.0,0.0,0.0,0.0
318.67533707618713,-1.5753080490134492,1.994503006742743,-0.07945198027710294,-0.009808942316642602,-0.013714650999646503,-0.567256075177128,0.8233688348323509,0.0,0.0,0.0,0.0,0.0,0.0
318.7738587856293,-1.5852473472727715,1.9916777792998055,-0.08629753010602156,-0.010343285406204297,-0.012667765773294334,-0.5685210103813063,0.8225061731757964,0.0,0.0,0.0,0.0,0.0,0.0
318.8958008289337,-1.5978492977345513,1.9915985917634635,-0.08681503897137995,-0.008821368609953263,-0.014325031153313591,-0.5684750060242458,0.8225285067789403,0.0,0.0,0.0,0.0,0.0,0.0
318.9836459159851,-1.5984715259604774,1.9867994925310954,-0.08480778322962752,-0.0065004613769906495,-0.016731109274967466,-0.5686008230105037,0.8224177272262856,0.0,0.0,0.0,0.0,0.0,0.0
319.0752429962158,-1.6067516236053012,1.9879185059612683,-0.07349340991707408,-0.0059874090560636285,-0.014985210457554923,-0.5686224575008079,0.8224403292799034,0.0,0.0,0.0,0.0,0.0,0.0
319.1922936439514,-1.6073513909045902,1.9884419101972814,-0.0553569051609393,-0.0029042797157446567,-0.01406702240786335,-0.5708263337679276,0.8209451752199604,0.0,0.0,0.0,0.0,0.0,0.0
319.27230954170227,-1.617752915975736,1.9847502401977692,-0.052481243841219265,-0.006010025741686121,-0.01650824143501242,-0.5691776577139405,0.8220268557136894,0.0,0.0,0.0,0.0,0.0,0.0
319.3867437839508,-1.6259655678653626,1.9811688077426695,-0.06364069317720705,-0.0051790036131431905,-0.01743334054581609,-0.5694648047547528,0.8218145123472665,0.0,0.0,0.0,0.0,0.0,0.0
319.4812526702881,-1.6257588181536893,1.9848443983256532,-0.05367964129855619,-0.003200733852288064,-0.01701177736909614,-0.5697823308336702,0.8216133215833687,0.0,0.0,0.0,0.0,0.0,0.0
319.57675433158875,-1.6315942212755463,1.986281027842394,-0.0628967810064626,-0.005260621368112362,-0.01667560440579155,-0.569827310760969,0.8215784113469634,0.0,0.0,0.0,0.0,0.0,0.0
319.69019174575806,-1.6408215879136858,1.9811352621271778,-0.061375772212534895,-0.00791666688479649,-0.0142059407736892,-0.568875531233816,0.8222628214844501,0.0,0.0,0.0,0.0,0.0,0.0
319.79190158843994,-1.648974045782508,1.9836881123102483,-0.06789706678000575,-0.007311994035718414,-0.014767855785848287,-0.5677839419508948,0.8230126611671101,0.0,0.0,0.0,0.0,0.0,0.0
319.8922851085663,-1.646944665618069,1.9920375712501548,-0.06788611035961516,-0.006367912894952173,-0.012627172375333109,-0.5699583674420626,0.821551862992167,0.0,0.0,0.0,0.0,0.0,0.0
319.97894406318665,-1.6517382590758838,1.999831300123575,-0.07560223646198917,-0.007070950456691677,-0.015288713150160888,-0.5691472862188087,0.8220630289093243,0.0,0.0,0.0,0.0,0.0,0.0
320.0751955509186,-1.6559766185222218,1.9915379089691838,-0.07559152731247289,-0.0071021866441031084,-0.015192577841456337,-0.5686166648512851,0.8224316585448065,0.0,0.0,0.0,0.0,0.0,0.0
320.17831349372864,-1.649743338771106,1.9846808408464662,-0.07696717289708761,-0.008077863103342683,-0.01421325129822852,-0.5692717660116792,0.8219868539320548,0.0,0.0,0.0,0.0,0.0,0.0
